step,req_id,mode,selected_models,executed_models,predicted_label,ground_truth_folder,is_correct,confidence,response_time_s,e2e_ms,selected_est_latency_s,success,stop_reason,qps_est,alpha,alpha_mode
1,REQ-00001,mode_s,"['vit_b_16', 'resnet101', 'resnet50']","['vit_b_16', 'resnet101', 'resnet50']",goldfish,n01443537,1,1.0,8.678001880645752,8654.378874693066,0.34656500504973836,True,mode_s_executed,0.4,0.9,adaptive
1,REQ-00000,power_of_two_choices,"['mobilenet_v3_small', 'resnet18', 'resnet34']",['resnet18'],sea_slug,n01950731,1,0.9158753156661987,1.0129330158233643,942.3005003482103,0.0879991606759677,True,early_exit_first_finished_pass=resnet18,0.2,0.9,adaptive
1,REQ-00000,sequential,"['mobilenet_v3_small', 'resnet18', 'resnet34']",['mobilenet_v3_small'],tick,n01776313,1,0.999659538269043,0.6798539161682129,658.2304169423878,0.2151285210115794,True,early_exit_first_pass=mobilenet_v3_small,0.2,0.9,adaptive
2,REQ-00000,mode_s,"['vit_b_16', 'resnet101', 'resnet50']","['vit_b_16', 'resnet101', 'resnet50']",lorikeet,n01820546,1,1.0,10.603452920913696,10582.22662517801,0.34656500504973836,True,mode_s_executed,0.2,0.9,adaptive
2,REQ-00002,power_of_two_choices,"['resnet18', 'resnet101', 'vit_b_16']",['resnet101'],macaw,n01818515,1,0.9999879598617554,0.5850303173065186,564.4261669367552,0.17843174970073822,True,early_exit_first_finished_pass=resnet101,0.6,0.9,adaptive
2,REQ-00001,sequential,"['mobilenet_v3_small', 'resnet18', 'resnet34']",['mobilenet_v3_small'],crane,n02012849,1,0.99442058801651,0.4353518486022949,337.85216696560383,0.20777841060994273,True,early_exit_first_pass=mobilenet_v3_small,0.4,0.9,adaptive
3,REQ-00002,mode_s,"['vit_b_16', 'resnet101', 'resnet50']","['vit_b_16', 'resnet101', 'resnet50']",nematode,n01930112,1,0.9101302073877259,14.62943696975708,14559.942291583866,0.366120505365347,True,mode_s_executed,0.6,0.9,adaptive
3,REQ-00001,power_of_two_choices,"['resnet34', 'resnet50', 'vit_b_16']",['resnet34'],tailed_frog,n01644900,1,0.9736623167991638,2.2542707920074463,2231.2442921102047,0.16480741855442846,True,early_exit_first_finished_pass=resnet34,0.4,0.9,adaptive
3,REQ-00002,sequential,"['mobilenet_v3_small', 'resnet18', 'resnet34']",['mobilenet_v3_small'],great_grey_owl,n01622779,1,0.9999991655349731,0.5271031856536865,451.1183751747012,0.2011531112484697,True,early_exit_first_pass=mobilenet_v3_small,0.6,0.9,adaptive
4,REQ-00003,mode_s,"['vit_b_16', 'resnet101', 'resnet50']","['vit_b_16', 'resnet101', 'resnet50']",peacock,n01806143,1,1.0,22.1741840839386,22136.529916897416,0.6498830877655388,True,mode_s_executed,0.8,0.9,adaptive
4,REQ-00004,power_of_two_choices,"['resnet18', 'vit_b_16', 'resnet34']",['resnet18'],sulphur-crested_cockatoo,n01819313,1,0.9987945556640625,0.44409608840942383,418.9782082103193,0.21425785378210757,True,early_exit_first_finished_pass=resnet18,1.0,0.9,adaptive
4,REQ-00003,sequential,"['mobilenet_v3_small', 'resnet18', 'resnet34']",['mobilenet_v3_small'],nematode,n01930112,1,0.9934852719306946,0.423814058303833,410.79329140484333,0.194904641823144,True,early_exit_first_pass=mobilenet_v3_small,0.8,0.9,adaptive
5,REQ-00004,mode_s,"['vit_b_16', 'resnet101', 'resnet50']","['vit_b_16', 'resnet101', 'resnet50']",coucal,n01824575,1,1.0,22.31376886367798,22300.412958022207,0.6498830877655388,True,mode_s_executed,1.0,0.9,adaptive
5,REQ-00006,power_of_two_choices,"['resnet18', 'resnet34', 'mobilenet_v3_small']","['resnet18', 'resnet34']",tiger_shark,n01484850,0,1.0,11.114606142044067,10935.345124918967,0.5864784584278975,True,"early_exit_aggregate_pass_after_first_batch=['resnet18', 'resnet34']",1.4,0.8644444444444445,adaptive
5,REQ-00004,sequential,"['mobilenet_v3_small', 'resnet18', 'resnet34']",['mobilenet_v3_small'],black_and_gold_garden_spider,n01773157,1,0.922681450843811,0.783524751663208,766.9412503018975,0.18915991934035084,True,early_exit_first_pass=mobilenet_v3_small,1.0,0.9,adaptive
6,REQ-00005,mode_s,"['vit_b_16', 'resnet101', 'resnet34']","['vit_b_16', 'resnet101', 'resnet34']",bald_eagle,n01614925,1,1.0,29.026798009872437,29001.396582927555,0.6498830877655389,True,mode_s_executed,1.2,0.8822222222222222,adaptive
6,REQ-00007,power_of_two_choices,"['mobilenet_v3_small', 'resnet101', 'resnet50']","['mobilenet_v3_small', 'resnet101']",horned_viper,n01756291,0,0.5590155076238613,13.784929990768433,13750.13466598466,1.20735223710057,True,deadline_stop_before_resnet50,1.6,0.8466666666666667,adaptive
6,REQ-00005,sequential,"['mobilenet_v3_small', 'resnet18', 'resnet34']","['mobilenet_v3_small', 'resnet18', 'resnet34']",magpie,n01582220,1,1.0,1.0314700603485107,1014.5494998432696,0.18915991934035084,True,ran_all,1.2,0.8822222222222222,adaptive
7,REQ-00007,mode_s,"['vit_b_16', 'resnet101', 'resnet34']","['vit_b_16', 'resnet101', 'resnet34']",goose,n01855672,1,1.0,27.997923851013184,27964.257459156215,0.9037689782011522,True,mode_s_executed,1.6,0.8466666666666667,adaptive
7,REQ-00003,power_of_two_choices,"['resnet18', 'resnet101', 'vit_b_16']","['resnet18', 'resnet101', 'vit_b_16']",sea_anemone,n01914609,1,0.6326946739813022,15.12263298034668,15100.827250164002,0.21091043156066672,True,ran_all,0.8,0.9,adaptive
7,REQ-00014,sequential,"['vit_b_16', 'resnet34', 'resnet50']",['vit_b_16'],hammerhead,n01494475,1,0.9013769030570984,0.7113590240478516,688.5566250421107,0.5459550876278366,True,early_exit_first_pass=vit_b_16,2.2,0.7933333333333333,adaptive
8,REQ-00006,mode_s,"['vit_b_16', 'resnet101', 'resnet34']","['vit_b_16', 'resnet101', 'resnet34']",wallaby,n01877812,1,1.0,33.50650095939636,33492.89633380249,0.6498830877655389,True,mode_s_executed,1.4,0.8644444444444445,adaptive
8,REQ-00009,power_of_two_choices,"['mobilenet_v3_small', 'resnet50', 'resnet34']","['mobilenet_v3_small', 'resnet50']",bulbul,n01560419,1,1.0,13.233451843261719,13171.353208832443,1.8070777169279635,True,"early_exit_aggregate_pass_after_first_batch=['mobilenet_v3_small', 'resnet50']",1.8,0.8288888888888889,adaptive
8,REQ-00009,sequential,"['mobilenet_v3_small', 'resnet18', 'resnet34']",['mobilenet_v3_small'],albatross,n02058221,1,0.9066685438156128,4.45028018951416,4192.747457884252,0.17420348370079164,True,early_exit_first_pass=mobilenet_v3_small,1.8,0.8288888888888889,adaptive
9,REQ-00009,mode_s,"['vit_b_16', 'resnet101', 'resnet50']","['vit_b_16', 'resnet101', 'resnet50']",tick,n01776313,1,1.0,34.58210873603821,34556.869083084166,1.4019938084686545,True,mode_s_executed,1.8,0.8288888888888889,adaptive
9,REQ-00008,power_of_two_choices,"['mobilenet_v3_small', 'resnet101', 'resnet50']","['mobilenet_v3_small', 'resnet101']",albatross,n02058221,1,1.0,16.412302017211914,16387.87933299318,1.710841015418308,True,"early_exit_aggregate_pass_after_first_batch=['mobilenet_v3_small', 'resnet101']",1.8,0.8288888888888889,adaptive
9,REQ-00010,sequential,"['resnet18', 'resnet34', 'vit_b_16']",['resnet18'],magpie,n01582220,1,0.9807055592536926,5.731916189193726,5574.7210420668125,0.2993422689599231,True,early_exit_first_pass=resnet18,2.0,0.8111111111111111,adaptive
10,REQ-00008,mode_s,"['vit_b_16', 'resnet101', 'resnet50']","['vit_b_16', 'resnet101', 'resnet50']",wombat,n01883070,1,1.0,35.63324308395386,35610.89274985716,0.9358472246273015,True,mode_s_executed,1.6,0.8466666666666667,adaptive
10,REQ-00011,power_of_two_choices,"['mobilenet_v3_small', 'resnet50', 'resnet34']",['mobilenet_v3_small'],great_grey_owl,n01622779,1,0.9999984502792358,15.673820972442627,15588.464250322431,3.4618450941184213,True,early_exit_first_finished_pass=mobilenet_v3_small,1.8,0.8288888888888889,adaptive
10,REQ-00017,sequential,"['vit_b_16', 'resnet101', 'resnet34']","['vit_b_16', 'resnet101']",coucal,n01824575,1,1.0,2.2260148525238037,2159.861041698605,0.6214965979587277,True,early_exit_with_aggregation_at_resnet101,2.0,0.8111111111111111,adaptive
11,REQ-00034,mode_s,"['resnet50', 'resnet34', 'resnet18']","['resnet50', 'resnet34', 'resnet18']",harvestman,n01770081,1,1.0,24.253861904144287,24238.811541348696,5.514376304575838,True,mode_s_executed,1.6,0.8466666666666667,adaptive
11,REQ-00005,power_of_two_choices,"['resnet34', 'resnet101', 'mobilenet_v3_small']","['resnet34', 'resnet101']",hammerhead,n01494475,1,0.6306982277121658,19.015824794769287,18957.798874936998,0.855247460476896,True,deadline_stop_before_mobilenet_v3_small,1.2,0.8822222222222222,adaptive
11,REQ-00012,sequential,"['resnet18', 'vit_b_16', 'resnet34']",['resnet18'],ptarmigan,n01796340,1,0.9893748760223389,5.528307199478149,5437.653915956616,0.5002755306430747,True,early_exit_first_pass=resnet18,2.2,0.7933333333333333,adaptive
12,REQ-00010,mode_s,"['vit_b_16', 'resnet101', 'resnet50']","['vit_b_16', 'resnet101', 'resnet50']",sea_slug,n01950731,1,1.0,44.56768178939819,44445.013207849115,1.4494107515208101,True,mode_s_executed,2.0,0.8111111111111111,adaptive
12,REQ-00018,power_of_two_choices,"['vit_b_16', 'resnet101', 'resnet18']",['vit_b_16'],kite,n01608432,1,0.9022970795631409,14.796263217926025,14764.731500297785,1.3210660459292771,True,early_exit_first_finished_pass=vit_b_16,3.0,0.7222222222222222,adaptive
12,REQ-00011,sequential,"['resnet18', 'vit_b_16', 'resnet34']",['resnet18'],snail,n01944390,1,0.9851770401000977,6.610283136367798,6595.086291898042,0.5002755306431247,True,early_exit_first_pass=resnet18,2.2,0.7933333333333333,adaptive
13,REQ-00035,mode_s,"['resnet50', 'resnet34', 'resnet18']","['resnet50', 'resnet34', 'resnet18']",banded_gecko,n01675722,1,1.0,31.070132970809937,31054.310291074216,5.956732584261783,True,mode_s_executed,1.6,0.8466666666666667,adaptive
13,REQ-00010,power_of_two_choices,"['mobilenet_v3_small', 'resnet50', 'resnet34']",['mobilenet_v3_small'],snail,n01944390,1,0.9254665970802307,18.26806092262268,18246.748125180602,3.500088744834638,True,early_exit_first_finished_pass=mobilenet_v3_small,1.6,0.8466666666666667,adaptive
13,REQ-00016,sequential,"['vit_b_16', 'resnet101', 'resnet34']",['vit_b_16'],banded_gecko,n01675722,1,0.9019160270690918,4.019861936569214,3995.349584147334,0.6214965979587277,True,early_exit_first_pass=vit_b_16,2.0,0.8111111111111111,adaptive
14,REQ-00036,mode_s,"['resnet34', 'resnet18', 'mobilenet_v3_small']","['resnet34', 'resnet18', 'mobilenet_v3_small']",garden_spider,n01773797,1,1.0,30.017423152923584,29967.855625320226,2.8055292567811687,True,mode_s_executed,1.6,0.8466666666666667,adaptive
14,REQ-00013,power_of_two_choices,"['mobilenet_v3_small', 'resnet50', 'resnet34']",['mobilenet_v3_small'],red-backed_sandpiper,n02027492,1,0.98676598072052,25.746398210525513,25726.822416763753,4.515895361578642,True,early_exit_first_finished_pass=mobilenet_v3_small,2.2,0.7933333333333333,adaptive
14,REQ-00013,sequential,"['resnet18', 'vit_b_16', 'resnet34']",['resnet18'],wallaby,n01877812,1,0.9959339499473572,7.99137806892395,7875.688875094056,0.500275530643058,True,early_exit_first_pass=resnet18,2.0,0.8111111111111111,adaptive
15,REQ-00012,mode_s,"['vit_b_16', 'resnet101', 'resnet50']","['vit_b_16', 'resnet101', 'resnet50']",spiny_lobster,n01984695,1,1.0,44.64356517791748,44597.98874985427,1.5690594969432223,True,mode_s_executed,1.4,0.8644444444444445,adaptive
15,REQ-00019,power_of_two_choices,"['vit_b_16', 'resnet101', 'resnet18']","['vit_b_16', 'resnet101']",terrapin,n01667778,1,1.0,25.621304035186768,25469.04587512836,1.3210660459292771,True,"early_exit_aggregate_pass_after_first_batch=['vit_b_16', 'resnet101']",3.0,0.7222222222222222,adaptive
15,REQ-00007,sequential,"['mobilenet_v3_small', 'resnet18', 'resnet34']","['mobilenet_v3_small', 'resnet18']",rock_crab,n01978455,1,0.686884958784852,11.569626092910767,11292.962166946381,0.17653600939074782,True,deadline_stop_before_resnet34,1.6,0.8466666666666667,adaptive
16,REQ-00037,mode_s,"['resnet34', 'resnet18', 'mobilenet_v3_small']","['resnet34', 'resnet18', 'mobilenet_v3_small']",spiny_lobster,n01984695,1,0.7073141881835404,31.18506407737732,31164.588666986674,2.8986732837114415,True,mode_s_executed,1.6,0.8466666666666667,adaptive
16,REQ-00024,power_of_two_choices,"['vit_b_16', 'resnet34', 'resnet18']",['vit_b_16'],sea_snake,n01751748,1,0.9448289275169373,25.264718294143677,25239.0967910178,3.4435407691363755,True,early_exit_first_finished_pass=vit_b_16,3.0,0.7222222222222222,adaptive
16,REQ-00008,sequential,"['mobilenet_v3_small', 'resnet18', 'resnet34']","['mobilenet_v3_small', 'resnet18']",wolf_spider,n01775062,1,1.0,11.686018943786621,11317.036292050034,0.17420348370079164,True,early_exit_with_aggregation_at_resnet18,1.6,0.8466666666666667,adaptive
17,REQ-00011,mode_s,"['vit_b_16', 'resnet101', 'resnet50']","['vit_b_16', 'resnet101', 'resnet50']",ptarmigan,n01796340,1,1.0,46.88077473640442,46836.630708072335,1.4849734588099266,True,mode_s_executed,1.4,0.8644444444444445,adaptive
17,REQ-00015,power_of_two_choices,"['mobilenet_v3_small', 'resnet50', 'resnet34']",['mobilenet_v3_small'],bee_eater,n01828970,1,0.9996775388717651,31.086071014404297,30975.22029094398,4.739829714638457,True,early_exit_first_finished_pass=mobilenet_v3_small,2.6,0.7577777777777778,adaptive
17,REQ-00006,sequential,"['mobilenet_v3_small', 'resnet18', 'resnet34']","['mobilenet_v3_small', 'resnet18', 'resnet34']",wolf_spider,n01775062,1,1.0,12.828406810760498,12813.924374990165,0.17653600939074782,True,ran_all,1.4,0.8644444444444445,adaptive
18,REQ-00039,mode_s,"['resnet34', 'resnet18', 'mobilenet_v3_small']","['resnet34', 'resnet18', 'mobilenet_v3_small']",water_ouzel,n01601694,1,1.0,34.049755811691284,34017.16849999502,2.9918173106417147,True,mode_s_executed,1.2,0.8822222222222222,adaptive
18,REQ-00014,power_of_two_choices,"['mobilenet_v3_small', 'resnet50', 'resnet34']","['mobilenet_v3_small', 'resnet50']",tailed_frog,n01644900,1,1.0,33.215254068374634,33178.629875183105,4.85630712318539,True,"early_exit_aggregate_pass_after_first_batch=['mobilenet_v3_small', 'resnet50']",2.4,0.7755555555555556,adaptive
18,REQ-00032,sequential,"['resnet101', 'resnet50', 'resnet34']",['resnet101'],black_swan,n01860187,1,0.9999440908432007,2.518515110015869,2462.6955408602953,0.8866784659534179,True,early_exit_first_pass=resnet101,2.6,0.7577777777777778,adaptive
19,REQ-00038,mode_s,"['resnet34', 'resnet18', 'mobilenet_v3_small']","['resnet34', 'resnet18', 'mobilenet_v3_small']",sea_snake,n01751748,1,1.0,34.71974802017212,34542.253708001226,3.0849613375719884,True,mode_s_executed,1.4,0.8644444444444445,adaptive
19,REQ-00017,power_of_two_choices,['mobilenet_v3_small'],['mobilenet_v3_small'],hermit_crab,n01986214,1,0.7533812522888184,33.17137694358826,33147.31641719118,12.169504959492457,True,ran_all,3.0,0.7222222222222222,adaptive
19,REQ-00022,sequential,"['resnet34', 'resnet50', 'vit_b_16']",['resnet34'],bustard,n02018795,1,0.937575101852417,9.54617714881897,9098.649499937892,0.9063662384031055,True,early_exit_first_pass=resnet34,2.0,0.8111111111111111,adaptive
20,REQ-00040,mode_s,"['resnet34', 'resnet18', 'mobilenet_v3_small']","['resnet34', 'resnet18', 'mobilenet_v3_small']",redshank,n02028035,1,1.0,38.088387966156006,37964.972665999085,3.1781053645022608,True,mode_s_executed,1.4,0.8644444444444445,adaptive
20,REQ-00012,power_of_two_choices,"['mobilenet_v3_small', 'resnet50', 'resnet34']","['mobilenet_v3_small', 'resnet50']",stingray,n01498041,1,1.0,34.49310302734375,34471.70150000602,3.8102396965288343,True,"early_exit_aggregate_pass_after_first_batch=['mobilenet_v3_small', 'resnet50']",2.0,0.8111111111111111,adaptive
20,REQ-00023,sequential,"['resnet34', 'resnet50', 'vit_b_16']",['resnet34'],whiptail,n01693334,0,0.5124287009239197,8.60538101196289,8358.813541941345,0.8569123597819942,True,deadline_stop_before_resnet50,1.8,0.8288888888888889,adaptive
21,REQ-00013,mode_s,"['vit_b_16', 'resnet101', 'resnet50']","['vit_b_16', 'resnet101', 'resnet50']",boa_constrictor,n01742172,1,1.0,53.36543011665344,53342.816333286464,1.7905362218967666,True,mode_s_executed,1.4,0.8644444444444445,adaptive
21,REQ-00028,power_of_two_choices,"['vit_b_16', 'resnet34', 'resnet18']",['vit_b_16'],water_ouzel,n01601694,1,0.9058651328086853,32.121866941452026,31716.53658291325,3.08458785398231,True,early_exit_first_finished_pass=vit_b_16,3.6,0.6688888888888889,adaptive
21,REQ-00015,sequential,"['vit_b_16', 'resnet101', 'resnet34']","['vit_b_16', 'resnet101']",barn_spider,n01773549,1,1.0,13.122682094573975,13106.63904203102,0.5651270366544331,True,deadline_stop_before_resnet34,2.0,0.8111111111111111,adaptive
22,REQ-00041,mode_s,"['resnet34', 'resnet18', 'mobilenet_v3_small']","['resnet34', 'resnet18', 'mobilenet_v3_small']",great_grey_owl,n01622779,1,1.0,39.083821058273315,39068.27245885506,3.2712493914325345,True,mode_s_executed,1.6,0.8466666666666667,adaptive
22,REQ-00020,power_of_two_choices,"['vit_b_16', 'resnet34', 'resnet18']","['vit_b_16', 'resnet34']",red-breasted_merganser,n02037110,0,0.5896592467900048,34.859633922576904,34831.41733286902,4.8150717866070325,True,deadline_stop_before_resnet18,2.6,0.7577777777777778,adaptive
22,REQ-00021,sequential,"['resnet50', 'vit_b_16', 'resnet101']",['resnet50'],chambered_nautilus,n01968897,1,0.9999954700469971,10.86194896697998,10725.34624999389,0.6189251838298034,True,early_exit_first_pass=resnet50,1.8,0.8288888888888889,adaptive
23,REQ-00043,mode_s,"['resnet34', 'resnet18', 'mobilenet_v3_small']","['resnet34', 'resnet18', 'mobilenet_v3_small']",banded_gecko,n01675722,1,1.0,38.29482889175415,38271.3543754071,3.8000038072418145,True,mode_s_executed,1.8,0.8288888888888889,adaptive
23,REQ-00021,power_of_two_choices,"['vit_b_16', 'resnet34', 'resnet18']","['vit_b_16', 'resnet34']",goldfinch,n01531178,1,1.0,34.81740736961365,34696.690000128,4.253803304516503,True,"early_exit_aggregate_pass_after_first_batch=['vit_b_16', 'resnet34']",2.8,0.74,adaptive
23,REQ-00024,sequential,"['resnet34', 'resnet101', 'resnet50']",['resnet34'],wombat,n01883070,1,0.99894779920578,9.890202760696411,9748.554625082761,0.8302834977079837,True,early_exit_first_pass=resnet34,2.0,0.8111111111111111,adaptive
24,REQ-00042,mode_s,"['resnet34', 'resnet18', 'mobilenet_v3_small']","['resnet34', 'resnet18', 'mobilenet_v3_small']",nematode,n01930112,1,0.7585126281890896,39.32949614524841,39314.39037481323,3.364393418362808,True,mode_s_executed,1.8,0.8288888888888889,adaptive
24,REQ-00023,power_of_two_choices,"['vit_b_16', 'resnet34', 'resnet18']","['vit_b_16', 'resnet34']",lorikeet,n01820546,1,1.0,36.84319806098938,36826.46887516603,3.6360837515155047,True,"early_exit_aggregate_pass_after_first_batch=['vit_b_16', 'resnet34']",2.8,0.74,adaptive
24,REQ-00019,sequential,"['vit_b_16', 'resnet101', 'resnet34']","['vit_b_16', 'resnet101']",garden_spider,n01773797,1,1.0,12.069494009017944,12048.62045776099,0.7142750003322044,True,deadline_stop_before_resnet34,1.6,0.8466666666666667,adaptive
25,REQ-00014,mode_s,"['vit_b_16', 'resnet101', 'resnet50']","['vit_b_16', 'resnet101', 'resnet50']",red-backed_sandpiper,n02027492,1,1.0,55.65755915641785,55640.126791317016,1.9231760388592565,True,mode_s_executed,1.4,0.8644444444444445,adaptive
25,REQ-00030,power_of_two_choices,"['vit_b_16', 'resnet34', 'resnet18']",['vit_b_16'],chiton,n01955084,1,0.901211678981781,32.951987981796265,32919.40883407369,2.8806833158761247,True,early_exit_first_finished_pass=vit_b_16,2.0,0.8111111111111111,adaptive
25,REQ-00018,sequential,"['vit_b_16', 'resnet101', 'resnet34']","['vit_b_16', 'resnet101']",hornbill,n01829413,1,1.0,13.429879903793335,13396.546083968133,0.6506203306952241,True,early_exit_with_aggregation_at_resnet101,1.6,0.8466666666666667,adaptive
26,REQ-00015,mode_s,"['vit_b_16', 'resnet101', 'resnet50']","['vit_b_16', 'resnet101', 'resnet50']",chiton,n01955084,1,1.0,56.52561902999878,56511.05787511915,2.01160258350092,True,mode_s_executed,1.6,0.8466666666666667,adaptive
26,REQ-00022,power_of_two_choices,"['vit_b_16', 'resnet34', 'resnet18']","['vit_b_16', 'resnet34']",sea_slug,n01950731,1,1.0,39.404515981674194,39203.97920766845,4.26171335145542,True,"early_exit_aggregate_pass_after_first_batch=['vit_b_16', 'resnet34']",3.0,0.7222222222222222,adaptive
26,REQ-00020,sequential,"['vit_b_16', 'resnet101', 'resnet34']","['vit_b_16', 'resnet101']",albatross,n02058221,1,1.0,12.372113227844238,12294.517583679408,0.7331327044002791,True,early_exit_with_aggregation_at_resnet101,1.6,0.8466666666666667,adaptive
27,REQ-00045,mode_s,"['resnet18', 'mobilenet_v3_small']","['resnet18', 'mobilenet_v3_small']",lorikeet,n01820546,1,1.0,38.04444694519043,38018.470332957804,2.4264634071677205,True,mode_s_executed,1.0,0.9,adaptive
27,REQ-00016,power_of_two_choices,"['resnet18', 'resnet50']","['resnet18', 'resnet50']",terrapin,n01667778,1,1.0,41.619664907455444,41514.53245803714,5.756886902072947,True,"early_exit_aggregate_pass_after_first_batch=['resnet18', 'resnet50']",2.8,0.74,adaptive
27,REQ-00026,sequential,"['resnet34', 'resnet101', 'resnet50']",['resnet34'],lorikeet,n01820546,1,0.9979857206344604,11.542804956436157,11505.602749995887,0.8190497001487936,True,early_exit_first_pass=resnet34,2.4,0.7755555555555556,adaptive
28,REQ-00044,mode_s,"['resnet18', 'mobilenet_v3_small']","['resnet18', 'mobilenet_v3_small']",kite,n01608432,1,1.0,41.008098125457764,40986.779207829386,2.594508397028866,True,mode_s_executed,1.8,0.8288888888888889,adaptive
28,REQ-00025,power_of_two_choices,"['vit_b_16', 'resnet34', 'resnet18']","['vit_b_16', 'resnet34']",redshank,n02028035,1,1.0,43.15245795249939,43033.502500038594,3.295542904383479,True,"early_exit_aggregate_pass_after_first_batch=['vit_b_16', 'resnet34']",3.2,0.7044444444444444,adaptive
28,REQ-00029,sequential,"['resnet34', 'resnet101', 'resnet50']",['resnet34'],komodo_dragon,n01695060,1,0.9278885722160339,10.944937944412231,10925.80712493509,0.8021990038100222,True,early_exit_first_pass=resnet34,2.4,0.7755555555555556,adaptive
29,REQ-00047,mode_s,"['resnet18', 'mobilenet_v3_small']","['resnet18', 'mobilenet_v3_small']",flamingo,n02007558,1,1.0,38.794392824172974,38773.81608309224,2.4588862118253902,True,mode_s_executed,1.4,0.8644444444444445,adaptive
29,REQ-00026,power_of_two_choices,"['vit_b_16', 'resnet34', 'resnet18']","['vit_b_16', 'resnet34']",indigo_bunting,n01537544,1,1.0,44.505051136016846,44484.109584242105,3.1787266219689445,True,"early_exit_aggregate_pass_after_first_batch=['vit_b_16', 'resnet34']",3.4,0.6866666666666666,adaptive
29,REQ-00046,sequential,"['vit_b_16', 'resnet50', 'mobilenet_v3_small']",['vit_b_16'],redshank,n02028035,1,0.9032116532325745,1.5488619804382324,1337.4015842564404,2.176681266075424,True,early_exit_first_pass=vit_b_16,1.8,0.8288888888888889,adaptive
30,REQ-00049,mode_s,"['resnet18', 'mobilenet_v3_small']","['resnet18', 'mobilenet_v3_small']",garter_snake,n01735189,1,1.0,37.87341094017029,37855.65087478608,2.49130901648306,True,mode_s_executed,1.2,0.8822222222222222,adaptive
30,REQ-00027,power_of_two_choices,"['vit_b_16', 'resnet34', 'resnet18']","['vit_b_16', 'resnet34']",flatworm,n01924916,1,1.0,49.74640989303589,49581.369374878705,3.08458785398231,True,"early_exit_aggregate_pass_after_first_batch=['vit_b_16', 'resnet34']",3.6,0.6688888888888889,adaptive
30,REQ-00025,sequential,"['resnet34', 'resnet101', 'resnet50']",['resnet34'],sea_anemone,n01914609,1,0.9444320797920227,13.491537809371948,13459.970332682133,0.8232623742334898,True,early_exit_first_pass=resnet34,2.2,0.7933333333333333,adaptive
31,REQ-00046,mode_s,"['resnet18', 'mobilenet_v3_small']","['resnet18', 'mobilenet_v3_small']",sea_slug,n01950731,1,1.0,40.41096615791321,40391.72966685146,2.4426748094965554,True,mode_s_executed,1.2,0.8822222222222222,adaptive
31,REQ-00029,power_of_two_choices,"['vit_b_16', 'resnet34', 'resnet18']","['vit_b_16', 'resnet34']",oystercatcher,n02037110,1,1.0,50.204211950302124,49665.7147500664,2.923110353703964,True,"early_exit_aggregate_pass_after_first_batch=['vit_b_16', 'resnet34']",3.4,0.6866666666666666,adaptive
31,REQ-00027,sequential,"['resnet34', 'resnet101', 'resnet50']",['resnet34'],wolf_spider,n01775062,1,0.9645914435386658,12.834191799163818,12814.171000383794,0.816241250758996,True,early_exit_first_pass=resnet34,2.4,0.7755555555555556,adaptive
32,REQ-00016,mode_s,"['vit_b_16', 'resnet101', 'resnet34']","['vit_b_16', 'resnet101', 'resnet34']",thunder_snake,n01728572,1,1.0,59.20789194107056,59188.289042096585,2.981913405919597,True,mode_s_executed,1.2,0.8822222222222222,adaptive
32,REQ-00039,power_of_two_choices,"['resnet101', 'resnet34', 'resnet18']",['resnet101'],drake,n01847000,1,0.9973860383033752,38.48133707046509,38461.58379083499,2.989640992602706,True,early_exit_first_finished_pass=resnet101,0.6,0.9,adaptive
32,REQ-00028,sequential,"['resnet34', 'resnet101', 'resnet50']",['resnet34'],sea_slug,n01950731,1,0.9191992878913879,14.548101902008057,14489.698042161763,0.8142352154805693,True,early_exit_first_pass=resnet34,2.4,0.7755555555555556,adaptive
33,REQ-00052,mode_s,"['resnet18', 'mobilenet_v3_small']","['resnet18', 'mobilenet_v3_small']",green_snake,n01729977,1,1.0,40.57059097290039,40245.90829201043,2.5399432234695647,True,mode_s_executed,1.8,0.8288888888888889,adaptive
33,REQ-00033,power_of_two_choices,"['vit_b_16', 'resnet34', 'resnet18']","['vit_b_16', 'resnet34']",ant,n01776313,0,0.56993397441668,47.72613310813904,47599.26083404571,2.8362826805077685,True,deadline_stop_before_resnet18,1.4,0.8644444444444445,adaptive
33,REQ-00034,sequential,"['resnet50', 'resnet34', 'mobilenet_v3_small']",['resnet50'],black_widow,n01774384,1,0.990741491317749,11.240115880966187,11147.893957793713,1.0335458576034449,True,early_exit_first_pass=resnet50,2.0,0.8111111111111111,adaptive
34,REQ-00050,mode_s,"['resnet18', 'mobilenet_v3_small']","['resnet18', 'mobilenet_v3_small']",tick,n01776313,1,0.7597165376053397,41.22393083572388,41180.32450042665,2.507520418811895,True,mode_s_executed,1.4,0.8644444444444445,adaptive
34,REQ-00037,power_of_two_choices,"['resnet101', 'resnet34', 'resnet18']",['resnet101'],stingray,n01498041,1,0.9657591581344604,41.52028489112854,41505.579584278166,2.866927864827045,True,early_exit_first_finished_pass=resnet101,0.8,0.9,adaptive
34,REQ-00051,sequential,"['vit_b_16', 'resnet50', 'mobilenet_v3_small']",['vit_b_16'],tick,n01776313,1,0.9013366103172302,0.9767727851867676,892.8429577499628,2.1392435612119245,True,early_exit_first_pass=vit_b_16,1.8,0.8288888888888889,adaptive
35,REQ-00048,mode_s,"['resnet18', 'mobilenet_v3_small']","['resnet18', 'mobilenet_v3_small']",axolotl,n01632777,1,1.0,42.17082500457764,42151.80854173377,2.475097614154225,True,mode_s_executed,1.2,0.8822222222222222,adaptive
35,REQ-00031,power_of_two_choices,"['vit_b_16', 'resnet34', 'resnet18']","['vit_b_16', 'resnet34']",drake,n01847000,1,1.0,50.8644757270813,50844.79962475598,2.835139221663562,True,"early_exit_aggregate_pass_after_first_batch=['vit_b_16', 'resnet34']",1.8,0.8288888888888889,adaptive
35,REQ-00052,sequential,"['vit_b_16', 'resnet50', 'mobilenet_v3_small']",['vit_b_16'],rock_crab,n01978455,1,0.9438899755477905,0.6019220352172852,567.347917240113,2.018976944387212,True,early_exit_first_pass=vit_b_16,1.0,0.9,adaptive
36,REQ-00053,mode_s,"['resnet18', 'mobilenet_v3_small']","['resnet18', 'mobilenet_v3_small']",black_grouse,n01795545,1,1.0,41.193918228149414,41159.677292220294,2.5561546257983996,True,mode_s_executed,1.8,0.8288888888888889,adaptive
36,REQ-00035,power_of_two_choices,"['vit_b_16', 'resnet34', 'resnet18']","['vit_b_16', 'resnet34']",hermit_crab,n01986214,1,1.0,46.733070850372314,46643.01654230803,2.368983174854759,True,"early_exit_aggregate_pass_after_first_batch=['vit_b_16', 'resnet34']",1.2,0.8822222222222222,adaptive
36,REQ-00053,sequential,"['vit_b_16', 'resnet50', 'mobilenet_v3_small']",['vit_b_16'],indigo_bunting,n01537544,1,0.901160478591919,0.4820840358734131,462.42470806464553,1.90889939641218,True,early_exit_first_pass=vit_b_16,1.0,0.9,adaptive
37,REQ-00051,mode_s,"['resnet18', 'mobilenet_v3_small']","['resnet18', 'mobilenet_v3_small']",sidewinder,n01753488,0,0.5512814932906095,41.91748523712158,41635.59883274138,2.5237318211407294,True,mode_s_executed,1.6,0.8466666666666667,adaptive
37,REQ-00034,power_of_two_choices,"['vit_b_16', 'resnet34', 'resnet18']","['vit_b_16', 'resnet34']",black_grouse,n01795545,1,1.0,46.82135081291199,46797.789209056646,2.328977389441926,True,"early_exit_aggregate_pass_after_first_batch=['vit_b_16', 'resnet34']",1.0,0.9,adaptive
37,REQ-00031,sequential,"['resnet34', 'resnet101', 'resnet50']",['resnet34'],drake,n01847000,1,0.781158983707428,16.53282594680786,16363.151833880693,0.8021990038100222,True,deadline_stop_before_resnet101,2.6,0.7577777777777778,adaptive
38,REQ-00055,mode_s,"['resnet18', 'mobilenet_v3_small']","['resnet18', 'mobilenet_v3_small']",conch,n01943899,1,1.0,42.6624960899353,42617.49899992719,2.527158633059409,True,mode_s_executed,2.2,0.7933333333333333,adaptive
38,REQ-00032,power_of_two_choices,"['vit_b_16', 'resnet34', 'resnet18']","['vit_b_16', 'resnet34']",spotted_salamander,n01632458,1,1.0,50.56640601158142,50541.88616666943,2.7962768950949353,True,"early_exit_aggregate_pass_after_first_batch=['vit_b_16', 'resnet34']",1.2,0.8822222222222222,adaptive
38,REQ-00030,sequential,"['resnet34', 'resnet101', 'resnet50']",['resnet34'],hognose_snake,n01729322,1,0.6627785563468933,16.88449215888977,16745.487082749605,0.8021990038100206,True,deadline_stop_before_resnet101,2.6,0.7577777777777778,adaptive
39,REQ-00017,mode_s,"['vit_b_16', 'resnet101', 'resnet34']","['vit_b_16', 'resnet101', 'resnet34']",green_snake,n01729977,1,1.0,63.598588943481445,63494.54116681591,3.209063977240633,True,mode_s_executed,1.4,0.8644444444444445,adaptive
39,REQ-00038,power_of_two_choices,"['resnet101', 'resnet34', 'resnet18']","['resnet101', 'resnet34']",hog,n01883070,0,0.5060060398914605,42.63940787315369,42617.82566597685,2.879191397980904,True,deadline_stop_before_resnet18,0.6,0.9,adaptive
39,REQ-00033,sequential,"['resnet50', 'resnet34', 'resnet101']",['resnet50'],spiny_lobster,n01984695,1,0.9824573397636414,17.800147771835327,17768.157582730055,1.013464664587104,True,early_exit_first_pass=resnet50,2.2,0.7933333333333333,adaptive
40,REQ-00054,mode_s,"['resnet18', 'mobilenet_v3_small']","['resnet18', 'mobilenet_v3_small']",agama,n01687978,1,1.0,44.38736391067505,44293.59337501228,2.5109472307305745,True,mode_s_executed,2.0,0.8111111111111111,adaptive
40,REQ-00036,power_of_two_choices,"['vit_b_16', 'resnet34', 'resnet18']","['vit_b_16', 'resnet34']",wallaby,n01877812,1,1.0,52.46855902671814,52440.25995908305,2.4248090541454266,True,"early_exit_aggregate_pass_after_first_batch=['vit_b_16', 'resnet34']",1.2,0.8822222222222222,adaptive
40,REQ-00035,sequential,"['resnet50', 'resnet34', 'mobilenet_v3_small']",['resnet50'],diamondback,n01755581,1,0.9992719292640686,16.953886032104492,16929.3377911672,1.043347585294838,True,early_exit_first_pass=resnet50,2.0,0.8111111111111111,adaptive
41,REQ-00059,mode_s,"['resnet18', 'mobilenet_v3_small']","['resnet18', 'mobilenet_v3_small']",nematode,n01930112,1,1.0,40.567554235458374,40549.34179177508,2.407747850184768,True,mode_s_executed,1.8,0.8288888888888889,adaptive
41,REQ-00041,power_of_two_choices,"['resnet101', 'resnet34', 'resnet18']",['resnet34'],lorikeet,n01820546,1,0.9106374979019165,44.35711693763733,44335.81108273938,3.1259910661870727,True,early_exit_first_finished_pass=resnet34,1.0,0.9,adaptive
41,REQ-00036,sequential,"['resnet50', 'resnet34', 'mobilenet_v3_small']",['resnet50'],rock_crab,n01978455,1,0.6266074776649475,16.393386125564575,16380.878708790988,1.0511889674479522,True,deadline_stop_before_resnet34,1.6,0.8466666666666667,adaptive
42,REQ-00018,mode_s,"['vit_b_16', 'resnet101', 'resnet34']","['vit_b_16', 'resnet101', 'resnet34']",peacock,n01806143,1,1.0,65.1804461479187,65163.94287487492,3.4362145485616686,True,mode_s_executed,1.4,0.8644444444444445,adaptive
42,REQ-00040,power_of_two_choices,"['resnet101', 'resnet34', 'resnet18']",['resnet34'],dungeness_crab,n01978287,1,0.9290065765380859,47.29762101173401,47272.755624726415,3.1000905872245093,True,early_exit_first_finished_pass=resnet34,0.8,0.9,adaptive
42,REQ-00040,sequential,"['resnet50', 'vit_b_16', 'mobilenet_v3_small']",['resnet50'],barn_spider,n01773549,1,0.5950301885604858,14.413057088851929,14355.287624988705,2.047300030467112,True,deadline_stop_before_vit_b_16,1.4,0.8644444444444445,adaptive
43,REQ-00057,mode_s,"['resnet18', 'mobilenet_v3_small']","['resnet18', 'mobilenet_v3_small']",scorpion,n01770393,1,0.8884876512001874,43.94915318489075,43919.76041579619,2.4367438429237582,True,mode_s_executed,2.0,0.8111111111111111,adaptive
43,REQ-00042,power_of_two_choices,"['resnet101', 'resnet34', 'resnet18']",['resnet34'],axolotl,n01632777,1,0.9993895292282104,42.31032395362854,42292.913750279695,4.1257187369019075,True,early_exit_first_finished_pass=resnet34,0.4,0.9,adaptive
43,REQ-00041,sequential,"['resnet50', 'vit_b_16', 'mobilenet_v3_small']",['resnet50'],mud_turtle,n01667114,1,0.6418395638465881,15.672987937927246,15647.378582973033,2.116621267088284,True,deadline_stop_before_vit_b_16,1.4,0.8644444444444445,adaptive
44,REQ-00056,mode_s,"['resnet18', 'mobilenet_v3_small']","['resnet18', 'mobilenet_v3_small']",leatherback_turtle,n01665541,1,1.0,44.818021059036255,44792.2534593381,2.481951237991584,True,mode_s_executed,2.4,0.7755555555555556,adaptive
44,REQ-00043,power_of_two_choices,"['resnet101', 'resnet34', 'resnet18']",['resnet34'],bald_eagle,n01614925,1,0.9982824325561523,43.058706760406494,42997.53383407369,4.294282868255575,True,early_exit_first_finished_pass=resnet34,0.6,0.9,adaptive
44,REQ-00039,sequential,"['resnet50', 'mobilenet_v3_small', 'vit_b_16']",['resnet50'],mud_turtle,n01667114,1,0.5882741212844849,16.125890731811523,16089.136083144695,1.9576695694740671,True,deadline_stop_before_mobilenet_v3_small,1.2,0.8822222222222222,adaptive
45,REQ-00062,mode_s,"['resnet34', 'resnet18', 'mobilenet_v3_small']","['resnet34', 'resnet18', 'mobilenet_v3_small']",hummingbird,n01833805,1,1.0,37.933737993240356,37905.57958371937,4.74032901561749,True,mode_s_executed,0.6,0.9,adaptive
45,REQ-00047,power_of_two_choices,"['resnet34', 'resnet18', 'resnet101']","['resnet18', 'resnet34']",flatworm,n01950731,0,0.527742457426088,43.95340394973755,43935.377958696336,5.143902003199776,True,deadline_stop_before_resnet101,1.2,0.8822222222222222,adaptive
45,REQ-00037,sequential,"['resnet50', 'resnet34', 'mobilenet_v3_small']",['resnet50'],great_white_shark,n01484850,1,0.9992967844009399,21.09915018081665,21077.579458244145,1.0576046437550461,True,early_exit_first_pass=resnet50,1.8,0.8288888888888889,adaptive
46,REQ-00058,mode_s,"['resnet18', 'mobilenet_v3_small']","['resnet18', 'mobilenet_v3_small']",bald_eagle,n01614925,1,1.0,45.53524208068848,45511.00887497887,2.4529552452525936,True,mode_s_executed,2.2,0.7933333333333333,adaptive
46,REQ-00048,power_of_two_choices,"['resnet34', 'resnet18', 'resnet101']","['resnet34', 'resnet18']",loggerhead,n01664065,1,1.0,44.01421809196472,43937.52933293581,5.25884699164672,True,"early_exit_aggregate_pass_after_first_batch=['resnet34', 'resnet18']",1.4,0.8644444444444445,adaptive
46,REQ-00042,sequential,"['resnet50', 'vit_b_16', 'mobilenet_v3_small']",['resnet50'],green_lizard,n01693334,1,0.8852230310440063,18.975268125534058,18928.139249794185,2.174388964272594,True,deadline_stop_before_vit_b_16,1.6,0.8466666666666667,adaptive
47,REQ-00060,mode_s,"['resnet18', 'mobilenet_v3_small']","['resnet18', 'mobilenet_v3_small']",american_alligator,n01698640,1,0.7588093648128847,43.64484119415283,43567.365542054176,2.2719518803459886,True,mode_s_executed,1.0,0.9,adaptive
47,REQ-00045,power_of_two_choices,"['resnet101', 'resnet34', 'resnet18']",['resnet34'],black_widow,n01774384,1,0.9578279256820679,47.32577586174011,47302.91508324444,4.590856619346114,True,early_exit_first_finished_pass=resnet34,1.0,0.9,adaptive
47,REQ-00038,sequential,"['resnet50', 'mobilenet_v3_small', 'vit_b_16']",['resnet50'],agama,n01687978,1,0.9999258518218994,21.644407033920288,21319.01437509805,1.1680989223186937,True,early_exit_first_pass=resnet50,1.4,0.8644444444444445,adaptive
48,REQ-00061,mode_s,"['resnet18', 'mobilenet_v3_small']","['resnet18', 'mobilenet_v3_small']",wallaby,n01877812,1,1.0,43.042377948760986,42978.10429194942,2.230180249435272,True,mode_s_executed,1.0,0.9,adaptive
48,REQ-00046,power_of_two_choices,"['resnet101', 'resnet34', 'resnet18']",['resnet34'],white_stork,n02002556,1,0.9980806112289429,46.46860313415527,46448.81012476981,4.666333115923364,True,early_exit_first_finished_pass=resnet34,1.2,0.8822222222222222,adaptive
48,REQ-00045,sequential,"['vit_b_16', 'resnet50', 'mobilenet_v3_small']","['vit_b_16', 'resnet50']",tiger_shark,n01491361,1,1.0,19.726882696151733,19706.219875253737,2.160082784053076,True,early_exit_with_aggregation_at_resnet50,1.6,0.8466666666666667,adaptive
49,REQ-00064,mode_s,"['resnet34', 'resnet18', 'mobilenet_v3_small']","['resnet34', 'resnet18', 'mobilenet_v3_small']",indigo_bunting,n01537544,1,1.0,41.504449129104614,41484.32154208422,5.335049244541811,True,mode_s_executed,1.0,0.9,adaptive
49,REQ-00044,power_of_two_choices,"['resnet101', 'resnet34', 'resnet18']",['resnet34'],hen,n01514859,1,0.9818374514579773,47.752609968185425,47725.99941631779,4.422292487992447,True,early_exit_first_finished_pass=resnet34,0.8,0.9,adaptive
49,REQ-00049,sequential,"['vit_b_16', 'resnet50', 'mobilenet_v3_small']","['vit_b_16', 'resnet50']",hammerhead,n01494475,1,1.0,17.954428911209106,17932.779875118285,2.0295963142438476,True,deadline_stop_before_mobilenet_v3_small,2.2,0.7933333333333333,adaptive
50,REQ-00065,mode_s,"['resnet18', 'mobilenet_v3_small']","['resnet18', 'mobilenet_v3_small']",black_widow,n01774384,1,1.0,42.17564392089844,42149.39733268693,2.773203572551522,True,mode_s_executed,1.2,0.8822222222222222,adaptive
50,REQ-00050,power_of_two_choices,"['resnet34', 'resnet18', 'resnet101']","['resnet18', 'resnet34']",goose,n02018207,0,1.0,49.076111793518066,49056.001792196184,4.875149820228707,True,"early_exit_aggregate_pass_after_first_batch=['resnet18', 'resnet34']",1.8,0.8288888888888889,adaptive
50,REQ-00069,sequential,"['vit_b_16', 'resnet101', 'mobilenet_v3_small']","['vit_b_16', 'resnet101']",ptarmigan,n01796340,1,1.0,2.5081751346588135,2476.3727909885347,3.210022383362905,True,early_exit_with_aggregation_at_resnet101,1.4,0.8644444444444445,adaptive
51,REQ-00066,mode_s,"['resnet18', 'mobilenet_v3_small']","['resnet18', 'mobilenet_v3_small']",goldfinch,n01531178,1,1.0,42.420164823532104,42395.55791625753,2.813900116769485,True,mode_s_executed,1.2,0.8822222222222222,adaptive
51,REQ-00051,power_of_two_choices,"['resnet34', 'resnet18', 'resnet101']",['resnet18'],tench,n01440764,1,0.9986384510993958,48.525646924972534,48502.34862463549,4.987359896418728,True,early_exit_first_finished_pass=resnet18,1.2,0.8822222222222222,adaptive
51,REQ-00043,sequential,"['resnet50', 'vit_b_16', 'mobilenet_v3_small']",['resnet50'],dungeness_crab,n01978287,1,0.8651798367500305,22.871613025665283,22851.91991692409,2.275754420911782,True,deadline_stop_before_vit_b_16,1.6,0.8466666666666667,adaptive
52,REQ-00063,mode_s,"['resnet34', 'resnet18', 'mobilenet_v3_small']","['resnet34', 'resnet18', 'mobilenet_v3_small']",green_mamba,n01749939,1,1.0,44.279428005218506,44195.2941250056,5.037689130079651,True,mode_s_executed,0.8,0.9,adaptive
52,REQ-00053,power_of_two_choices,"['resnet34', 'resnet18', 'resnet101']","['resnet18', 'resnet34']",african_crocodile,n01978455,0,0.8242150659137208,49.3112850189209,49287.52474999055,4.641924575625139,True,deadline_stop_before_resnet101,1.4,0.8644444444444445,adaptive
52,REQ-00071,sequential,"['vit_b_16', 'resnet101', 'mobilenet_v3_small']","['vit_b_16', 'resnet101']",great_grey_owl,n01622779,1,1.0,0.9022178649902344,887.2288330458105,3.0658300703061765,True,early_exit_with_aggregation_at_resnet101,0.8,0.9,adaptive
53,REQ-00019,mode_s,"['vit_b_16', 'resnet101', 'resnet34']","['vit_b_16', 'resnet101', 'resnet34']",boa_constrictor,n01742172,1,0.7053091655670265,74.85338687896729,74767.22583314404,3.6633651198827044,True,mode_s_executed,1.6,0.8466666666666667,adaptive
53,REQ-00049,power_of_two_choices,"['resnet101', 'resnet18', 'mobilenet_v3_small']","['resnet18', 'resnet101']",horned_viper,n01756291,0,1.0,55.04112720489502,55020.48491733149,5.385621395378754,True,"early_exit_aggregate_pass_after_first_batch=['resnet18', 'resnet101']",1.6,0.8466666666666667,adaptive
53,REQ-00047,sequential,"['vit_b_16', 'resnet50', 'mobilenet_v3_small']","['vit_b_16', 'resnet50']",black_and_gold_garden_spider,n01773157,1,1.0,21.936426162719727,21918.92374958843,2.0593027376657034,True,deadline_stop_before_mobilenet_v3_small,2.0,0.8111111111111111,adaptive
54,REQ-00020,mode_s,"['vit_b_16', 'resnet101', 'resnet34']","['vit_b_16', 'resnet101', 'resnet34']",barn_spider,n01773549,1,1.0,74.1977961063385,74174.42812491208,3.89051569120374,True,mode_s_executed,1.6,0.8466666666666667,adaptive
54,REQ-00054,power_of_two_choices,"['resnet34', 'resnet18', 'mobilenet_v3_small']",['resnet18'],water_ouzel,n01601694,1,0.9991102814674377,49.44908785820007,49278.518999926746,4.170214139069497,True,early_exit_first_finished_pass=resnet18,0.8,0.9,adaptive
54,REQ-00058,sequential,"['mobilenet_v3_small', 'resnet18', 'resnet101']",['mobilenet_v3_small'],mud_turtle,n01667114,1,0.6105866432189941,13.94103479385376,13698.142291046679,3.559129813472422,True,deadline_stop_before_resnet18,1.4,0.8644444444444445,adaptive
55,REQ-00069,mode_s,"['resnet18', 'mobilenet_v3_small']","['resnet18', 'mobilenet_v3_small']",scorpion,n01770393,1,1.0,43.216917991638184,43041.94362508133,3.181536878153398,True,mode_s_executed,1.6,0.8466666666666667,adaptive
55,REQ-00052,power_of_two_choices,"['resnet34', 'resnet18', 'resnet101']","['resnet18', 'resnet34']",hognose_snake,n01729322,1,1.0,52.13924503326416,52113.640250172466,4.526979587178195,True,"early_exit_aggregate_pass_after_first_batch=['resnet18', 'resnet34']",1.2,0.8822222222222222,adaptive
55,REQ-00059,sequential,"['mobilenet_v3_small', 'resnet18', 'resnet101']",['mobilenet_v3_small'],diamondback,n01755581,1,0.29043900966644287,13.617073059082031,13601.212917361408,3.5678092179926684,True,deadline_stop_before_resnet18,1.4,0.8644444444444445,adaptive
56,REQ-00021,mode_s,"['vit_b_16', 'resnet101', 'resnet34']","['vit_b_16', 'resnet101', 'resnet34']",albatross,n02058221,1,0.6563149390423082,76.155592918396,76127.11891718209,4.117666262524776,True,mode_s_executed,1.8,0.8288888888888889,adaptive
56,REQ-00055,power_of_two_choices,"['resnet18', 'resnet101', 'resnet50']","['resnet101', 'resnet18']",wallaby,n01877812,1,1.0,49.27832913398743,49263.48958397284,3.8849142375344585,True,"early_exit_aggregate_pass_after_first_batch=['resnet101', 'resnet18']",1.0,0.9,adaptive
56,REQ-00072,sequential,"['vit_b_16', 'resnet101', 'mobilenet_v3_small']","['vit_b_16', 'resnet101']",agama,n01687978,1,1.0,1.653874158859253,1637.6697081141174,2.7989234999881587,True,early_exit_with_aggregation_at_resnet101,1.0,0.9,adaptive
57,REQ-00067,mode_s,"['resnet34', 'resnet18', 'mobilenet_v3_small']","['resnet34', 'resnet18', 'mobilenet_v3_small']",horned_viper,n01756291,0,0.7054579423478143,46.09907913208008,46073.88170808554,5.124324756320801,True,mode_s_executed,1.2,0.8822222222222222,adaptive
57,REQ-00056,power_of_two_choices,"['resnet18', 'resnet101', 'resnet50']",['resnet18'],komodo_dragon,n01695060,1,0.9332034587860107,48.61205196380615,48596.08716703951,3.9353924283797928,True,early_exit_first_finished_pass=resnet18,0.8,0.9,adaptive
57,REQ-00044,sequential,"['vit_b_16', 'resnet50', 'mobilenet_v3_small']","['vit_b_16', 'resnet50']",garter_snake,n01735189,1,1.0,25.175447940826416,25153.473666869104,2.313367852969502,True,deadline_stop_before_mobilenet_v3_small,1.6,0.8466666666666667,adaptive
58,REQ-00068,mode_s,"['resnet34', 'resnet18', 'mobilenet_v3_small']","['resnet34', 'resnet18', 'mobilenet_v3_small']",green_snake,n01729977,1,1.0,46.41645383834839,46331.27445820719,5.941345917871985,True,mode_s_executed,1.4,0.8644444444444445,adaptive
58,REQ-00059,power_of_two_choices,"['resnet18', 'resnet50', 'resnet101']",['resnet18'],sea_lion,n02077923,1,0.9953227639198303,48.38819408416748,48227.708250284195,3.9901541971348404,True,early_exit_first_finished_pass=resnet18,1.2,0.8822222222222222,adaptive
58,REQ-00054,sequential,"['vit_b_16', 'mobilenet_v3_small', 'resnet18']","['vit_b_16', 'mobilenet_v3_small']",boa_constrictor,n01742172,1,1.0,16.601111888885498,16567.010916769505,1.9162338866283013,True,early_exit_with_aggregation_at_mobilenet_v3_small,0.6,0.9,adaptive
59,REQ-00071,mode_s,"['resnet18', 'mobilenet_v3_small']","['resnet18', 'mobilenet_v3_small']",black_and_gold_garden_spider,n01773157,1,1.0,45.844249963760376,45590.99470824003,3.236067440171787,True,mode_s_executed,1.6,0.8466666666666667,adaptive
59,REQ-00061,power_of_two_choices,"['resnet18', 'resnet101', 'resnet50']",['resnet18'],hummingbird,n01833805,1,0.9991938471794128,48.694324016571045,48662.9694593139,4.29779502925929,True,early_exit_first_finished_pass=resnet18,1.2,0.8822222222222222,adaptive
59,REQ-00055,sequential,"['vit_b_16', 'mobilenet_v3_small', 'resnet18']","['vit_b_16', 'mobilenet_v3_small']",water_ouzel,n01601694,1,1.0,17.408704042434692,17326.281832996756,1.9162338866283013,True,early_exit_with_aggregation_at_mobilenet_v3_small,0.8,0.9,adaptive
60,REQ-00070,mode_s,"['resnet18', 'mobilenet_v3_small']","['resnet18', 'mobilenet_v3_small']",snail,n01944390,1,1.0,47.389808177948,47330.75624983758,3.236067440171787,True,mode_s_executed,1.4,0.8644444444444445,adaptive
60,REQ-00057,power_of_two_choices,"['resnet18', 'resnet101', 'resnet50']","['resnet18', 'resnet101']",snail,n01944390,1,1.0,51.5041229724884,51467.335749883205,3.8488263525588966,True,"early_exit_aggregate_pass_after_first_batch=['resnet18', 'resnet101']",0.8,0.9,adaptive
60,REQ-00063,sequential,"['mobilenet_v3_small', 'resnet18', 'resnet101']",['mobilenet_v3_small'],spiny_lobster,n01985128,0,0.4017657935619354,13.75818920135498,13630.690499674529,3.598483354226985,True,deadline_stop_before_resnet18,2.0,0.8111111111111111,adaptive
61,REQ-00074,mode_s,"['resnet18', 'mobilenet_v3_small']","['resnet18', 'mobilenet_v3_small']",wolf_spider,n01775062,1,1.0,47.044762134552,45077.1669158712,3.737864692561021,True,mode_s_executed,1.4,0.8644444444444445,adaptive
61,REQ-00063,power_of_two_choices,"['resnet18', 'resnet101', 'resnet50']",['resnet18'],banded_gecko,n01675722,1,0.99803227186203,49.728596925735474,49683.3806252107,4.332560586390848,True,early_exit_first_finished_pass=resnet18,1.6,0.8466666666666667,adaptive
61,REQ-00048,sequential,"['vit_b_16', 'resnet50', 'mobilenet_v3_small']","['vit_b_16', 'resnet50']",crane,n02012849,1,1.0,26.780213117599487,26764.24429100007,2.0807650533031143,True,early_exit_with_aggregation_at_resnet50,2.2,0.7933333333333333,adaptive
62,REQ-00072,mode_s,"['resnet18', 'mobilenet_v3_small']","['resnet18', 'mobilenet_v3_small']",komodo_dragon,n01695060,1,1.0,47.61210489273071,46920.42770795524,3.737864692561021,True,mode_s_executed,1.4,0.8644444444444445,adaptive
62,REQ-00064,power_of_two_choices,"['resnet18', 'resnet50', 'resnet101']",['resnet50'],great_white_shark,n01484850,1,0.9557486772537231,49.69979691505432,49683.092083316296,4.420821235433422,True,early_exit_first_finished_pass=resnet50,1.8,0.8288888888888889,adaptive
62,REQ-00057,sequential,"['vit_b_16', 'mobilenet_v3_small', 'resnet18']","['vit_b_16', 'mobilenet_v3_small']",spiny_lobster,n01984695,1,1.0,18.96877884864807,18792.03570773825,1.9162338866283013,True,early_exit_with_aggregation_at_mobilenet_v3_small,1.2,0.8822222222222222,adaptive
63,REQ-00076,mode_s,"['resnet18', 'mobilenet_v3_small']","['resnet18', 'mobilenet_v3_small']",thunder_snake,n01728572,1,1.0,47.96849989891052,45079.5022090897,3.737864692561021,True,mode_s_executed,1.6,0.8466666666666667,adaptive
63,REQ-00065,power_of_two_choices,"['resnet18', 'resnet101', 'resnet50']",['resnet18'],lorikeet,n01820546,1,0.9750497937202454,52.33046102523804,52198.627959005535,4.758336643134989,True,early_exit_first_finished_pass=resnet18,2.0,0.8111111111111111,adaptive
63,REQ-00066,sequential,"['mobilenet_v3_small', 'resnet101', 'resnet18']",['mobilenet_v3_small'],sidewinder,n01756291,1,0.4680258631706238,13.020752906799316,12998.81241703406,3.8423663047293033,True,deadline_stop_before_resnet101,1.6,0.8466666666666667,adaptive
64,REQ-00022,mode_s,"['vit_b_16', 'resnet101', 'resnet34']","['vit_b_16', 'resnet101', 'resnet34']",ptarmigan,n01796340,1,1.0,81.51172089576721,81455.85924992338,4.344816833845812,True,mode_s_executed,1.8,0.8288888888888889,adaptive
64,REQ-00062,power_of_two_choices,"['resnet18', 'resnet101', 'resnet50']","['resnet18', 'resnet101']",sandbar,n01986214,0,0.6457267682006896,54.231780767440796,54137.182167265564,4.352935837652632,True,deadline_stop_before_resnet50,1.4,0.8644444444444445,adaptive
64,REQ-00067,sequential,"['mobilenet_v3_small', 'resnet101', 'resnet18']",['mobilenet_v3_small'],spoonbill,n02006656,1,0.9957866072654724,12.280756950378418,12242.258874699473,3.848697894876502,True,early_exit_first_pass=mobilenet_v3_small,1.6,0.8466666666666667,adaptive
65,REQ-00073,mode_s,"['resnet18', 'mobilenet_v3_small']","['resnet18', 'mobilenet_v3_small']",axolotl,n01632777,1,1.0,49.931792974472046,48599.892291240394,3.737864692561021,True,mode_s_executed,1.4,0.8644444444444445,adaptive
65,REQ-00058,power_of_two_choices,"['resnet18', 'resnet101', 'resnet50']","['resnet18', 'resnet101']",pelican,n02058221,0,0.5312306353814775,56.787461042404175,56772.859499789774,3.9039671609522384,True,deadline_stop_before_resnet50,1.0,0.9,adaptive
65,REQ-00061,sequential,"['vit_b_16', 'mobilenet_v3_small', 'resnet18']","['vit_b_16', 'mobilenet_v3_small']",thunder_snake,n01728572,1,1.0,16.259863138198853,16159.09279184416,2.2786872720683555,True,early_exit_with_aggregation_at_mobilenet_v3_small,1.6,0.8466666666666667,adaptive
66,REQ-00075,mode_s,"['resnet18', 'mobilenet_v3_small']","['resnet18', 'mobilenet_v3_small']",white_stork,n02002556,1,1.0,50.50348472595215,47948.63445824012,3.737864692561021,True,mode_s_executed,1.4,0.8644444444444445,adaptive
66,REQ-00060,power_of_two_choices,"['resnet18', 'resnet101', 'resnet50']","['resnet18', 'resnet101']",sidewinder,n01753488,0,0.5445999881354474,56.78469109535217,56637.191749643534,4.2842867457761935,True,deadline_stop_before_resnet50,1.4,0.8644444444444445,adaptive
66,REQ-00056,sequential,"['vit_b_16', 'mobilenet_v3_small', 'resnet18']","['vit_b_16', 'mobilenet_v3_small']",garter_snake,n01735189,1,1.0,19.541534900665283,19424.67658314854,1.9162338866283013,True,early_exit_with_aggregation_at_mobilenet_v3_small,1.0,0.9,adaptive
67,REQ-00077,mode_s,"['resnet18', 'mobilenet_v3_small']","['resnet18', 'mobilenet_v3_small']",pelican,n02051845,1,1.0,51.46881985664368,48974.97395938262,4.180509924703814,True,mode_s_executed,1.6,0.8466666666666667,adaptive
67,REQ-00066,power_of_two_choices,"['resnet18', 'resnet101', 'resnet50']","['resnet18', 'resnet101']",crayfish,n01985128,1,0.5684847269659676,61.082695960998535,60686.57925026491,4.698499624380218,True,deadline_stop_before_resnet50,2.2,0.7933333333333333,adaptive
67,REQ-00060,sequential,"['vit_b_16', 'mobilenet_v3_small', 'resnet18']","['vit_b_16', 'mobilenet_v3_small']",hammerhead,n01494475,1,1.0,17.50460195541382,17489.268167410046,2.245634285355467,True,deadline_stop_before_resnet18,1.4,0.8644444444444445,adaptive
68,REQ-00078,mode_s,"['resnet18', 'mobilenet_v3_small']","['resnet18', 'mobilenet_v3_small']",flamingo,n02007558,1,1.0,50.90480709075928,48679.34404080734,4.341356615232097,True,mode_s_executed,2.0,0.8111111111111111,adaptive
68,REQ-00050,sequential,"['vit_b_16', 'resnet50', 'mobilenet_v3_small']","['vit_b_16', 'resnet50']",limpkin,n02013706,1,1.0,27.13222312927246,27104.312249924988,2.1486804783805344,True,early_exit_with_aggregation_at_resnet50,1.6,0.8466666666666667,adaptive
69,REQ-00079,mode_s,"['resnet18', 'mobilenet_v3_small']","['resnet18', 'mobilenet_v3_small']",tailed_frog,n01644900,1,1.0,51.075581789016724,49064.35529189184,4.164298522374979,True,mode_s_executed,1.8,0.8288888888888889,adaptive
69,REQ-00064,sequential,"['mobilenet_v3_small', 'resnet18', 'resnet101']",['mobilenet_v3_small'],diamondback,n01755581,1,0.43642115592956543,17.51279902458191,17493.461375124753,3.606247750536112,True,deadline_stop_before_resnet18,2.0,0.8111111111111111,adaptive
70,REQ-00023,mode_s,"['vit_b_16', 'resnet101', 'resnet34']","['vit_b_16', 'resnet101', 'resnet34']",bald_eagle,n01614925,1,1.0,88.49351501464844,88348.79299998283,4.5572748014521585,True,mode_s_executed,1.8,0.8288888888888889,adaptive
70,REQ-00065,sequential,"['vit_b_16', 'mobilenet_v3_small', 'resnet18']","['vit_b_16', 'mobilenet_v3_small']",barn_spider,n01773549,1,0.5262402242499495,16.896862983703613,16879.477124661207,2.855203647463202,True,deadline_stop_before_resnet18,1.4,0.8644444444444445,adaptive
71,REQ-00024,mode_s,"['vit_b_16', 'resnet101', 'resnet34']","['vit_b_16', 'resnet101', 'resnet34']",hammerhead,n01494475,1,0.7978828901878448,90.94329190254211,90868.73729201034,4.804693720894814,True,mode_s_executed,2.0,0.8111111111111111,adaptive
71,REQ-00062,sequential,"['vit_b_16', 'mobilenet_v3_small', 'resnet18']","['vit_b_16', 'mobilenet_v3_small']",goose,n01855672,1,1.0,19.2123761177063,19191.1254581064,2.4979478425826547,True,deadline_stop_before_resnet18,1.8,0.8288888888888889,adaptive
72,REQ-00025,mode_s,"['vit_b_16', 'resnet101', 'resnet34']","['vit_b_16', 'resnet101', 'resnet34']",black_and_gold_garden_spider,n01773157,1,1.0,91.75595331192017,91734.16841682047,5.052112640337471,True,mode_s_executed,2.2,0.7933333333333333,adaptive
72,REQ-00068,sequential,"['vit_b_16', 'resnet101', 'mobilenet_v3_small']","['vit_b_16', 'resnet101', 'mobilenet_v3_small']",spiny_lobster,n01985128,0,1.0,17.944254159927368,17924.538417253643,3.4347429893069585,True,ran_all,1.4,0.8644444444444445,adaptive
73,REQ-00029,mode_s,"['vit_b_16', 'resnet34', 'resnet18']","['vit_b_16', 'resnet34', 'resnet18']",great_grey_owl,n01622779,1,1.0,93.53001594543457,93506.44591683522,5.544783562840559,True,mode_s_executed,2.4,0.7755555555555556,adaptive
73,REQ-00070,sequential,"['vit_b_16', 'resnet101', 'mobilenet_v3_small']","['vit_b_16', 'resnet101', 'mobilenet_v3_small']",green_snake,n01729977,1,0.4341304014172451,15.52714204788208,15468.52745860815,3.0658300703061765,True,ran_all,0.8,0.9,adaptive
74,REQ-00028,mode_s,"['vit_b_16', 'resnet34', 'resnet18']","['vit_b_16', 'resnet34', 'resnet18']",great_grey_owl,n01622779,1,1.0,94.46107125282288,94420.7022502087,5.432383699841398,True,mode_s_executed,2.6,0.7577777777777778,adaptive
74,REQ-00073,sequential,"['vit_b_16', 'resnet101', 'mobilenet_v3_small']","['vit_b_16', 'resnet101', 'mobilenet_v3_small']",kite,n01608432,1,1.0,13.409310817718506,13389.858916867524,2.7406686942485248,True,ran_all,1.2,0.8822222222222222,adaptive
75,REQ-00030,mode_s,"['vit_b_16', 'resnet34', 'resnet18']","['vit_b_16', 'resnet34', 'resnet18']",chiton,n01955084,1,1.0,97.64259576797485,97532.10362512618,5.65718342583972,True,mode_s_executed,2.6,0.7577777777777778,adaptive
76,REQ-00031,mode_s,"['vit_b_16', 'resnet34', 'resnet18']","['vit_b_16', 'resnet34', 'resnet18']",leatherback_turtle,n01665541,1,1.0,97.35066509246826,97323.32516601309,5.769583288838881,True,mode_s_executed,2.4,0.7755555555555556,adaptive
77,REQ-00026,mode_s,"['vit_b_16', 'resnet101', 'resnet34']","['vit_b_16', 'resnet101', 'resnet34']",chickadee,n01592084,1,1.0,100.8207221031189,100727.01349994168,5.299531559780128,True,mode_s_executed,2.2,0.7933333333333333,adaptive
78,REQ-00033,mode_s,"['vit_b_16', 'resnet34', 'resnet18']","['vit_b_16', 'resnet34', 'resnet18']",scorpion,n01770393,1,1.0,99.03085899353027,98984.95166609064,5.994383014837203,True,mode_s_executed,2.8,0.74,adaptive
79,REQ-00027,mode_s,"['vit_b_16', 'resnet101', 'resnet34']","['vit_b_16', 'resnet101', 'resnet34']",scorpion,n01770393,1,1.0,102.03367495536804,102014.10649996251,5.546950479222785,True,mode_s_executed,2.4,0.7755555555555556,adaptive
80,REQ-00032,mode_s,"['vit_b_16', 'resnet34', 'resnet18']","['vit_b_16', 'resnet34', 'resnet18']",goldfish,n01443537,1,1.0,99.50419998168945,99362.33016708866,5.881983151838042,True,mode_s_executed,2.6,0.7577777777777778,adaptive
