REQ-00000,6000,700,0.6798539161682129,3.0994415283203125e-06,"['mobilenet_v3_small', 'resnet18', 'resnet34']",['mobilenet_v3_small'],tick,0.999659538269043,single_model,658.2304169423878,True,n01776313,3,0.9,[],2,early_exit_first_pass=mobilenet_v3_small,0.2,greedy,0.9,adaptive,tick,,,,,,0.999659538269043,-1.0,-1.0,-1.0,-1.0,-1.0,0.12374110401636684,0.16521975261509755,0.28876852911551226,-1.0,-1.0,-1.0,0.2151285210115794
REQ-00001,6000,700,0.4353518486022949,1.5620269775390625,"['mobilenet_v3_small', 'resnet18', 'resnet34']",['mobilenet_v3_small'],crane,0.99442058801651,single_model,337.85216696560383,True,n02012849,3,0.9,[],2,early_exit_first_pass=mobilenet_v3_small,0.4,greedy,0.9,adaptive,crane,,,,,,0.99442058801651,-1.0,-1.0,-1.0,-1.0,-1.0,0.11639099361473017,0.16521975261509755,0.28876852911551226,-1.0,-1.0,-1.0,0.20777841060994273
REQ-00002,6000,700,0.5271031856536865,1.9322829246520996,"['mobilenet_v3_small', 'resnet18', 'resnet34']",['mobilenet_v3_small'],great_grey_owl,0.9999991655349731,single_model,451.1183751747012,True,n01622779,3,0.9,[],2,early_exit_first_pass=mobilenet_v3_small,0.6,greedy,0.9,adaptive,great_grey_owl,,,,,,0.9999991655349731,-1.0,-1.0,-1.0,-1.0,-1.0,0.10976569425325715,0.16521975261509755,0.28876852911551226,-1.0,-1.0,-1.0,0.2011531112484697
REQ-00003,6000,700,0.423814058303833,2.6273999214172363,"['mobilenet_v3_small', 'resnet18', 'resnet34']",['mobilenet_v3_small'],nematode,0.9934852719306946,single_model,410.79329140484333,True,n01930112,3,0.9,[],2,early_exit_first_pass=mobilenet_v3_small,0.8,greedy,0.9,adaptive,nematode,,,,,,0.9934852719306946,-1.0,-1.0,-1.0,-1.0,-1.0,0.10351722482793144,0.16521975261509755,0.28876852911551226,-1.0,-1.0,-1.0,0.194904641823144
REQ-00004,6000,700,0.783524751663208,3.436267137527466,"['mobilenet_v3_small', 'resnet18', 'resnet34']",['mobilenet_v3_small'],black_and_gold_garden_spider,0.922681450843811,single_model,766.9412503018975,True,n01773157,3,0.9,[],2,early_exit_first_pass=mobilenet_v3_small,1.0,greedy,0.9,adaptive,black_and_gold_garden_spider,,,,,,0.922681450843811,-1.0,-1.0,-1.0,-1.0,-1.0,0.09777250234513829,0.16521975261509755,0.28876852911551226,-1.0,-1.0,-1.0,0.18915991934035084
REQ-00005,6000,700,1.0314700603485107,3.8332250118255615,"['mobilenet_v3_small', 'resnet18', 'resnet34']","['mobilenet_v3_small', 'resnet18', 'resnet34']",magpie,1.0,weighted_majority,1014.5494998432696,True,n01582220,3,0.9,[],2,ran_all,1.2,greedy,0.8822222222222222,adaptive,magpie,magpie,magpie,,,,0.41271543502807617,0.41833561658859253,0.6783352494239807,-1.0,-1.0,-1.0,0.09777250234513829,0.16521975261509755,0.28876852911551226,-1.0,-1.0,-1.0,0.18915991934035084
REQ-00014,6000,700,0.7113590240478516,8.196568250656128,"['vit_b_16', 'resnet34', 'resnet50']",['vit_b_16'],hammerhead,0.9013769030570984,single_model,688.5566250421107,True,n01494475,3,0.9,[],2,early_exit_first_pass=vit_b_16,2.2,greedy,0.7933333333333333,adaptive,,,,,,hammerhead,-1.0,-1.0,-1.0,-1.0,-1.0,0.9013769030570984,-1.0,-1.0,0.46701379135404236,0.5478038639362289,-1.0,0.3424713736235027,0.5459550876278366
REQ-00009,6000,700,4.45028018951416,5.0833752155303955,"['mobilenet_v3_small', 'resnet18', 'resnet34']",['mobilenet_v3_small'],albatross,0.9066685438156128,single_model,4192.747457884252,True,n02058221,3,0.9,[],2,early_exit_first_pass=mobilenet_v3_small,1.8,greedy,0.8288888888888889,adaptive,albatross,,,,,,0.9066685438156128,-1.0,-1.0,-1.0,-1.0,-1.0,0.08661573120960583,0.1564243773535878,0.27466527620396103,-1.0,-1.0,-1.0,0.17420348370079164
REQ-00010,6000,700,5.731916189193726,5.428783178329468,"['resnet18', 'resnet34', 'vit_b_16']",['resnet18'],magpie,0.9807055592536926,single_model,5574.7210420668125,True,n01582220,3,0.9,[],2,early_exit_first_pass=resnet18,2.0,greedy,0.8111111111111111,adaptive,,magpie,,,,,-1.0,0.9807055592536926,-1.0,-1.0,-1.0,-1.0,-1.0,0.16945974213305345,0.2975540492209578,-1.0,-1.0,0.3424713736235027,0.2993422689599231
REQ-00017,6000,700,2.2260148525238037,9.96257209777832,"['vit_b_16', 'resnet101', 'resnet34']","['vit_b_16', 'resnet101']",coucal,1.0,weighted_majority,2159.861041698605,True,n01824575,3,0.9,[],2,early_exit_with_aggregation_at_resnet101,2.0,greedy,0.8111111111111111,adaptive,,,,,coucal,coucal,-1.0,-1.0,-1.0,-1.0,0.9999974966049194,0.8688856363296509,-1.0,-1.0,1.9660146177981688,-1.0,0.5586757797276196,0.32844467263503724,0.6214965979587277
REQ-00012,6000,700,5.528307199478149,6.851706266403198,"['resnet18', 'vit_b_16', 'resnet34']",['resnet18'],ptarmigan,0.9893748760223389,single_model,5437.653915956616,True,n01796340,3,0.9,[],2,early_exit_first_pass=resnet18,2.2,greedy,0.7933333333333333,adaptive,,ptarmigan,,,,,-1.0,0.9893748760223389,-1.0,-1.0,-1.0,-1.0,-1.0,0.3389194842661536,0.46701379135405785,-1.0,-1.0,0.3424713736235027,0.5002755306430747
REQ-00011,6000,700,6.610283136367798,5.978991270065308,"['resnet18', 'vit_b_16', 'resnet34']",['resnet18'],snail,0.9851770401000977,single_model,6595.086291898042,True,n01944390,3,0.9,[],2,early_exit_first_pass=resnet18,2.2,greedy,0.7933333333333333,adaptive,,snail,,,,,-1.0,0.9851770401000977,-1.0,-1.0,-1.0,-1.0,-1.0,0.3389194842662002,0.46701379135410453,-1.0,-1.0,0.3424713736235027,0.5002755306431247
REQ-00016,6000,700,4.019861936569214,9.761438131332397,"['vit_b_16', 'resnet101', 'resnet34']",['vit_b_16'],banded_gecko,0.9019160270690918,single_model,3995.349584147334,True,n01675722,3,0.9,[],2,early_exit_first_pass=vit_b_16,2.0,greedy,0.8111111111111111,adaptive,,,,,,banded_gecko,-1.0,-1.0,-1.0,-1.0,-1.0,0.9019160270690918,-1.0,-1.0,1.9660146177981688,-1.0,0.5586757797276196,0.32844467263503724,0.6214965979587277
REQ-00013,6000,700,7.99137806892395,7.531928062438965,"['resnet18', 'vit_b_16', 'resnet34']",['resnet18'],wallaby,0.9959339499473572,single_model,7875.688875094056,True,n01877812,3,0.9,[],2,early_exit_first_pass=resnet18,2.0,greedy,0.8111111111111111,adaptive,,wallaby,,,,,-1.0,0.9959339499473572,-1.0,-1.0,-1.0,-1.0,-1.0,0.338919484266138,0.46701379135404236,-1.0,-1.0,0.3424713736235027,0.500275530643058
REQ-00007,6000,700,11.569626092910767,4.589484214782715,"['mobilenet_v3_small', 'resnet18', 'resnet34']","['mobilenet_v3_small', 'resnet18']",rock_crab,0.686884958784852,weighted_majority,11292.962166946381,True,n01978455,3,0.9,[],2,deadline_stop_before_resnet34,1.6,greedy,0.8466666666666667,adaptive,rock_crab,acorn,,,,,0.3665987551212311,0.1671132594347,-1.0,-1.0,-1.0,-1.0,0.08894825689956203,0.1564243773535878,0.27466527620396103,-1.0,-1.0,-1.0,0.17653600939074782
REQ-00008,6000,700,11.686018943786621,4.693327188491821,"['mobilenet_v3_small', 'resnet18', 'resnet34']","['mobilenet_v3_small', 'resnet18']",wolf_spider,1.0,weighted_majority,11317.036292050034,True,n01775062,3,0.9,[],2,early_exit_with_aggregation_at_resnet18,1.6,greedy,0.8466666666666667,adaptive,wolf_spider,wolf_spider,,,,,0.8647120594978333,0.9118930101394653,-1.0,-1.0,-1.0,-1.0,0.08661573120960583,0.1564243773535878,0.27466527620396103,-1.0,-1.0,-1.0,0.17420348370079164
REQ-00006,6000,700,12.828406810760498,4.576452255249023,"['mobilenet_v3_small', 'resnet18', 'resnet34']","['mobilenet_v3_small', 'resnet18', 'resnet34']",wolf_spider,1.0,weighted_majority,12813.924374990165,True,n01775062,3,0.9,[],2,ran_all,1.4,greedy,0.8644444444444445,adaptive,wolf_spider,wolf_spider,wolf_spider,,,,0.6232044696807861,0.7057815790176392,0.7773399353027344,-1.0,-1.0,-1.0,0.08894825689956203,0.1564243773535878,0.27466527620396103,-1.0,-1.0,-1.0,0.17653600939074782
REQ-00032,6000,700,2.518515110015869,17.129955053329468,"['resnet101', 'resnet50', 'resnet34']",['resnet101'],black_swan,0.9999440908432007,single_model,2462.6955408602953,True,n01860187,3,0.9,[],2,early_exit_first_pass=resnet101,2.6,greedy,0.7577777777777778,adaptive,,,,,black_swan,,-1.0,-1.0,-1.0,-1.0,0.9999440908432007,-1.0,-1.0,-1.0,1.2321937601864998,0.6758981710241156,0.6693539643645363,-1.0,0.8866784659534179
REQ-00022,6000,700,9.54617714881897,12.35122299194336,"['resnet34', 'resnet50', 'vit_b_16']",['resnet34'],bustard,0.937575101852417,single_model,9098.649499937892,True,n02018795,3,0.9,[],2,early_exit_first_pass=resnet34,2.0,greedy,0.8111111111111111,adaptive,,,bustard,,,,-1.0,-1.0,0.937575101852417,-1.0,-1.0,-1.0,-1.0,-1.0,0.675898171024196,0.7566882436063828,-1.0,0.7598328614145088,0.9063662384031055
REQ-00023,6000,700,8.60538101196289,13.321403980255127,"['resnet34', 'resnet50', 'vit_b_16']",['resnet34'],whiptail,0.5124287009239197,single_model,8358.813541941345,True,n01693334,3,0.9,[],2,deadline_stop_before_resnet50,1.8,greedy,0.8288888888888889,adaptive,,,whiptail,,,,-1.0,-1.0,0.5124287009239197,-1.0,-1.0,-1.0,-1.0,-1.0,0.6355031347330558,0.7162932073152425,-1.0,0.7598328614145088,0.8569123597819942
REQ-00015,6000,700,13.122682094573975,9.281187057495117,"['vit_b_16', 'resnet101', 'resnet34']","['vit_b_16', 'resnet101']",barn_spider,1.0,weighted_majority,13106.63904203102,True,n01773549,3,0.9,[],2,deadline_stop_before_resnet34,2.0,greedy,0.8111111111111111,adaptive,,,,,barn_spider,barn_spider,-1.0,-1.0,-1.0,-1.0,0.7681269645690918,0.8682253360748291,-1.0,-1.0,0.5710071183226844,-1.0,0.5586757797276196,0.33845263626115246,0.5651270366544331
REQ-00021,6000,700,10.86194896697998,12.231770277023315,"['resnet50', 'vit_b_16', 'resnet101']",['resnet50'],chambered_nautilus,0.9999954700469971,single_model,10725.34624999389,True,n01968897,3,0.9,[],2,early_exit_first_pass=resnet50,1.8,greedy,0.8288888888888889,adaptive,,,,chambered_nautilus,,,-1.0,-1.0,-1.0,0.9999954700469971,-1.0,-1.0,-1.0,-1.0,-1.0,0.3783441218031445,1.0492703950717908,0.7598328614145088,0.6189251838298034
REQ-00024,6000,700,9.890202760696411,13.3728609085083,"['resnet34', 'resnet101', 'resnet50']",['resnet34'],wombat,0.99894779920578,single_model,9748.554625082761,True,n01883070,3,0.9,[],2,early_exit_first_pass=resnet34,2.0,greedy,0.8111111111111111,adaptive,,,wombat,,,,-1.0,-1.0,0.99894779920578,-1.0,-1.0,-1.0,-1.0,-1.0,0.622038122636009,0.7028281952181957,0.6693539643645363,-1.0,0.8302834977079837
REQ-00019,6000,700,12.069494009017944,11.645594120025635,"['vit_b_16', 'resnet101', 'resnet34']","['vit_b_16', 'resnet101']",garden_spider,1.0,weighted_majority,12048.62045776099,True,n01773797,3,0.9,[],2,deadline_stop_before_resnet34,1.6,greedy,0.8466666666666667,adaptive,,,,,garden_spider,garden_spider,-1.0,-1.0,-1.0,-1.0,0.8228824734687805,0.8894718289375305,-1.0,-1.0,2.651467877476296,-1.0,0.5935930159605959,0.3799164307072544,0.7142750003322044
REQ-00018,6000,700,13.429879903793335,10.950269937515259,"['vit_b_16', 'resnet101', 'resnet34']","['vit_b_16', 'resnet101']",hornbill,1.0,weighted_majority,13396.546083968133,True,n01829413,3,0.9,[],2,early_exit_with_aggregation_at_resnet101,1.6,greedy,0.8466666666666667,adaptive,,,,,hornbill,hornbill,-1.0,-1.0,-1.0,-1.0,0.9867904782295227,0.851413369178772,-1.0,-1.0,1.9660146177981688,-1.0,0.5586757797276196,0.35756840537153356,0.6506203306952241
REQ-00020,6000,700,12.372113227844238,12.129847049713135,"['vit_b_16', 'resnet101', 'resnet34']","['vit_b_16', 'resnet101']",albatross,1.0,weighted_majority,12294.517583679408,True,n02058221,3,0.9,[],2,early_exit_with_aggregation_at_resnet101,1.6,greedy,0.8466666666666667,adaptive,,,,,albatross,albatross,-1.0,-1.0,-1.0,-1.0,0.9996837377548218,0.8951801657676697,-1.0,-1.0,2.651467877476296,-1.0,0.6693539643645363,0.3799164307072544,0.7331327044002791
REQ-00026,6000,700,11.542804956436157,14.1525239944458,"['resnet34', 'resnet101', 'resnet50']",['resnet34'],lorikeet,0.9979857206344604,single_model,11505.602749995887,True,n01820546,3,0.9,[],2,early_exit_first_pass=resnet34,2.4,greedy,0.7755555555555556,adaptive,,,lorikeet,,,,-1.0,-1.0,0.9979857206344604,-1.0,-1.0,-1.0,-1.0,-1.0,0.6112661129583716,0.6920561855405583,0.6693539643645363,-1.0,0.8190497001487936
REQ-00029,6000,700,10.944937944412231,15.796762228012085,"['resnet34', 'resnet101', 'resnet50']",['resnet34'],komodo_dragon,0.9278885722160339,single_model,10925.80712493509,True,n01695060,3,0.9,[],2,early_exit_first_pass=resnet34,2.4,greedy,0.7755555555555556,adaptive,,,komodo_dragon,,,,-1.0,-1.0,0.9278885722160339,-1.0,-1.0,-1.0,-1.0,-1.0,0.5951080984419289,0.6758981710241156,0.6693539643645363,-1.0,0.8021990038100222
REQ-00046,6000,700,1.5488619804382324,25.48468518257141,"['vit_b_16', 'resnet50', 'mobilenet_v3_small']",['vit_b_16'],redshank,0.9032116532325745,single_model,1337.4015842564404,True,n02028035,3,0.9,[],2,early_exit_first_pass=vit_b_16,1.8,greedy,0.8288888888888889,adaptive,,,,,,redshank,-1.0,-1.0,-1.0,-1.0,-1.0,0.9032116532325745,1.9512075020318165,-1.0,-1.0,1.9757936168726515,-1.0,1.529836620247837,2.176681266075424
REQ-00025,6000,700,13.491537809371948,13.886712074279785,"['resnet34', 'resnet101', 'resnet50']",['resnet34'],sea_anemone,0.9444320797920227,single_model,13459.970332682133,True,n01914609,3,0.9,[],2,early_exit_first_pass=resnet34,2.2,greedy,0.7933333333333333,adaptive,,,sea_anemone,,,,-1.0,-1.0,0.9444320797920227,-1.0,-1.0,-1.0,-1.0,-1.0,0.6153056165874856,0.6960956891696723,0.6693539643645363,-1.0,0.8232623742334898
REQ-00027,6000,700,12.834191799163818,14.755558967590332,"['resnet34', 'resnet101', 'resnet50']",['resnet34'],wolf_spider,0.9645914435386658,single_model,12814.171000383794,True,n01775062,3,0.9,[],2,early_exit_first_pass=resnet34,2.4,greedy,0.7755555555555556,adaptive,,,wolf_spider,,,,-1.0,-1.0,0.9645914435386658,-1.0,-1.0,-1.0,-1.0,-1.0,0.6085731105389622,0.689363183121149,0.6693539643645363,-1.0,0.816241250758996
REQ-00028,6000,700,14.548101902008057,14.854304075241089,"['resnet34', 'resnet101', 'resnet50']",['resnet34'],sea_slug,0.9191992878913879,single_model,14489.698042161763,True,n01950731,3,0.9,[],2,early_exit_first_pass=resnet34,2.4,greedy,0.7755555555555556,adaptive,,,sea_slug,,,,-1.0,-1.0,0.9191992878913879,-1.0,-1.0,-1.0,-1.0,-1.0,0.6066495373822414,0.687439609964428,0.6693539643645363,-1.0,0.8142352154805693
REQ-00034,6000,700,11.240115880966187,18.748608112335205,"['resnet50', 'resnet34', 'mobilenet_v3_small']",['resnet50'],black_widow,0.990741491317749,single_model,11147.893957793713,True,n01774384,3,0.9,[],2,early_exit_first_pass=resnet50,2.0,greedy,0.8111111111111111,adaptive,,,,black_widow,,,-1.0,-1.0,-1.0,0.990741491317749,-1.0,-1.0,1.5375877927665291,-1.0,1.2422925192592713,0.6859969300968872,-1.0,-1.0,1.0335458576034449
REQ-00051,6000,700,0.9767727851867676,29.319216012954712,"['vit_b_16', 'resnet50', 'mobilenet_v3_small']",['vit_b_16'],tick,0.9013366103172302,single_model,892.8429577499628,True,n01776313,3,0.9,[],2,early_exit_first_pass=vit_b_16,1.8,greedy,0.8288888888888889,adaptive,,,,,,tick,-1.0,-1.0,-1.0,-1.0,-1.0,0.9013366103172302,2.3210659219817558,-1.0,-1.0,2.2491504137984664,-1.0,1.4057160614201454,2.1392435612119245
REQ-00052,6000,700,0.6019220352172852,31.378632068634033,"['vit_b_16', 'resnet50', 'mobilenet_v3_small']",['vit_b_16'],rock_crab,0.9438899755477905,single_model,567.347917240113,True,n01978455,3,0.9,[],2,early_exit_first_pass=vit_b_16,1.0,greedy,0.9,adaptive,,,,,,rock_crab,-1.0,-1.0,-1.0,-1.0,-1.0,0.9438899755477905,2.3815257371365397,-1.0,-1.0,2.2554526563243003,-1.0,1.2808334797503176,2.018976944387212
REQ-00053,6000,700,0.4820840358734131,32.01798605918884,"['vit_b_16', 'resnet50', 'mobilenet_v3_small']",['vit_b_16'],indigo_bunting,0.901160478591919,single_model,462.42470806464553,True,n01537544,3,0.9,[],2,early_exit_first_pass=vit_b_16,1.0,greedy,0.9,adaptive,,,,,,indigo_bunting,-1.0,-1.0,-1.0,-1.0,-1.0,0.901160478591919,2.3815257371365397,-1.0,-1.0,2.2554526563243003,-1.0,1.170755931775286,1.90889939641218
REQ-00031,6000,700,16.53282594680786,15.990201234817505,"['resnet34', 'resnet101', 'resnet50']",['resnet34'],drake,0.781158983707428,single_model,16363.151833880693,True,n01847000,3,0.9,[],2,deadline_stop_before_resnet101,2.6,greedy,0.7577777777777778,adaptive,,,drake,,,,-1.0,-1.0,0.781158983707428,-1.0,-1.0,-1.0,-1.0,-1.0,0.5951080984419289,0.6758981710241156,0.6693539643645363,-1.0,0.8021990038100222
REQ-00030,6000,700,16.88449215888977,15.820880889892578,"['resnet34', 'resnet101', 'resnet50']",['resnet34'],hognose_snake,0.6627785563468933,single_model,16745.487082749605,True,n01729322,3,0.9,[],2,deadline_stop_before_resnet101,2.6,greedy,0.7577777777777778,adaptive,,,hognose_snake,,,,-1.0,-1.0,0.6627785563468933,-1.0,-1.0,-1.0,-1.0,-1.0,0.5951080984419272,0.675898171024114,0.6693539643645363,-1.0,0.8021990038100206
REQ-00033,6000,700,17.800147771835327,17.72012209892273,"['resnet50', 'resnet34', 'resnet101']",['resnet50'],spiny_lobster,0.9824573397636414,single_model,17768.157582730055,True,n01984695,3,0.9,[],2,early_exit_first_pass=resnet50,2.2,greedy,0.7933333333333333,adaptive,,,,spiny_lobster,,,-1.0,-1.0,-1.0,0.9824573397636414,-1.0,-1.0,-1.0,-1.0,1.2321937601864998,0.6758981710241156,1.3387079287290726,-1.0,1.013464664587104
REQ-00035,6000,700,16.953886032104492,19.11082410812378,"['resnet50', 'resnet34', 'mobilenet_v3_small']",['resnet50'],diamondback,0.9992719292640686,single_model,16929.3377911672,True,n01755581,3,0.9,[],2,early_exit_first_pass=resnet50,2.0,greedy,0.8111111111111111,adaptive,,,,diamondback,,,-1.0,-1.0,-1.0,0.9992719292640686,-1.0,-1.0,1.5454423831564628,-1.0,1.250147109649205,0.6938515204868209,-1.0,-1.0,1.043347585294838
REQ-00036,6000,700,16.393386125564575,19.961221933364868,"['resnet50', 'resnet34', 'mobilenet_v3_small']",['resnet50'],rock_crab,0.6266074776649475,single_model,16380.878708790988,True,n01978455,3,0.9,[],2,deadline_stop_before_resnet34,1.6,greedy,0.8466666666666667,adaptive,,,,rock_crab,,,-1.0,-1.0,-1.0,0.6266074776649475,-1.0,-1.0,1.5517260554684096,-1.0,1.2564307819611518,0.7001351927987676,-1.0,-1.0,1.0511889674479522
REQ-00040,6000,700,14.413057088851929,23.659446001052856,"['resnet50', 'vit_b_16', 'mobilenet_v3_small']",['resnet50'],barn_spider,0.5950301885604858,single_model,14355.287624988705,True,n01773549,3,0.9,[],2,deadline_stop_before_vit_b_16,1.4,greedy,0.8644444444444445,adaptive,,,,barn_spider,,,-1.0,-1.0,-1.0,0.5950301885604858,-1.0,-1.0,1.6620096199499192,-1.0,-1.0,1.5900941117666298,-1.0,1.6831216891642633,2.047300030467112
REQ-00041,6000,700,15.672987937927246,23.87986421585083,"['resnet50', 'vit_b_16', 'mobilenet_v3_small']",['resnet50'],mud_turtle,0.6418395638465881,single_model,15647.378582973033,True,n01667114,3,0.9,[],2,deadline_stop_before_vit_b_16,1.4,greedy,0.8644444444444445,adaptive,,,,mud_turtle,,,-1.0,-1.0,-1.0,0.6418395638465881,-1.0,-1.0,1.7280046054783162,-1.0,-1.0,1.6560890972950264,-1.0,1.6831216891642633,2.116621267088284
REQ-00039,6000,700,16.125890731811523,23.440731048583984,"['resnet50', 'mobilenet_v3_small', 'vit_b_16']",['resnet50'],mud_turtle,0.5882741212844849,single_model,16089.136083144695,True,n01667114,3,0.9,[],2,deadline_stop_before_mobilenet_v3_small,1.2,greedy,0.8822222222222222,adaptive,,,,mud_turtle,,,-1.0,-1.0,-1.0,0.5882741212844849,-1.0,-1.0,1.581349082081879,-1.0,-1.0,1.5094335738985893,-1.0,1.6831216891642633,1.9576695694740671
REQ-00037,6000,700,21.09915018081665,20.42344307899475,"['resnet50', 'resnet34', 'mobilenet_v3_small']",['resnet50'],great_white_shark,0.9992967844009399,single_model,21077.579458244145,True,n01484850,3,0.9,[],2,early_exit_first_pass=resnet50,1.8,greedy,0.8288888888888889,adaptive,,,,great_white_shark,,,-1.0,-1.0,-1.0,0.9992967844009399,-1.0,-1.0,1.556867241905457,-1.0,1.2615719683981992,0.7052763792358151,-1.0,-1.0,1.0576046437550461
REQ-00042,6000,700,18.975268125534058,24.075732946395874,"['resnet50', 'vit_b_16', 'mobilenet_v3_small']",['resnet50'],green_lizard,0.8852230310440063,single_model,18928.139249794185,True,n01693334,3,0.9,[],2,deadline_stop_before_vit_b_16,1.6,greedy,0.8466666666666667,adaptive,,,,green_lizard,,,-1.0,-1.0,-1.0,0.8852230310440063,-1.0,-1.0,1.78300042675198,-1.0,-1.0,1.7110849185686905,-1.0,1.6831216891642633,2.174388964272594
REQ-00038,6000,700,21.644407033920288,21.54193902015686,"['resnet50', 'mobilenet_v3_small', 'vit_b_16']",['resnet50'],agama,0.9999258518218994,single_model,21319.01437509805,True,n01687978,3,0.9,[],2,early_exit_first_pass=resnet50,1.4,greedy,0.8644444444444445,adaptive,,,,agama,,,-1.0,-1.0,-1.0,0.9999258518218994,-1.0,-1.0,1.5678840699848469,-1.0,-1.0,0.716293207315205,-1.0,1.7883167947370298,1.1680989223186937
REQ-00045,6000,700,19.726882696151733,25.42454719543457,"['vit_b_16', 'resnet50', 'mobilenet_v3_small']","['vit_b_16', 'resnet50']",tiger_shark,1.0,weighted_majority,19706.219875253737,True,n01491361,3,0.9,[],2,early_exit_with_aggregation_at_resnet50,1.6,greedy,0.8466666666666667,adaptive,,,,tiger_shark,,tiger_shark,-1.0,-1.0,-1.0,0.9616054892539978,-1.0,0.7684284448623657,1.9760036728002295,-1.0,-1.0,1.9040881646169396,-1.0,1.529836620247837,2.160082784053076
REQ-00049,6000,700,17.954428911209106,27.42634606361389,"['vit_b_16', 'resnet50', 'mobilenet_v3_small']","['vit_b_16', 'resnet50']",hammerhead,1.0,weighted_majority,17932.779875118285,True,n01494475,3,0.9,[],2,deadline_stop_before_mobilenet_v3_small,2.2,greedy,0.7933333333333333,adaptive,,,,hammerhead,,hammerhead,-1.0,-1.0,-1.0,0.778293251991272,-1.0,0.8754280209541321,2.0630897297263107,-1.0,-1.0,1.9911742215430208,-1.0,1.3732842324007482,2.0295963142438476
REQ-00069,6000,700,2.5081751346588135,44.30703902244568,"['vit_b_16', 'resnet101', 'mobilenet_v3_small']","['vit_b_16', 'resnet101']",ptarmigan,1.0,weighted_majority,2476.3727909885347,True,n01796340,3,0.9,[],2,early_exit_with_aggregation_at_resnet101,1.4,greedy,0.8644444444444445,adaptive,,,,,ptarmigan,ptarmigan,-1.0,-1.0,-1.0,-1.0,0.9994707703590393,0.7737835645675659,2.94985087104434,-1.0,-1.0,-1.0,3.233206461264226,2.2047874534964853,3.210022383362905
REQ-00043,6000,700,22.871613025665283,24.628623247146606,"['resnet50', 'vit_b_16', 'mobilenet_v3_small']",['resnet50'],dungeness_crab,0.8651798367500305,single_model,22851.91991692409,True,n01978287,3,0.9,[],2,deadline_stop_before_vit_b_16,1.6,greedy,0.8466666666666667,adaptive,,,,dungeness_crab,,,-1.0,-1.0,-1.0,0.8651798367500305,-1.0,-1.0,1.879502049776105,-1.0,-1.0,1.807586541592815,-1.0,1.6831216891642633,2.275754420911782
REQ-00071,6000,700,0.9022178649902344,47.08125901222229,"['vit_b_16', 'resnet101', 'mobilenet_v3_small']","['vit_b_16', 'resnet101']",great_grey_owl,1.0,weighted_majority,887.2288330458105,True,n01622779,3,0.9,[],2,early_exit_with_aggregation_at_resnet101,0.8,greedy,0.9,adaptive,,,,,great_grey_owl,great_grey_owl,-1.0,-1.0,-1.0,-1.0,0.999897837638855,0.8932491540908813,2.756847624996091,-1.0,-1.0,-1.0,2.9317639151378034,2.144810908146837,3.0658300703061765
REQ-00047,6000,700,21.936426162719727,26.128239154815674,"['vit_b_16', 'resnet50', 'mobilenet_v3_small']","['vit_b_16', 'resnet50']",black_and_gold_garden_spider,1.0,weighted_majority,21918.92374958843,True,n01773157,3,0.9,[],2,deadline_stop_before_mobilenet_v3_small,2.0,greedy,0.8111111111111111,adaptive,,,,black_and_gold_garden_spider,,black_and_gold_garden_spider,-1.0,-1.0,-1.0,0.8411439061164856,-1.0,0.5607690215110779,2.047709125055941,-1.0,-1.0,1.9757936168726515,-1.0,1.4075942582230534,2.0593027376657034
REQ-00058,6000,700,13.94103479385376,35.083966970443726,"['mobilenet_v3_small', 'resnet18', 'resnet101']",['mobilenet_v3_small'],mud_turtle,0.6105866432189941,single_model,13698.142291046679,True,n01667114,3,0.9,[],2,deadline_stop_before_resnet18,1.4,greedy,0.8644444444444445,adaptive,mud_turtle,,,,,,0.6105866432189941,-1.0,-1.0,-1.0,-1.0,-1.0,2.38303104506875,2.924443792360146,-1.0,-1.0,3.43528186509324,-1.0,3.559129813472422
REQ-00059,6000,700,13.617073059082031,36.413817167282104,"['mobilenet_v3_small', 'resnet18', 'resnet101']",['mobilenet_v3_small'],diamondback,0.29043900966644287,single_model,13601.212917361408,True,n01755581,3,0.9,[],2,deadline_stop_before_resnet18,1.4,greedy,0.8644444444444445,adaptive,diamondback,,,,,,0.29043900966644287,-1.0,-1.0,-1.0,-1.0,-1.0,2.3897302543177257,2.931143001609122,-1.0,-1.0,3.43528186509324,-1.0,3.5678092179926684
REQ-00072,6000,700,1.653874158859253,48.42017912864685,"['vit_b_16', 'resnet101', 'mobilenet_v3_small']","['vit_b_16', 'resnet101']",agama,1.0,weighted_majority,1637.6697081141174,True,n01687978,3,0.9,[],2,early_exit_with_aggregation_at_resnet101,1.0,greedy,0.9,adaptive,,,,,agama,agama,-1.0,-1.0,-1.0,-1.0,0.9785159826278687,0.883607029914856,2.6648591330243785,-1.0,-1.0,-1.0,2.742010081261621,1.929513095598938,2.7989234999881587
REQ-00044,6000,700,25.175447940826416,25.046197175979614,"['vit_b_16', 'resnet50', 'mobilenet_v3_small']","['vit_b_16', 'resnet50']",garter_snake,1.0,weighted_majority,25153.473666869104,True,n01735189,3,0.9,[],2,deadline_stop_before_mobilenet_v3_small,1.6,greedy,0.8466666666666667,adaptive,,,,garter_snake,,garter_snake,-1.0,-1.0,-1.0,0.6409518122673035,-1.0,0.8040876388549805,1.9760036728002295,-1.0,-1.0,1.9040881646169396,-1.0,1.6831216891642633,2.313367852969502
REQ-00054,6000,700,16.601111888885498,34.43256497383118,"['vit_b_16', 'mobilenet_v3_small', 'resnet18']","['vit_b_16', 'mobilenet_v3_small']",boa_constrictor,1.0,weighted_majority,16567.010916769505,True,n01742172,3,0.9,[],2,early_exit_with_aggregation_at_mobilenet_v3_small,0.6,greedy,0.9,adaptive,boa_constrictor,,,,,boa_constrictor,0.952401876449585,-1.0,-1.0,-1.0,-1.0,0.8611106872558594,2.3184683835026823,2.8598811307940784,-1.0,-1.0,-1.0,1.0740420385977576,1.9162338866283013
REQ-00055,6000,700,17.408704042434692,34.61607313156128,"['vit_b_16', 'mobilenet_v3_small', 'resnet18']","['vit_b_16', 'mobilenet_v3_small']",water_ouzel,1.0,weighted_majority,17326.281832996756,True,n01601694,3,0.9,[],2,early_exit_with_aggregation_at_mobilenet_v3_small,0.8,greedy,0.9,adaptive,water_ouzel,,,,,water_ouzel,0.9929070472717285,-1.0,-1.0,-1.0,-1.0,0.875541627407074,2.3184683835026823,2.8598811307940784,-1.0,-1.0,-1.0,1.0740420385977576,1.9162338866283013
REQ-00063,6000,700,13.75818920135498,39.27739191055298,"['mobilenet_v3_small', 'resnet18', 'resnet101']",['mobilenet_v3_small'],spiny_lobster,0.4017657935619354,single_model,13630.690499674529,True,n01985128,3,0.9,[],2,deadline_stop_before_resnet18,2.0,greedy,0.8111111111111111,adaptive,spiny_lobster,,,,,,0.4017657935619354,-1.0,-1.0,-1.0,-1.0,-1.0,2.413406124786249,2.954818872077645,-1.0,-1.0,3.43528186509324,-1.0,3.598483354226985
REQ-00048,6000,700,26.780213117599487,26.837412118911743,"['vit_b_16', 'resnet50', 'mobilenet_v3_small']","['vit_b_16', 'resnet50']",crane,1.0,weighted_majority,26764.24429100007,True,n02012849,3,0.9,[],2,early_exit_with_aggregation_at_resnet50,2.2,greedy,0.7933333333333333,adaptive,,,,crane,,crane,-1.0,-1.0,-1.0,0.99726402759552,-1.0,0.8467676043510437,2.119414577311652,-1.0,-1.0,2.0474990691283628,-1.0,1.4075942582230534,2.0807650533031143
REQ-00057,6000,700,18.96877884864807,34.831871032714844,"['vit_b_16', 'mobilenet_v3_small', 'resnet18']","['vit_b_16', 'mobilenet_v3_small']",spiny_lobster,1.0,weighted_majority,18792.03570773825,True,n01984695,3,0.9,[],2,early_exit_with_aggregation_at_mobilenet_v3_small,1.2,greedy,0.8822222222222222,adaptive,spiny_lobster,,,,,spiny_lobster,0.9980564713478088,-1.0,-1.0,-1.0,-1.0,0.8836269378662109,2.3184683835026823,2.8598811307940784,-1.0,-1.0,-1.0,1.0740420385977576,1.9162338866283013
REQ-00066,6000,700,13.020752906799316,40.818095207214355,"['mobilenet_v3_small', 'resnet101', 'resnet18']",['mobilenet_v3_small'],sidewinder,0.4680258631706238,single_model,12998.81241703406,True,n01756291,3,0.9,[],2,deadline_stop_before_resnet101,1.6,greedy,0.8466666666666667,adaptive,sidewinder,,,,,,0.4680258631706238,-1.0,-1.0,-1.0,-1.0,-1.0,2.624388247880321,3.1658009951717165,-1.0,-1.0,3.43528186509324,-1.0,3.8423663047293033
REQ-00067,6000,700,12.280756950378418,41.604177951812744,"['mobilenet_v3_small', 'resnet101', 'resnet18']",['mobilenet_v3_small'],spoonbill,0.9957866072654724,single_model,12242.258874699473,True,n02006656,3,0.9,[],2,early_exit_first_pass=mobilenet_v3_small,1.6,greedy,0.8466666666666667,adaptive,spoonbill,,,,,,0.9957866072654724,-1.0,-1.0,-1.0,-1.0,-1.0,2.630381206895595,3.1717939541869913,-1.0,-1.0,3.43528186509324,-1.0,3.848697894876502
REQ-00061,6000,700,16.259863138198853,37.73315215110779,"['vit_b_16', 'mobilenet_v3_small', 'resnet18']","['vit_b_16', 'mobilenet_v3_small']",thunder_snake,1.0,weighted_majority,16159.09279184416,True,n01728572,3,0.9,[],2,early_exit_with_aggregation_at_mobilenet_v3_small,1.6,greedy,0.8466666666666667,adaptive,thunder_snake,,,,,thunder_snake,0.9207079410552979,-1.0,-1.0,-1.0,-1.0,0.8284624218940735,2.5039147887950994,3.0453275360864955,-1.0,-1.0,-1.0,1.3766917012641837,2.2786872720683555
REQ-00056,6000,700,19.541534900665283,34.712032079696655,"['vit_b_16', 'mobilenet_v3_small', 'resnet18']","['vit_b_16', 'mobilenet_v3_small']",garter_snake,1.0,weighted_majority,19424.67658314854,True,n01735189,3,0.9,[],2,early_exit_with_aggregation_at_mobilenet_v3_small,1.0,greedy,0.9,adaptive,garter_snake,,,,,garter_snake,0.9998483657836914,-1.0,-1.0,-1.0,-1.0,0.8745219707489014,2.3184683835026823,2.8598811307940784,-1.0,-1.0,-1.0,1.0740420385977576,1.9162338866283013
REQ-00060,6000,700,17.50460195541382,37.59120202064514,"['vit_b_16', 'mobilenet_v3_small', 'resnet18']","['vit_b_16', 'mobilenet_v3_small']",hammerhead,1.0,weighted_majority,17489.268167410046,True,n01494475,3,0.9,[],2,deadline_stop_before_resnet18,1.4,greedy,0.8644444444444445,adaptive,hammerhead,,,,,hammerhead,0.8377697467803955,-1.0,-1.0,-1.0,-1.0,0.8810408115386963,2.4014202067557,2.942832954047096,-1.0,-1.0,-1.0,1.3766917012641837,2.245634285355467
REQ-00050,6000,700,27.13222312927246,29.159170150756836,"['vit_b_16', 'resnet50', 'mobilenet_v3_small']","['vit_b_16', 'resnet50']",limpkin,1.0,weighted_majority,27104.312249924988,True,n02013706,3,0.9,[],2,early_exit_with_aggregation_at_resnet50,1.6,greedy,0.8466666666666667,adaptive,,,,limpkin,,limpkin,-1.0,-1.0,-1.0,0.9996029734611511,-1.0,0.8935982584953308,2.3525945987986847,-1.0,-1.0,2.2806790906153953,-1.0,1.4057160614201454,2.1486804783805344
REQ-00064,6000,700,17.51279902458191,39.674959897994995,"['mobilenet_v3_small', 'resnet18', 'resnet101']",['mobilenet_v3_small'],diamondback,0.43642115592956543,single_model,17493.461375124753,True,n01755581,3,0.9,[],2,deadline_stop_before_resnet18,2.0,greedy,0.8111111111111111,adaptive,diamondback,,,,,,0.43642115592956543,-1.0,-1.0,-1.0,-1.0,-1.0,2.4193990838015225,2.9608118310929186,-1.0,-1.0,3.43528186509324,-1.0,3.606247750536112
REQ-00065,6000,700,16.896862983703613,40.510788917541504,"['vit_b_16', 'mobilenet_v3_small', 'resnet18']","['vit_b_16', 'mobilenet_v3_small']",barn_spider,0.5262402242499495,weighted_majority,16879.477124661207,True,n01773549,3,0.9,[],2,deadline_stop_before_resnet18,1.4,greedy,0.8644444444444445,adaptive,garden_spider,,,,,barn_spider,0.5601872205734253,-1.0,-1.0,-1.0,-1.0,0.6222416162490845,2.624388247880321,3.1658009951717165,-1.0,-1.0,-1.0,1.914357168023989,2.855203647463202
REQ-00062,6000,700,19.2123761177063,39.14781999588013,"['vit_b_16', 'mobilenet_v3_small', 'resnet18']","['vit_b_16', 'mobilenet_v3_small']",goose,1.0,weighted_majority,19191.1254581064,True,n01855672,3,0.9,[],2,deadline_stop_before_resnet18,1.8,greedy,0.8288888888888889,adaptive,goose,,,,,goose,0.4515170156955719,-1.0,-1.0,-1.0,-1.0,0.8657031655311584,2.5099077478103733,3.051320495101769,-1.0,-1.0,-1.0,1.5940196311377655,2.4979478425826547
REQ-00068,6000,700,17.944254159927368,44.0417001247406,"['vit_b_16', 'resnet101', 'mobilenet_v3_small']","['vit_b_16', 'resnet101', 'mobilenet_v3_small']",spiny_lobster,1.0,weighted_majority,17924.538417253643,True,n01985128,3,0.9,[],2,ran_all,1.4,greedy,0.8644444444444445,adaptive,spiny_lobster,,,,spiny_lobster,spiny_lobster,0.6112640500068665,-1.0,-1.0,-1.0,0.6856508851051331,0.6636906266212463,2.94985087104434,-1.0,-1.0,-1.0,3.233206461264226,2.429508059440539,3.4347429893069585
REQ-00070,6000,700,15.52714204788208,46.541380882263184,"['vit_b_16', 'resnet101', 'mobilenet_v3_small']","['vit_b_16', 'resnet101', 'mobilenet_v3_small']",green_snake,0.4341304014172451,weighted_majority,15468.52745860815,True,n01729977,3,0.9,[],2,ran_all,0.8,greedy,0.9,adaptive,green_lizard,,,,vine_snake,green_snake,0.5116457343101501,-1.0,-1.0,-1.0,0.52934330701828,0.7986380457878113,2.756847624996091,-1.0,-1.0,-1.0,2.9317639151378034,2.144810908146837,3.0658300703061765
REQ-00073,6000,700,13.409310817718506,48.69162201881409,"['vit_b_16', 'resnet101', 'mobilenet_v3_small']","['vit_b_16', 'resnet101', 'mobilenet_v3_small']",kite,1.0,weighted_majority,13389.858916867524,True,n01608432,3,0.9,[],2,ran_all,1.2,greedy,0.8822222222222222,adaptive,kite,,,,kite,kite,0.6067922711372375,-1.0,-1.0,-1.0,0.829043447971344,0.700979471206665,2.767353715063777,-1.0,-1.0,-1.0,2.488377973135459,1.929513095598938,2.7406686942485248
