REQ-00000,6000,700,1.0129330158233643,5.9604644775390625e-06,"['mobilenet_v3_small', 'resnet18', 'resnet34']",['resnet18'],sea_slug,0.9158753156661987,single_model,942.3005003482103,True,n01950731,3,0.9,[],2,early_exit_first_finished_pass=resnet18,0.2,greedy,0.9,adaptive,,sea_slug,,,,,-1.0,0.9158753156661987,-1.0,-1.0,-1.0,-1.0,0.06248391866885496,0.09112589488193418,0.13050462710589678,-1.0,-1.0,-1.0,0.0879991606759677
REQ-00002,6000,700,0.5850303173065186,1.0597739219665527,"['resnet18', 'resnet101', 'vit_b_16']",['resnet101'],macaw,0.9999879598617554,single_model,564.4261669367552,True,n01818515,3,0.9,[],2,early_exit_first_finished_pass=resnet101,0.6,greedy,0.9,adaptive,,,,,macaw,,-1.0,-1.0,-1.0,-1.0,0.9999879598617554,-1.0,-1.0,0.14467010539374076,-1.0,-1.0,0.2532325911418067,0.23071713307931374,0.17843174970073822
REQ-00001,6000,700,2.2542707920074463,0.8283629417419434,"['resnet34', 'resnet50', 'vit_b_16']",['resnet34'],tailed_frog,0.9736623167991638,single_model,2231.2442921102047,True,n01644900,3,0.9,[],2,early_exit_first_finished_pass=resnet34,0.4,greedy,0.9,adaptive,,,tailed_frog,,,,-1.0,-1.0,0.9736623167991638,-1.0,-1.0,-1.0,-1.0,-1.0,0.13050462710589678,0.2210691168052465,-1.0,0.23071713307931374,0.16480741855442846
REQ-00004,6000,700,0.44409608840942383,3.534621000289917,"['resnet18', 'vit_b_16', 'resnet34']",['resnet18'],sulphur-crested_cockatoo,0.9987945556640625,single_model,418.9782082103193,True,n01819313,3,0.9,[],2,early_exit_first_finished_pass=resnet18,1.0,greedy,0.9,adaptive,,sulphur-crested_cockatoo,,,,,-1.0,0.9987945556640625,-1.0,-1.0,-1.0,-1.0,-1.0,0.17200688536893002,0.3182173643953071,-1.0,-1.0,0.23071713307931374,0.21425785378210757
REQ-00006,6000,700,11.114606142044067,3.651038885116577,"['resnet18', 'resnet34', 'mobilenet_v3_small']","['resnet18', 'resnet34']",tiger_shark,1.0,weighted_majority,10935.345124918967,True,n01484850,3,0.9,[],2,"early_exit_aggregate_pass_after_first_batch=['resnet18', 'resnet34']",1.4,greedy,0.8644444444444445,adaptive,,tiger_shark,tiger_shark,,,,-1.0,0.6578779220581055,0.5302683115005493,-1.0,-1.0,-1.0,6.181120531,0.16534829683203703,0.3182173643953071,-1.0,-1.0,-1.0,0.5864784584278975
REQ-00007,6000,700,13.784929990768433,4.1988160610198975,"['mobilenet_v3_small', 'resnet101', 'resnet50']","['mobilenet_v3_small', 'resnet101']",horned_viper,0.5590155076238613,weighted_majority,13750.13466598466,True,n01756291,3,0.9,[],2,deadline_stop_before_resnet50,1.6,greedy,0.8466666666666667,adaptive,sidewinder,,,,horned_viper,,0.36650773882865906,-1.0,-1.0,-1.0,0.46460479497909546,-1.0,0.4814770207021336,-1.0,-1.0,6.871084625166667,6.232885228,-1.0,1.20735223710057
REQ-00003,6000,700,15.12263298034668,3.1915910243988037,"['resnet18', 'resnet101', 'vit_b_16']","['resnet18', 'resnet101', 'vit_b_16']",sea_anemone,0.6326946739813022,weighted_majority,15100.827250164002,True,n01914609,3,0.9,[],2,ran_all,0.8,greedy,0.9,adaptive,,jellyfish,,,sea_anemone,sea_anemone,-1.0,0.8142545223236084,-1.0,-1.0,0.5887228846549988,0.8138554692268372,-1.0,0.1789160948543667,-1.0,-1.0,0.25535823202762603,0.23071713307931374,0.21091043156066672
REQ-00009,6000,700,13.233451843261719,5.1009438037872314,"['mobilenet_v3_small', 'resnet50', 'resnet34']","['mobilenet_v3_small', 'resnet50']",bulbul,1.0,weighted_majority,13171.353208832443,True,n01560419,3,0.9,[],2,"early_exit_aggregate_pass_after_first_batch=['mobilenet_v3_small', 'resnet50']",1.8,greedy,0.8288888888888889,adaptive,bulbul,,,bulbul,,,0.8643200993537903,-1.0,-1.0,0.9624814391136169,-1.0,-1.0,0.9629540414042672,-1.0,7.5161831937854675,7.352561645868801,-1.0,-1.0,1.8070777169279635
REQ-00008,6000,700,16.412302017211914,4.997099876403809,"['mobilenet_v3_small', 'resnet101', 'resnet50']","['mobilenet_v3_small', 'resnet101']",albatross,1.0,weighted_majority,16387.87933299318,True,n02058221,3,0.9,[],2,"early_exit_aggregate_pass_after_first_batch=['mobilenet_v3_small', 'resnet101']",1.8,greedy,0.8288888888888889,adaptive,albatross,,,,albatross,,0.35773321986198425,-1.0,-1.0,-1.0,0.9908018708229065,-1.0,0.9629540414042672,-1.0,-1.0,7.352561645868801,6.62244055475,-1.0,1.710841015418308
REQ-00011,6000,700,15.673820972442627,6.3278889656066895,"['mobilenet_v3_small', 'resnet50', 'resnet34']",['mobilenet_v3_small'],great_grey_owl,0.9999984502792358,single_model,15588.464250322431,True,n01622779,3,0.9,[],2,early_exit_first_finished_pass=mobilenet_v3_small,1.8,greedy,0.8288888888888889,adaptive,great_grey_owl,,,,,,0.9999984502792358,-1.0,-1.0,-1.0,-1.0,-1.0,2.5603559425204008,-1.0,8.794104714678374,8.630483166761707,-1.0,-1.0,3.4618450941184213
REQ-00005,6000,700,19.015824794769287,3.631962776184082,"['resnet34', 'resnet101', 'mobilenet_v3_small']","['resnet34', 'resnet101']",hammerhead,0.6306982277121658,weighted_majority,18957.798874936998,True,n01494475,3,0.9,[],2,deadline_stop_before_mobilenet_v3_small,1.2,greedy,0.8822222222222222,adaptive,,,coho,,hammerhead,,-1.0,-1.0,0.48099496960639954,-1.0,0.8214492797851562,-1.0,6.181120531,-1.0,0.3182173643953071,-1.0,6.232885228,-1.0,0.855247460476896
REQ-00018,6000,700,14.796263217926025,8.411220073699951,"['vit_b_16', 'resnet101', 'resnet18']",['vit_b_16'],kite,0.9022970795631409,single_model,14764.731500297785,True,n01608432,3,0.9,[],2,early_exit_first_finished_pass=vit_b_16,3.0,greedy,0.7222222222222222,adaptive,,,,,,kite,-1.0,-1.0,-1.0,-1.0,-1.0,0.9022970795631409,-1.0,6.550810432702305,-1.0,-1.0,6.62244055475,0.6779347335070938,1.3210660459292771
REQ-00010,6000,700,18.26806092262268,6.264790773391724,"['mobilenet_v3_small', 'resnet50', 'resnet34']",['mobilenet_v3_small'],snail,0.9254665970802307,single_model,18246.748125180602,True,n01944390,3,0.9,[],2,early_exit_first_finished_pass=mobilenet_v3_small,1.6,greedy,0.8466666666666667,adaptive,snail,,,,,,0.9254665970802307,-1.0,-1.0,-1.0,-1.0,-1.0,2.5603559425204008,-1.0,9.113585094901602,8.949963546984934,-1.0,-1.0,3.500088744834638
REQ-00013,6000,700,25.746398210525513,6.932614803314209,"['mobilenet_v3_small', 'resnet50', 'resnet34']",['mobilenet_v3_small'],red-backed_sandpiper,0.98676598072052,single_model,25726.822416763753,True,n02027492,3,0.9,[],2,early_exit_first_finished_pass=mobilenet_v3_small,2.2,greedy,0.7933333333333333,adaptive,red-backed_sandpiper,,,,,,0.98676598072052,-1.0,-1.0,-1.0,-1.0,-1.0,3.5187970831900803,-1.0,10.07202623557128,9.908404687654613,-1.0,-1.0,4.515895361578642
REQ-00019,6000,700,25.621304035186768,8.42997694015503,"['vit_b_16', 'resnet101', 'resnet18']","['vit_b_16', 'resnet101']",terrapin,1.0,weighted_majority,25469.04587512836,True,n01667778,3,0.9,[],2,"early_exit_aggregate_pass_after_first_batch=['vit_b_16', 'resnet101']",3.0,greedy,0.7222222222222222,adaptive,,,,,terrapin,terrapin,-1.0,-1.0,-1.0,-1.0,0.9236143231391907,0.8839914798736572,-1.0,6.550810432702305,-1.0,-1.0,6.62244055475,0.6779347335070938,1.3210660459292771
REQ-00024,6000,700,25.264718294143677,10.332151889801025,"['vit_b_16', 'resnet34', 'resnet18']",['vit_b_16'],sea_snake,0.9448289275169373,single_model,25239.0967910178,True,n01751748,3,0.9,[],2,early_exit_first_finished_pass=vit_b_16,3.0,greedy,0.7222222222222222,adaptive,,,,,,sea_snake,-1.0,-1.0,-1.0,-1.0,-1.0,0.9448289275169373,-1.0,6.221510730641715,6.542653479849236,-1.0,-1.0,2.841995922324914,3.4435407691363755
REQ-00015,6000,700,31.086071014404297,7.223674774169922,"['mobilenet_v3_small', 'resnet50', 'resnet34']",['mobilenet_v3_small'],bee_eater,0.9996775388717651,single_model,30975.22029094398,True,n01828970,3,0.9,[],2,early_exit_first_finished_pass=mobilenet_v3_small,2.6,greedy,0.7577777777777778,adaptive,bee_eater,,,,,,0.9996775388717651,-1.0,-1.0,-1.0,-1.0,-1.0,3.6654136283230008,-1.0,10.791233166134756,10.62761161821809,-1.0,-1.0,4.739829714638457
REQ-00014,6000,700,33.215254068374634,7.157549858093262,"['mobilenet_v3_small', 'resnet50', 'resnet34']","['mobilenet_v3_small', 'resnet50']",tailed_frog,1.0,weighted_majority,33178.629875183105,True,n01644900,3,0.9,[],2,"early_exit_aggregate_pass_after_first_batch=['mobilenet_v3_small', 'resnet50']",2.4,greedy,0.7755555555555556,adaptive,tailed_frog,,,tailed_frog,,,0.8894950151443481,-1.0,-1.0,0.912392795085907,-1.0,-1.0,3.867321134342692,-1.0,10.17851969564569,10.014898147729022,-1.0,-1.0,4.85630712318539
REQ-00017,6000,700,33.17137694358826,7.771772861480713,['mobilenet_v3_small'],['mobilenet_v3_small'],hermit_crab,0.7533812522888184,single_model,33147.31641719118,True,n01986214,3,0.9,[],2,ran_all,3.0,greedy,0.7222222222222222,adaptive,hermit_crab,,,,,,0.7533812522888184,-1.0,-1.0,-1.0,-1.0,-1.0,12.159907959492458,-1.0,-1.0,-1.0,-1.0,-1.0,12.169504959492457
REQ-00012,6000,700,34.49310302734375,6.632547855377197,"['mobilenet_v3_small', 'resnet50', 'resnet34']","['mobilenet_v3_small', 'resnet50']",stingray,1.0,weighted_majority,34471.70150000602,True,n01498041,3,0.9,[],2,"early_exit_aggregate_pass_after_first_batch=['mobilenet_v3_small', 'resnet50']",2.0,greedy,0.8111111111111111,adaptive,stingray,,,stingray,,,0.43325772881507874,-1.0,-1.0,0.8830134272575378,-1.0,-1.0,2.7885562141084197,-1.0,9.912286045459666,9.748664497543,-1.0,-1.0,3.8102396965288343
REQ-00028,6000,700,32.121866941452026,10.997227668762207,"['vit_b_16', 'resnet34', 'resnet18']",['vit_b_16'],water_ouzel,0.9058651328086853,single_model,31716.53658291325,True,n01601694,3,0.9,[],2,early_exit_first_finished_pass=vit_b_16,3.6,greedy,0.6688888888888889,adaptive,,,,,,water_ouzel,-1.0,-1.0,-1.0,-1.0,-1.0,0.9058651328086853,-1.0,6.434071056963072,6.755213806170594,-1.0,-1.0,2.4366887072401706,3.08458785398231
REQ-00020,6000,700,34.859633922576904,9.440049886703491,"['vit_b_16', 'resnet34', 'resnet18']","['vit_b_16', 'resnet34']",red-breasted_merganser,0.5896592467900048,weighted_majority,34831.41733286902,True,n02037110,3,0.9,[],2,deadline_stop_before_resnet18,2.6,greedy,0.7577777777777778,adaptive,,,red-breasted_merganser,,,oystercatcher,-1.0,-1.0,0.7477140426635742,-1.0,-1.0,0.5203302502632141,-1.0,5.93809696221324,6.259239711420761,-1.0,-1.0,4.328122377635641,4.8150717866070325
REQ-00021,6000,700,34.81740736961365,9.517644882202148,"['vit_b_16', 'resnet34', 'resnet18']","['vit_b_16', 'resnet34']",goldfinch,1.0,weighted_majority,34696.690000128,True,n01531178,3,0.9,[],2,"early_exit_aggregate_pass_after_first_batch=['vit_b_16', 'resnet34']",2.8,greedy,0.74,adaptive,,,goldfinch,,,goldfinch,-1.0,-1.0,0.9989325404167175,-1.0,-1.0,0.8929598927497864,-1.0,5.93809696221324,6.259239711420761,-1.0,-1.0,3.7336717955113503,4.253803304516503
REQ-00023,6000,700,36.84319806098938,10.217010021209717,"['vit_b_16', 'resnet34', 'resnet18']","['vit_b_16', 'resnet34']",lorikeet,1.0,weighted_majority,36826.46887516603,True,n01820546,3,0.9,[],2,"early_exit_aggregate_pass_after_first_batch=['vit_b_16', 'resnet34']",2.8,greedy,0.74,adaptive,,,lorikeet,,,lorikeet,-1.0,-1.0,0.9980695843696594,-1.0,-1.0,0.8846368789672852,-1.0,6.150657288534596,6.471800037742118,-1.0,-1.0,3.0542997016550175,3.6360837515155047
REQ-00030,6000,700,32.951987981796265,14.574711799621582,"['vit_b_16', 'resnet34', 'resnet18']",['vit_b_16'],chiton,0.901211678981781,single_model,32919.40883407369,True,n01955084,3,0.9,[],2,early_exit_first_finished_pass=vit_b_16,2.0,greedy,0.8111111111111111,adaptive,,,,,,chiton,-1.0,-1.0,-1.0,-1.0,-1.0,0.901211678981781,-1.0,6.566385213167407,6.887527962374929,-1.0,-1.0,2.2050845843346027,2.8806833158761247
REQ-00022,6000,700,39.404515981674194,9.571014881134033,"['vit_b_16', 'resnet34', 'resnet18']","['vit_b_16', 'resnet34']",sea_slug,1.0,weighted_majority,39203.97920766845,True,n01950731,3,0.9,[],2,"early_exit_aggregate_pass_after_first_batch=['vit_b_16', 'resnet34']",3.0,greedy,0.7222222222222222,adaptive,,,sea_slug,,,sea_slug,-1.0,-1.0,0.9492155313491821,-1.0,-1.0,0.7926270365715027,-1.0,6.008950404320358,6.33009315352788,-1.0,-1.0,3.7336717955113503,4.26171335145542
REQ-00016,6000,700,41.619664907455444,7.366761922836304,"['resnet18', 'resnet50']","['resnet18', 'resnet50']",terrapin,1.0,weighted_majority,41514.53245803714,True,n01667778,3,0.9,[],2,"early_exit_aggregate_pass_after_first_batch=['resnet18', 'resnet50']",2.8,greedy,0.74,adaptive,,terrapin,,terrapin,,,-1.0,0.8807955384254456,-1.0,0.9458868503570557,-1.0,-1.0,-1.0,5.376110675216647,-1.0,11.718096744305413,-1.0,-1.0,5.756886902072947
REQ-00025,6000,700,43.15245795249939,10.406955003738403,"['vit_b_16', 'resnet34', 'resnet18']","['vit_b_16', 'resnet34']",redshank,1.0,weighted_majority,43033.502500038594,True,n02028035,3,0.9,[],2,"early_exit_aggregate_pass_after_first_batch=['vit_b_16', 'resnet34']",3.2,greedy,0.7044444444444444,adaptive,,,redshank,,,redshank,-1.0,-1.0,0.9969151020050049,-1.0,-1.0,0.8417642116546631,-1.0,6.292364172748834,6.613506921956356,-1.0,-1.0,2.6768707606237223,3.295542904383479
REQ-00026,6000,700,44.505051136016846,10.900930881500244,"['vit_b_16', 'resnet34', 'resnet18']","['vit_b_16', 'resnet34']",indigo_bunting,1.0,weighted_majority,44484.109584242105,True,n01537544,3,0.9,[],2,"early_exit_aggregate_pass_after_first_batch=['vit_b_16', 'resnet34']",3.4,greedy,0.6866666666666666,adaptive,,,indigo_bunting,,,indigo_bunting,-1.0,-1.0,0.9936717748641968,-1.0,-1.0,0.8680362105369568,-1.0,6.3632176148559525,6.684360364063474,-1.0,-1.0,2.544770631262769,3.1787266219689445
REQ-00027,6000,700,49.74640989303589,10.978904724121094,"['vit_b_16', 'resnet34', 'resnet18']","['vit_b_16', 'resnet34']",flatworm,1.0,weighted_majority,49581.369374878705,True,n01924916,3,0.9,[],2,"early_exit_aggregate_pass_after_first_batch=['vit_b_16', 'resnet34']",3.6,greedy,0.6688888888888889,adaptive,,,flatworm,,,flatworm,-1.0,-1.0,0.997113823890686,-1.0,-1.0,0.8858648538589478,-1.0,6.434071056963072,6.755213806170594,-1.0,-1.0,2.4366887072401706,3.08458785398231
REQ-00029,6000,700,50.204211950302124,11.138027667999268,"['vit_b_16', 'resnet34', 'resnet18']","['vit_b_16', 'resnet34']",oystercatcher,1.0,weighted_majority,49665.7147500664,True,n02037110,3,0.9,[],2,"early_exit_aggregate_pass_after_first_batch=['vit_b_16', 'resnet34']",3.4,greedy,0.6866666666666666,adaptive,,,oystercatcher,,,oystercatcher,-1.0,-1.0,0.9997808337211609,-1.0,-1.0,0.8884809613227844,-1.0,6.39394797190456,6.715090721112082,-1.0,-1.0,2.2704088241284808,2.923110353703964
REQ-00039,6000,700,38.48133707046509,24.744832754135132,"['resnet101', 'resnet34', 'resnet18']",['resnet101'],drake,0.9973860383033752,single_model,38461.58379083499,True,n01847000,3,0.9,[],2,early_exit_first_finished_pass=resnet101,0.6,greedy,0.9,adaptive,,,,,drake,,-1.0,-1.0,-1.0,-1.0,0.9973860383033752,-1.0,-1.0,4.833458480292234,5.154601229499756,-1.0,2.640827564094466,-1.0,2.989640992602706
REQ-00033,6000,700,47.72613310813904,15.970609903335571,"['vit_b_16', 'resnet34', 'resnet18']","['vit_b_16', 'resnet34']",ant,0.56993397441668,weighted_majority,47599.26083404571,True,n01776313,3,0.9,[],2,deadline_stop_before_resnet18,1.4,greedy,0.8644444444444445,adaptive,,,ant,,,ladybug,-1.0,-1.0,0.3930251896381378,-1.0,-1.0,0.29657256603240967,-1.0,6.708092097381645,7.0292348465891665,-1.0,-1.0,2.141303615513744,2.8362826805077685
REQ-00037,6000,700,41.52028489112854,23.610159873962402,"['resnet101', 'resnet34', 'resnet18']",['resnet101'],stingray,0.9657591581344604,single_model,41505.579584278166,True,n01498041,3,0.9,[],2,early_exit_first_finished_pass=resnet101,0.8,greedy,0.9,adaptive,,,,,stingray,,-1.0,-1.0,-1.0,-1.0,0.9657591581344604,-1.0,-1.0,5.836932366939107,6.1580751161466285,-1.0,2.4227283606958694,-1.0,2.866927864827045
REQ-00031,6000,700,50.8644757270813,14.809885025024414,"['vit_b_16', 'resnet34', 'resnet18']","['vit_b_16', 'resnet34']",drake,1.0,weighted_majority,50844.79962475598,True,n01847000,3,0.9,[],2,"early_exit_aggregate_pass_after_first_batch=['vit_b_16', 'resnet34']",1.8,greedy,0.8288888888888889,adaptive,,,drake,,,drake,-1.0,-1.0,0.9956868290901184,-1.0,-1.0,0.8939515352249146,-1.0,6.637238655274526,6.958381404482048,-1.0,-1.0,2.1484702431799083,2.835139221663562
REQ-00035,6000,700,46.733070850372314,19.31955885887146,"['vit_b_16', 'resnet34', 'resnet18']","['vit_b_16', 'resnet34']",hermit_crab,1.0,weighted_majority,46643.01654230803,True,n01986214,3,0.9,[],2,"early_exit_aggregate_pass_after_first_batch=['vit_b_16', 'resnet34']",1.2,greedy,0.8822222222222222,adaptive,,,hermit_crab,,,hermit_crab,-1.0,-1.0,0.9958817958831787,-1.0,-1.0,0.8879489302635193,-1.0,5.664495125676261,5.985637874883783,-1.0,-1.0,1.7697720016860623,2.368983174854759
REQ-00034,6000,700,46.82135081291199,19.25125479698181,"['vit_b_16', 'resnet34', 'resnet18']","['vit_b_16', 'resnet34']",black_grouse,1.0,weighted_majority,46797.789209056646,True,n01795545,3,0.9,[],2,"early_exit_aggregate_pass_after_first_batch=['vit_b_16', 'resnet34']",1.0,greedy,0.9,adaptive,,,black_grouse,,,black_grouse,-1.0,-1.0,0.9993875026702881,-1.0,-1.0,0.8928547501564026,-1.0,5.664495125676261,5.985637874883783,-1.0,-1.0,1.727401080841869,2.328977389441926
REQ-00032,6000,700,50.56640601158142,15.908322811126709,"['vit_b_16', 'resnet34', 'resnet18']","['vit_b_16', 'resnet34']",spotted_salamander,1.0,weighted_majority,50541.88616666943,True,n01632458,3,0.9,[],2,"early_exit_aggregate_pass_after_first_batch=['vit_b_16', 'resnet34']",1.2,greedy,0.8822222222222222,adaptive,,,spotted_salamander,,,spotted_salamander,-1.0,-1.0,0.9900391697883606,-1.0,-1.0,0.8913348317146301,-1.0,6.708092097381645,7.0292348465891665,-1.0,-1.0,2.098932694669551,2.7962768950949353
REQ-00038,6000,700,42.63940787315369,24.554795026779175,"['resnet101', 'resnet34', 'resnet18']","['resnet101', 'resnet34']",hog,0.5060060398914605,weighted_majority,42617.82566597685,True,n01883070,3,0.9,[],2,deadline_stop_before_resnet18,0.6,greedy,0.9,adaptive,,,wombat,,hog,,-1.0,-1.0,0.7632557153701782,-1.0,0.781815230846405,-1.0,-1.0,4.762605038185116,5.083747787392637,-1.0,2.531777962395168,-1.0,2.879191397980904
REQ-00036,6000,700,52.46855902671814,19.618522882461548,"['vit_b_16', 'resnet34', 'resnet18']","['vit_b_16', 'resnet34']",wallaby,1.0,weighted_majority,52440.25995908305,True,n01877812,3,0.9,[],2,"early_exit_aggregate_pass_after_first_batch=['vit_b_16', 'resnet34']",1.2,greedy,0.8822222222222222,adaptive,,,wallaby,,,wallaby,-1.0,-1.0,0.5928415060043335,-1.0,-1.0,0.8433747291564941,-1.0,5.806202009890499,6.127344759098021,-1.0,-1.0,1.8121429225302557,2.4248090541454266
REQ-00041,6000,700,44.35711693763733,28.35369610786438,"['resnet101', 'resnet34', 'resnet18']",['resnet34'],lorikeet,0.9106374979019165,single_model,44335.81108273938,True,n01820546,3,0.9,[],2,early_exit_first_finished_pass=resnet34,1.0,greedy,0.9,adaptive,,,lorikeet,,,,-1.0,-1.0,0.9106374979019165,-1.0,-1.0,-1.0,-1.0,4.935042279447961,5.256185028655483,-1.0,2.774184925804677,-1.0,3.1259910661870727
REQ-00040,6000,700,47.29762101173401,26.003703832626343,"['resnet101', 'resnet34', 'resnet18']",['resnet34'],dungeness_crab,0.9290065765380859,single_model,47272.755624726415,True,n01978287,3,0.9,[],2,early_exit_first_finished_pass=resnet34,0.8,greedy,0.9,adaptive,,,dungeness_crab,,,,-1.0,-1.0,0.9290065765380859,-1.0,-1.0,-1.0,-1.0,4.904311922399353,5.225454671606875,-1.0,2.7498771657937646,-1.0,3.1000905872245093
REQ-00042,6000,700,42.31032395362854,31.127514839172363,"['resnet101', 'resnet34', 'resnet18']",['resnet34'],axolotl,0.9993895292282104,single_model,42292.913750279695,True,n01632777,3,0.9,[],2,early_exit_first_finished_pass=resnet34,0.4,greedy,0.9,adaptive,,,axolotl,,,,-1.0,-1.0,0.9993895292282104,-1.0,-1.0,-1.0,-1.0,5.00589572155508,5.327038470762602,-1.0,3.812342768940905,-1.0,4.1257187369019075
REQ-00043,6000,700,43.058706760406494,31.20933198928833,"['resnet101', 'resnet34', 'resnet18']",['resnet34'],bald_eagle,0.9982824325561523,single_model,42997.53383407369,True,n01614925,3,0.9,[],2,early_exit_first_finished_pass=resnet34,0.6,greedy,0.9,adaptive,,,bald_eagle,,,,-1.0,-1.0,0.9982824325561523,-1.0,-1.0,-1.0,-1.0,5.076749163662199,5.397891912869721,-1.0,3.9821098182827734,-1.0,4.294282868255575
REQ-00047,6000,700,43.95340394973755,33.875895738601685,"['resnet34', 'resnet18', 'resnet101']","['resnet18', 'resnet34']",flatworm,0.527742457426088,weighted_majority,43935.377958696336,True,n01950731,3,0.9,[],2,deadline_stop_before_resnet101,1.2,greedy,0.8822222222222222,adaptive,,flatworm,sea_slug,,,,-1.0,0.7796608209609985,0.6976901292800903,-1.0,-1.0,-1.0,-1.0,4.74744946160161,5.068592210809132,-1.0,5.606446180420678,-1.0,5.143902003199776
REQ-00048,6000,700,44.01421809196472,33.974841833114624,"['resnet34', 'resnet18', 'resnet101']","['resnet34', 'resnet18']",loggerhead,1.0,weighted_majority,43937.52933293581,True,n01664065,3,0.9,[],2,"early_exit_aggregate_pass_after_first_batch=['resnet34', 'resnet18']",1.4,greedy,0.8644444444444445,adaptive,,loggerhead,loggerhead,,,,-1.0,0.4905760884284973,0.8624697923660278,-1.0,-1.0,-1.0,-1.0,4.862394450048554,5.183537199256076,-1.0,5.606446180420678,-1.0,5.25884699164672
REQ-00045,6000,700,47.32577586174011,31.833674907684326,"['resnet101', 'resnet34', 'resnet18']",['resnet34'],black_widow,0.9578279256820679,single_model,47302.91508324444,True,n01774384,3,0.9,[],2,early_exit_first_finished_pass=resnet34,1.0,greedy,0.9,adaptive,,,black_widow,,,,-1.0,-1.0,0.9578279256820679,-1.0,-1.0,-1.0,-1.0,5.218456047876438,5.5395987970839595,-1.0,4.279272996122318,-1.0,4.590856619346114
REQ-00046,6000,700,46.46860313415527,32.80379295349121,"['resnet101', 'resnet34', 'resnet18']",['resnet34'],white_stork,0.9980806112289429,single_model,46448.81012476981,True,n02002556,3,0.9,[],2,early_exit_first_finished_pass=resnet34,1.2,greedy,0.8822222222222222,adaptive,,,white_stork,,,,-1.0,-1.0,0.9980806112289429,-1.0,-1.0,-1.0,-1.0,4.67659601949449,4.997738768702012,-1.0,4.4066691246199925,-1.0,4.666333115923364
REQ-00044,6000,700,47.752609968185425,31.639031887054443,"['resnet101', 'resnet34', 'resnet18']",['resnet34'],hen,0.9818374514579773,single_model,47725.99941631779,True,n01514859,3,0.9,[],2,early_exit_first_finished_pass=resnet34,0.8,greedy,0.9,adaptive,,,hen,,,,-1.0,-1.0,0.9818374514579773,-1.0,-1.0,-1.0,-1.0,5.147602605769318,5.46874535497684,-1.0,4.109505946780449,-1.0,4.422292487992447
REQ-00050,6000,700,49.076111793518066,35.22784686088562,"['resnet34', 'resnet18', 'resnet101']","['resnet18', 'resnet34']",goose,1.0,weighted_majority,49056.001792196184,True,n02018207,3,0.9,[],2,"early_exit_aggregate_pass_after_first_batch=['resnet18', 'resnet34']",1.8,greedy,0.8288888888888889,adaptive,,goose,goose,,,,-1.0,0.2196177840232849,0.2946561276912689,-1.0,-1.0,-1.0,-1.0,4.463413159120046,4.784555908327568,-1.0,5.8432370377189855,-1.0,4.875149820228707
REQ-00051,6000,700,48.525646924972534,37.494812965393066,"['resnet34', 'resnet18', 'resnet101']",['resnet18'],tench,0.9986384510993958,single_model,48502.34862463549,True,n01440764,3,0.9,[],2,early_exit_first_finished_pass=resnet18,1.2,greedy,0.8822222222222222,adaptive,,tench,,,,,-1.0,0.9986384510993958,-1.0,-1.0,-1.0,-1.0,-1.0,4.57835814756699,4.899500896774512,-1.0,5.800866116874792,-1.0,4.987359896418728
REQ-00053,6000,700,49.3112850189209,38.46092176437378,"['resnet34', 'resnet18', 'resnet101']","['resnet18', 'resnet34']",african_crocodile,0.8242150659137208,weighted_majority,49287.52474999055,True,n01978455,3,0.9,[],2,deadline_stop_before_resnet101,1.4,greedy,0.8644444444444445,adaptive,,water_snake,african_crocodile,,,,-1.0,0.07613573968410492,0.356982946395874,-1.0,-1.0,-1.0,-1.0,4.235657739030324,4.556800488237846,-1.0,5.758495196030598,-1.0,4.641924575625139
REQ-00049,6000,700,55.04112720489502,34.34896802902222,"['resnet101', 'resnet18', 'mobilenet_v3_small']","['resnet18', 'resnet101']",horned_viper,1.0,weighted_majority,55020.48491733149,True,n01756291,3,0.9,[],2,"early_exit_aggregate_pass_after_first_batch=['resnet18', 'resnet101']",1.6,greedy,0.8466666666666667,adaptive,,horned_viper,,,horned_viper,,-1.0,0.23241135478019714,-1.0,-1.0,0.28613951802253723,-1.0,6.555674578938665,4.977339438495498,-1.0,-1.0,5.606446180420678,-1.0,5.385621395378754
REQ-00054,6000,700,49.44908785820007,40.202507734298706,"['resnet34', 'resnet18', 'mobilenet_v3_small']",['resnet18'],water_ouzel,0.9991102814674377,single_model,49278.518999926746,True,n01601694,3,0.9,[],2,early_exit_first_finished_pass=resnet18,0.8,greedy,0.9,adaptive,,water_ouzel,,,,,-1.0,0.9991102814674377,-1.0,-1.0,-1.0,-1.0,5.564671065150877,3.7780123420467127,4.099155091254234,-1.0,-1.0,-1.0,4.170214139069497
REQ-00052,6000,700,52.13924503326416,38.14514994621277,"['resnet34', 'resnet18', 'resnet101']","['resnet18', 'resnet34']",hognose_snake,1.0,weighted_majority,52113.640250172466,True,n01729322,3,0.9,[],2,"early_exit_aggregate_pass_after_first_batch=['resnet18', 'resnet34']",1.2,greedy,0.8822222222222222,adaptive,,hognose_snake,hognose_snake,,,,-1.0,0.8983092904090881,0.8729795217514038,-1.0,-1.0,-1.0,-1.0,4.12071275058338,4.441855499790901,-1.0,5.758495196030598,-1.0,4.526979587178195
REQ-00055,6000,700,49.27832913398743,41.19075798988342,"['resnet18', 'resnet101', 'resnet50']","['resnet101', 'resnet18']",wallaby,1.0,weighted_majority,49263.48958397284,True,n01877812,3,0.9,[],2,"early_exit_aggregate_pass_after_first_batch=['resnet101', 'resnet18']",1.0,greedy,0.9,adaptive,,wallaby,,,wallaby,,-1.0,0.40774786472320557,-1.0,-1.0,0.8238798379898071,-1.0,-1.0,3.3977848285544785,-1.0,6.289236478114948,5.716124275186405,-1.0,3.8849142375344585
REQ-00056,6000,700,48.61205196380615,43.449185848236084,"['resnet18', 'resnet101', 'resnet50']",['resnet18'],komodo_dragon,0.9332034587860107,single_model,48596.08716703951,True,n01695060,3,0.9,[],2,early_exit_first_finished_pass=resnet18,0.8,greedy,0.9,adaptive,,komodo_dragon,,,,,-1.0,0.9332034587860107,-1.0,-1.0,-1.0,-1.0,-1.0,3.4398970647047653,-1.0,6.331348714265236,5.868173290796325,-1.0,3.9353924283797928
REQ-00059,6000,700,48.38819408416748,44.603370904922485,"['resnet18', 'resnet50', 'resnet101']",['resnet18'],sea_lion,0.9953227639198303,single_model,48227.708250284195,True,n02077923,3,0.9,[],2,early_exit_first_finished_pass=resnet18,1.2,greedy,0.8822222222222222,adaptive,,sea_lion,,,,,-1.0,0.9953227639198303,-1.0,-1.0,-1.0,-1.0,-1.0,3.4245268889413882,-1.0,6.3159785385018585,6.5785458626912465,-1.0,3.9901541971348404
REQ-00061,6000,700,48.694324016571045,46.64402484893799,"['resnet18', 'resnet101', 'resnet50']",['resnet18'],hummingbird,0.9991938471794128,single_model,48662.9694593139,True,n01833805,3,0.9,[],2,early_exit_first_finished_pass=resnet18,1.2,greedy,0.8822222222222222,adaptive,,hummingbird,,,,,-1.0,0.9991938471794128,-1.0,-1.0,-1.0,-1.0,-1.0,3.7209644594151703,-1.0,7.185869477305916,6.77296579914536,-1.0,4.29779502925929
REQ-00057,6000,700,51.5041229724884,44.319599866867065,"['resnet18', 'resnet101', 'resnet50']","['resnet18', 'resnet101']",snail,1.0,weighted_majority,51467.335749883205,True,n01944390,3,0.9,[],2,"early_exit_aggregate_pass_after_first_batch=['resnet18', 'resnet101']",0.8,greedy,0.9,adaptive,,snail,,,snail,,-1.0,0.7110372185707092,-1.0,-1.0,0.9611148238182068,-1.0,-1.0,3.3403024166408146,-1.0,6.231754066201285,6.104964148094632,-1.0,3.8488263525588966
REQ-00063,6000,700,49.728596925735474,47.50533485412598,"['resnet18', 'resnet101', 'resnet50']",['resnet18'],banded_gecko,0.99803227186203,single_model,49683.3806252107,True,n01675722,3,0.9,[],2,early_exit_first_finished_pass=resnet18,1.6,greedy,0.8466666666666667,adaptive,,banded_gecko,,,,,-1.0,0.99803227186203,-1.0,-1.0,-1.0,-1.0,-1.0,3.734335489608625,-1.0,7.19924050749937,7.161805672053587,-1.0,4.332560586390848
REQ-00064,6000,700,49.69979691505432,47.889155864715576,"['resnet18', 'resnet50', 'resnet101']",['resnet50'],great_white_shark,0.9557486772537231,single_model,49683.092083316296,True,n01484850,3,0.9,[],2,early_exit_first_finished_pass=resnet50,1.8,greedy,0.8288888888888889,adaptive,,,,great_white_shark,,,-1.0,-1.0,-1.0,0.9557486772537231,-1.0,-1.0,-1.0,3.7764477257589117,-1.0,7.241352743649657,7.3562256085077005,-1.0,4.420821235433422
REQ-00065,6000,700,52.33046102523804,47.96289682388306,"['resnet18', 'resnet101', 'resnet50']",['resnet18'],lorikeet,0.9750497937202454,single_model,52198.627959005535,True,n01820546,3,0.9,[],2,early_exit_first_finished_pass=resnet18,2.0,greedy,0.8111111111111111,adaptive,,lorikeet,,,,,-1.0,0.9750497937202454,-1.0,-1.0,-1.0,-1.0,-1.0,4.149414282883715,-1.0,7.6143193007744605,7.3562256085077005,-1.0,4.758336643134989
REQ-00062,6000,700,54.231780767440796,46.73733592033386,"['resnet18', 'resnet101', 'resnet50']","['resnet18', 'resnet101']",sandbar,0.6457267682006896,weighted_majority,54137.182167265564,True,n01986214,3,0.9,[],2,deadline_stop_before_resnet50,1.4,greedy,0.8644444444444445,adaptive,,sandbar,,,leatherback_turtle,,-1.0,0.500821053981781,-1.0,-1.0,0.2747717797756195,-1.0,-1.0,3.763076695565457,-1.0,7.227981713456202,7.009756656443667,-1.0,4.352935837652632
REQ-00058,6000,700,56.787461042404175,44.51175785064697,"['resnet18', 'resnet101', 'resnet50']","['resnet18', 'resnet101']",pelican,0.5312306353814775,weighted_majority,56772.859499789774,True,n02058221,3,0.9,[],2,deadline_stop_before_resnet50,1.0,greedy,0.9,adaptive,,black_stork,,,pelican,,-1.0,0.5575831532478333,-1.0,-1.0,0.6318784356117249,-1.0,-1.0,3.3824146527911014,-1.0,6.273866302351571,6.3417550053929395,-1.0,3.9039671609522384
REQ-00060,6000,700,56.78469109535217,44.796313762664795,"['resnet18', 'resnet101', 'resnet50']","['resnet18', 'resnet101']",sidewinder,0.5445999881354474,weighted_majority,56637.191749643534,True,n01753488,3,0.9,[],2,deadline_stop_before_resnet50,1.4,greedy,0.8644444444444445,adaptive,,diamondback,,,sidewinder,,-1.0,0.2846047580242157,-1.0,-1.0,0.34035077691078186,-1.0,-1.0,3.749705665372002,-1.0,6.641157314932472,6.5785458626912465,-1.0,4.2842867457761935
REQ-00066,6000,700,61.082695960998535,48.01971983909607,"['resnet18', 'resnet101', 'resnet50']","['resnet18', 'resnet101']",crayfish,0.5684847269659676,weighted_majority,60686.57925026491,True,n01985128,3,0.9,[],2,deadline_stop_before_resnet50,2.2,greedy,0.7933333333333333,adaptive,,crayfish,,,king_crab,,-1.0,0.6391351819038391,-1.0,-1.0,0.48514336347579956,-1.0,-1.0,4.049819634819764,-1.0,8.000518200874422,7.5930164658060075,-1.0,4.698499624380218
