REQ-00000,2000,2000,2.518160104751587,2.86102294921875e-06,"['vit_b_16', 'resnet101', 'resnet50']","['vit_b_16', 'resnet101']",indigo_bunting,1.0,weighted_majority,2501.4351669233292,True,n01537544,3,0.9,[],2,"early_exit_aggregate_pass_after_first_batch=['vit_b_16', 'resnet101']",0.2,greedy,0.1,static,,,,,indigo_bunting,indigo_bunting,-1.0,-1.0,-1.0,-1.0,0.9983729124069214,0.8918590545654297,-1.0,-1.0,-1.0,0.14813073296430698,0.33984242606543935,0.3236105116050358
REQ-00001,2000,2000,0.47242212295532227,2.4210569858551025,"['vit_b_16', 'resnet50', 'resnet34']",['vit_b_16'],chambered_nautilus,0.9063884615898132,single_model,457.9551250208169,True,n01968897,3,0.9,[],2,early_exit_first_finished_pass=vit_b_16,0.4,greedy,0.1,static,,,,,,chambered_nautilus,-1.0,-1.0,-1.0,-1.0,-1.0,0.9063884615898132,-1.0,-1.0,0.10254398712979573,0.14813073296430698,-1.0,0.4414289604445322
REQ-00003,2000,2000,0.35860514640808105,7.026736736297607,"['vit_b_16', 'resnet34', 'resnet18']",['resnet34'],chambered_nautilus,0.9999994039535522,single_model,346.2652089074254,True,n01968897,3,0.9,[],2,early_exit_first_finished_pass=resnet34,0.6,greedy,0.1,static,,,chambered_nautilus,,,,-1.0,-1.0,0.9999994039535522,-1.0,-1.0,-1.0,-1.0,0.06624814683704375,0.10254398712979573,-1.0,-1.0,0.43119456440007903
REQ-00002,2000,2000,3.4779300689697266,4.007699966430664,"['vit_b_16', 'resnet50', 'resnet34']",['resnet50'],macaw,0.9999921321868896,single_model,3459.6831668168306,True,n01818515,3,0.9,[],2,early_exit_first_finished_pass=resnet50,0.6,greedy,0.1,static,,,,macaw,,,-1.0,-1.0,-1.0,0.9999921321868896,-1.0,-1.0,-1.0,-1.0,0.10254398712979573,0.2315510596678763,-1.0,0.43119456440007903
REQ-00004,2000,2000,10.757513999938965,10.328315734863281,"['resnet101', 'resnet50', 'resnet34']","['resnet50', 'resnet101']",thunder_snake,1.0,weighted_majority,10741.94633308798,True,n01728572,3,0.9,[],2,"early_exit_aggregate_pass_after_first_batch=['resnet50', 'resnet101']",0.4,greedy,0.1,static,,,,thunder_snake,thunder_snake,,-1.0,-1.0,-1.0,0.48783132433891296,0.7771409749984741,-1.0,-1.0,-1.0,0.11761758841681616,0.5332315537010887,0.5370781834588954,-1.0
REQ-00006,2000,2000,9.50066089630127,12.552244901657104,"['vit_b_16', 'resnet18', 'mobilenet_v3_small']","['resnet18', 'vit_b_16']",kite,1.0,weighted_majority,9476.586125092581,True,n01608432,3,0.9,[],2,"early_exit_aggregate_pass_after_first_batch=['resnet18', 'vit_b_16']",0.6,greedy,0.1,static,,kite,,,,kite,-1.0,0.6992838978767395,-1.0,-1.0,-1.0,0.8876608610153198,0.04283985161114079,0.06624814683704375,-1.0,-1.0,-1.0,0.8876347571640641
REQ-00007,2000,2000,9.553270101547241,15.259750843048096,"['vit_b_16', 'mobilenet_v3_small']",['mobilenet_v3_small'],great_white_shark,0.9962241649627686,single_model,9531.755041796714,True,n01484850,3,0.9,[],2,early_exit_first_finished_pass=mobilenet_v3_small,0.8,greedy,0.1,static,great_white_shark,,,,,,0.9962241649627686,-1.0,-1.0,-1.0,-1.0,-1.0,0.04640983924540252,-1.0,-1.0,-1.0,-1.0,0.9616043202610695
REQ-00005,2000,2000,19.48481512069702,12.147026777267456,"['resnet101', 'resnet34', 'resnet18']","['resnet34', 'resnet101']",black_and_gold_garden_spider,1.0,weighted_majority,19468.25116709806,True,n01773157,3,0.9,[],2,"early_exit_aggregate_pass_after_first_batch=['resnet34', 'resnet101']",0.4,greedy,0.1,static,,,black_and_gold_garden_spider,,black_and_gold_garden_spider,,-1.0,-1.0,0.669252336025238,-1.0,0.7864454388618469,-1.0,-1.0,0.06624814683704375,0.11761758841681616,-1.0,0.5370781834588954,-1.0
REQ-00008,2000,2000,14.971787929534912,16.900810956954956,"['vit_b_16', 'mobilenet_v3_small']",['mobilenet_v3_small'],goldfinch,0.9999926090240479,single_model,14955.669291084632,True,n01531178,3,0.9,[],2,early_exit_first_finished_pass=mobilenet_v3_small,0.8,greedy,0.1,static,goldfinch,,,,,,0.9999926090240479,-1.0,-1.0,-1.0,-1.0,-1.0,0.5504169189986385,-1.0,-1.0,-1.0,-1.0,1.4656114000143055
REQ-00009,2000,2000,15.440906047821045,18.093878984451294,"['vit_b_16', 'resnet18']","['resnet18', 'vit_b_16']",sidewinder,0.6084448931685524,weighted_majority,15417.42491722107,True,n01756291,3,0.9,[],2,ran_all,0.6,greedy,0.1,static,,diamondback,,,,sidewinder,-1.0,0.5200387239456177,-1.0,-1.0,-1.0,0.8080980181694031,-1.0,1.253109094755298,-1.0,-1.0,-1.0,1.6181438135169166





REQ-00000,2000,2000,1.108159065246582,3.0994415283203125e-06,"['vit_b_16', 'resnet50', 'resnet34']",['resnet50'],wolf_spider,0.956040620803833,single_model,1085.8222080860287,True,n01775062,3,0.9,[],2,early_exit_first_finished_pass=resnet50,0.2,greedy,0.2,static,,,,wolf_spider,,,-1.0,-1.0,-1.0,0.956040620803833,-1.0,-1.0,-1.0,-1.0,0.13494606818182028,0.19276822847539377,-1.0,0.2948214805414071
REQ-00001,2000,2000,3.2195792198181152,2.7597579956054688,"['vit_b_16', 'resnet50', 'resnet34']",['resnet50'],albatross,0.9999842643737793,single_model,3197.6012499071658,True,n02058221,3,0.9,[],2,early_exit_first_finished_pass=resnet50,0.4,greedy,0.2,static,,,,albatross,,,-1.0,-1.0,-1.0,0.9999842643737793,-1.0,-1.0,-1.0,-1.0,0.13494606818182028,0.2613235056278544,-1.0,0.35625763248726644
REQ-00002,2000,2000,0.5324978828430176,6.042780876159668,"['vit_b_16', 'resnet101', 'resnet50']",['resnet101'],magpie,0.9992461204528809,single_model,515.6524579506367,True,n01582220,3,0.9,[],2,early_exit_first_finished_pass=resnet101,0.4,greedy,0.2,static,,,,,magpie,,-1.0,-1.0,-1.0,-1.0,0.9992461204528809,-1.0,-1.0,-1.0,-1.0,0.538524955065069,0.4498505347505668,0.6373624692385398
REQ-00003,2000,2000,5.2399420738220215,8.09358286857605,"['vit_b_16', 'resnet101', 'resnet50']","['vit_b_16', 'resnet101']",agama,1.0,weighted_majority,5219.070625025779,True,n01687978,3,0.9,[],2,"early_exit_aggregate_pass_after_first_batch=['vit_b_16', 'resnet101']",0.4,greedy,0.2,static,,,,,agama,agama,-1.0,-1.0,-1.0,-1.0,0.9999997615814209,0.8918716907501221,-1.0,-1.0,-1.0,0.538524955065069,0.42884498127551013,0.6851318223146858
REQ-00007,2000,2000,2.1210150718688965,15.615250825881958,"['resnet34', 'resnet18', 'mobilenet_v3_small']",['resnet18'],barn_spider,0.9541831612586975,single_model,2106.4035000745207,True,n01773549,3,0.9,[],2,early_exit_first_finished_pass=resnet18,0.6,greedy,0.2,static,,barn_spider,,,,,-1.0,0.9541831612586975,-1.0,-1.0,-1.0,-1.0,0.06910407817483913,0.10659299803676975,0.14619157386363865,-1.0,-1.0,-1.0
REQ-00008,2000,2000,0.23684310913085938,19.517042875289917,"['resnet34', 'resnet18', 'mobilenet_v3_small']",['resnet34'],goldfish,0.995166540145874,single_model,218.51620799861848,True,n01443537,3,0.9,[],2,early_exit_first_finished_pass=resnet34,0.4,greedy,0.2,static,,,goldfish,,,,-1.0,-1.0,0.995166540145874,-1.0,-1.0,-1.0,0.06378837985369766,0.10187788298439332,0.14082076136363825,-1.0,-1.0,-1.0
REQ-00006,2000,2000,11.176156044006348,14.18298077583313,"['vit_b_16', 'resnet50', 'resnet34']","['vit_b_16', 'resnet50']",macaw,1.0,weighted_majority,11138.49095790647,True,n01818515,3,0.9,[],2,"early_exit_aggregate_pass_after_first_batch=['vit_b_16', 'resnet50']",0.6,greedy,0.2,static,,,,macaw,,macaw,-1.0,-1.0,-1.0,0.9990149736404419,-1.0,0.8824878334999084,-1.0,-1.0,0.13494606818182028,0.538524955065069,-1.0,0.9295025400832173
REQ-00005,2000,2000,12.2289297580719,13.826901912689209,"['vit_b_16', 'resnet101', 'resnet50']","['vit_b_16', 'resnet101']",common_newt,1.0,weighted_majority,12211.747915949672,True,n01630670,3,0.9,[],2,"early_exit_aggregate_pass_after_first_batch=['vit_b_16', 'resnet101']",0.4,greedy,0.2,static,,,,,common_newt,common_newt,-1.0,-1.0,-1.0,-1.0,0.9962899684906006,0.8324585556983948,-1.0,-1.0,-1.0,0.538524955065069,0.8773524831479591,0.9295025400832173
REQ-00004,2000,2000,16.750202178955078,9.325345993041992,"['vit_b_16', 'resnet101', 'resnet50']","['vit_b_16', 'resnet101']",goose,1.0,weighted_majority,16729.148499900475,True,n01855672,3,0.9,[],2,"early_exit_aggregate_pass_after_first_batch=['vit_b_16', 'resnet101']",0.6,greedy,0.2,static,,,,,goose,goose,-1.0,-1.0,-1.0,-1.0,0.9976143836975098,0.8821006417274475,-1.0,-1.0,-1.0,0.538524955065069,0.42884498127551013,0.6851318223146858





REQ-00000,2000,2000,1.738050937652588,3.0994415283203125e-06,"['vit_b_16', 'resnet101', 'resnet50']",['resnet101'],king_snake,0.9942518472671509,single_model,1720.5606249626726,True,n01734418,3,0.9,[],2,early_exit_first_finished_pass=resnet101,0.2,greedy,0.3,static,,,,,king_snake,,-1.0,-1.0,-1.0,-1.0,0.9942518472671509,-1.0,-1.0,-1.0,-1.0,0.20798917687011936,0.3975192566501307,0.31246900582541753
REQ-00003,2000,2000,13.564175844192505,3.2712810039520264,"['vit_b_16', 'resnet50', 'resnet34']","['vit_b_16', 'resnet50']",barn_spider,1.0,weighted_majority,13548.683083849028,True,n01773549,3,0.9,[],2,"early_exit_aggregate_pass_after_first_batch=['vit_b_16', 'resnet50']",0.8,greedy,0.3,static,,,,barn_spider,,barn_spider,-1.0,-1.0,-1.0,0.8385837078094482,-1.0,0.7213072776794434,-1.0,-1.0,0.1066240241789331,0.20798917687011936,-1.0,0.44664150524287577
REQ-00005,2000,2000,6.376463174819946,10.667130947113037,"['vit_b_16', 'resnet18', 'mobilenet_v3_small']",['resnet18'],pelican,0.9999556541442871,single_model,6353.66987506859,True,n02051845,3,0.9,[],2,early_exit_first_finished_pass=resnet18,0.4,greedy,0.3,static,,pelican,,,,,-1.0,0.9999556541442871,-1.0,-1.0,-1.0,-1.0,0.052307284412107316,0.1328750018535602,-1.0,-1.0,-1.0,1.147297617611804
REQ-00004,2000,2000,12.596462965011597,7.337460041046143,"['resnet34', 'resnet18', 'mobilenet_v3_small']","['resnet18', 'resnet34']",macaw,1.0,weighted_majority,12577.857375144958,True,n01818515,3,0.9,[],2,"early_exit_aggregate_pass_after_first_batch=['resnet18', 'resnet34']",0.8,greedy,0.3,static,,macaw,macaw,,,,-1.0,0.47432810068130493,0.9438763856887817,-1.0,-1.0,-1.0,0.052307284412107316,0.08521866872617798,0.11550935952717753,-1.0,-1.0,-1.0
REQ-00006,2000,2000,12.038990020751953,10.896330118179321,"['vit_b_16', 'resnet18', 'mobilenet_v3_small']",['resnet18'],limpkin,0.9975253939628601,single_model,12021.731457905844,True,n02013706,3,0.9,[],2,early_exit_first_finished_pass=resnet18,0.6,greedy,0.3,static,,limpkin,,,,,-1.0,0.9975253939628601,-1.0,-1.0,-1.0,-1.0,0.6923935941447893,0.7729613115862422,-1.0,-1.0,-1.0,1.7873839273444858
REQ-00002,2000,2000,24.86263918876648,3.0150022506713867,"['vit_b_16', 'resnet101', 'resnet50']","['vit_b_16', 'resnet101']",spoonbill,1.0,weighted_majority,24831.150874961168,True,n02006656,3,0.9,[],2,"early_exit_aggregate_pass_after_first_batch=['vit_b_16', 'resnet101']",0.6,greedy,0.3,static,,,,,spoonbill,spoonbill,-1.0,-1.0,-1.0,-1.0,0.9999862909317017,0.8905044198036194,-1.0,-1.0,-1.0,0.20798917687011936,0.5094069309851177,0.44664150524287577
REQ-00007,2000,2000,17.71332621574402,11.063583135604858,"['vit_b_16', 'resnet18', 'mobilenet_v3_small']",['resnet18'],macaw,0.9999922513961792,single_model,17699.506083969027,True,n01818515,3,0.9,[],2,early_exit_first_finished_pass=resnet18,0.8,greedy,0.3,static,,macaw,,,,,-1.0,0.9999922513961792,-1.0,-1.0,-1.0,-1.0,0.6923935941447893,0.7729613115862422,-1.0,-1.0,-1.0,1.7873839273444858
REQ-00010,2000,2000,12.962216138839722,16.525561094284058,['mobilenet_v3_small'],['mobilenet_v3_small'],tarantula,0.8163818120956421,single_model,12944.30466601625,True,n01774750,3,0.9,[],2,ran_all,0.6,greedy,0.3,static,tarantula,,,,,,0.8163818120956421,-1.0,-1.0,-1.0,-1.0,-1.0,0.6084251619561357,-1.0,-1.0,-1.0,-1.0,-1.0
REQ-00001,2000,2000,27.521363973617554,2.785473108291626,"['vit_b_16', 'resnet101', 'resnet50']","['vit_b_16', 'resnet101']",agama,1.0,weighted_majority,27504.9280829262,True,n01687978,3,0.9,[],2,"early_exit_aggregate_pass_after_first_batch=['vit_b_16', 'resnet101']",0.4,greedy,0.3,static,,,,,agama,agama,-1.0,-1.0,-1.0,-1.0,0.9979897737503052,0.882806122303009,-1.0,-1.0,-1.0,0.20798917687011936,0.5094069309851177,0.44664150524287577
REQ-00008,2000,2000,19.528666019439697,11.597057104110718,"['vit_b_16', 'resnet18', 'mobilenet_v3_small']",['resnet18'],nematode,0.975987434387207,single_model,19244.233208009973,True,n01930112,3,0.9,[],2,early_exit_first_finished_pass=resnet18,1.0,greedy,0.3,static,,nematode,,,,,-1.0,0.975987434387207,-1.0,-1.0,-1.0,-1.0,0.6923935941447893,0.7729613115862422,-1.0,-1.0,-1.0,1.7873839273444858
REQ-00011,2000,2000,16.32157015800476,17.51018500328064,['mobilenet_v3_small'],['mobilenet_v3_small'],spotted_salamander,0.9759063720703125,single_model,16304.206915898249,True,n01632458,3,0.9,[],2,early_exit_first_pass=mobilenet_v3_small,0.6,greedy,0.3,static,spotted_salamander,,,,,,0.9759063720703125,-1.0,-1.0,-1.0,-1.0,-1.0,0.4964672523712644,-1.0,-1.0,-1.0,-1.0,-1.0
REQ-00009,2000,2000,17.63272500038147,16.249042987823486,['mobilenet_v3_small'],['mobilenet_v3_small'],black_and_gold_garden_spider,0.7184476852416992,single_model,17613.274625036865,True,n01773157,3,0.9,[],2,ran_all,0.4,greedy,0.3,static,black_and_gold_garden_spider,,,,,,0.7184476852416992,-1.0,-1.0,-1.0,-1.0,-1.0,0.6923935941447893,-1.0,-1.0,-1.0,-1.0,-1.0
REQ-00012,2000,2000,16.39028000831604,19.173670053482056,['mobilenet_v3_small'],['mobilenet_v3_small'],sulphur-crested_cockatoo,0.9998403787612915,single_model,16367.638374911621,True,n01819313,3,0.9,[],2,early_exit_first_pass=mobilenet_v3_small,0.8,greedy,0.3,static,sulphur-crested_cockatoo,,,,,,0.9998403787612915,-1.0,-1.0,-1.0,-1.0,-1.0,0.4404882975788287,-1.0,-1.0,-1.0,-1.0,-1.0




REQ-00000,2000,2000,8.05698299407959,3.0994415283203125e-06,"['vit_b_16', 'resnet101', 'resnet50']","['vit_b_16', 'resnet101']",black_and_gold_garden_spider,1.0,weighted_majority,8040.548375109211,True,n01773157,3,0.9,[],2,"early_exit_aggregate_pass_after_first_batch=['vit_b_16', 'resnet101']",0.2,greedy,0.4,static,,,,,black_and_gold_garden_spider,black_and_gold_garden_spider,-1.0,-1.0,-1.0,-1.0,0.6328008770942688,0.6817843914031982,-1.0,-1.0,-1.0,0.1891894182589468,0.4605295830566516,0.3877815775851335
REQ-00002,2000,2000,7.057356595993042,3.029207229614258,"['vit_b_16', 'resnet50', 'resnet34']","['resnet50', 'vit_b_16']",sea_slug,1.0,weighted_majority,7039.513416821137,True,n01950731,3,0.9,[],2,"early_exit_aggregate_pass_after_first_batch=['resnet50', 'vit_b_16']",0.6,greedy,0.4,static,,,,sea_slug,,sea_slug,-1.0,-1.0,-1.0,0.7870750427246094,-1.0,0.8937451243400574,-1.0,-1.0,0.1336746592460308,0.1891894182589468,-1.0,0.6380834198266201
REQ-00005,2000,2000,0.6181039810180664,10.971771001815796,"['resnet18', 'mobilenet_v3_small']","['mobilenet_v3_small', 'resnet18']",night_snake,0.7386631515851497,weighted_majority,600.5605410318822,True,n01740131,3,0.9,[],2,ran_all,0.6,greedy,0.4,static,horned_viper,night_snake,,,,,0.20744775235652924,0.5863467454910278,-1.0,-1.0,-1.0,-1.0,0.08897081847782848,0.11036718755702277,-1.0,-1.0,-1.0,-1.0
REQ-00004,2000,2000,4.228603839874268,10.175711154937744,"['resnet101', 'resnet34', 'resnet18']",['resnet34'],white_stork,0.9893134236335754,single_model,4208.971458021551,True,n02002556,3,0.9,[],2,early_exit_first_finished_pass=resnet34,0.4,greedy,0.4,static,,,white_stork,,,,-1.0,-1.0,0.9893134236335754,-1.0,-1.0,-1.0,-1.0,0.11036718755702277,0.1336746592460308,-1.0,1.1956676247509865,-1.0
REQ-00006,2000,2000,3.391265869140625,14.123218059539795,"['resnet18', 'mobilenet_v3_small']",['mobilenet_v3_small'],king_snake,0.9990045428276062,single_model,3307.337624952197,True,n01734418,3,0.9,[],2,early_exit_first_finished_pass=mobilenet_v3_small,0.6,greedy,0.4,static,king_snake,,,,,,0.9990045428276062,-1.0,-1.0,-1.0,-1.0,-1.0,0.12562213663004562,0.10273426880132049,-1.0,-1.0,-1.0,-1.0
REQ-00007,2000,2000,2.145508050918579,15.51723027229309,"['resnet34', 'resnet18', 'mobilenet_v3_small']",['resnet18'],bustard,0.928517758846283,single_model,2115.3174170758575,True,n02018795,3,0.9,[],2,early_exit_first_finished_pass=resnet18,0.6,greedy,0.4,static,,bustard,,,,,-1.0,0.928517758846283,-1.0,-1.0,-1.0,-1.0,0.13609064801588275,0.11129545786809719,0.5712541177648801,-1.0,-1.0,-1.0
REQ-00001,2000,2000,17.325358867645264,1.059070110321045,"['vit_b_16', 'resnet101', 'resnet50']","['vit_b_16', 'resnet101']",goldfish,1.0,weighted_majority,17303.813749924302,True,n01443537,3,0.9,[],2,"early_exit_aggregate_pass_after_first_batch=['vit_b_16', 'resnet101']",0.4,greedy,0.4,static,,,,,goldfish,goldfish,-1.0,-1.0,-1.0,-1.0,0.9999624490737915,0.8598877191543579,-1.0,-1.0,-1.0,0.1891894182589468,0.4605295830566516,0.3877815775851335
REQ-00003,2000,2000,13.422742128372192,7.43350887298584,"['vit_b_16', 'resnet50', 'resnet34']","['vit_b_16', 'resnet50']",black_widow,1.0,weighted_majority,13406.907584052533,True,n01774384,3,0.9,[],2,"early_exit_aggregate_pass_after_first_batch=['vit_b_16', 'resnet50']",0.4,greedy,0.4,static,,,,black_widow,,black_widow,-1.0,-1.0,-1.0,0.9907991290092468,-1.0,0.8548193573951721,-1.0,-1.0,0.1336746592460308,0.2419036764330521,-1.0,0.6380834198266201
REQ-00010,2000,2000,6.91956090927124,17.942572116851807,"['resnet18', 'mobilenet_v3_small']",['resnet18'],red-backed_sandpiper,0.9586805105209351,single_model,6905.092250090092,True,n02027492,3,0.9,[],2,early_exit_first_finished_pass=resnet18,1.0,greedy,0.4,static,,red-backed_sandpiper,,,,,-1.0,0.9586805105209351,-1.0,-1.0,-1.0,-1.0,0.916105716428589,0.5670153240874533,-1.0,-1.0,-1.0,-1.0
REQ-00009,2000,2000,7.390766143798828,17.555984020233154,['mobilenet_v3_small'],['mobilenet_v3_small'],bee_eater,0.9987599849700928,single_model,7373.898999998346,True,n01828970,3,0.9,[],2,early_exit_first_pass=mobilenet_v3_small,0.8,greedy,0.4,static,bee_eater,,,,,,0.9987599849700928,-1.0,-1.0,-1.0,-1.0,-1.0,0.7993276460307832,-1.0,-1.0,-1.0,-1.0,-1.0
REQ-00008,2000,2000,10.38109016418457,15.53182315826416,"['resnet34', 'resnet18', 'mobilenet_v3_small']","['resnet18', 'resnet34']",green_lizard,1.0,weighted_majority,10281.337083084509,True,n01693334,3,0.9,[],2,"early_exit_aggregate_pass_after_first_batch=['resnet18', 'resnet34']",0.8,greedy,0.4,static,,green_lizard,green_lizard,,,,-1.0,0.634765625,0.8973515033721924,-1.0,-1.0,-1.0,0.13609064801588275,0.11129545786809719,0.5712541177648801,-1.0,-1.0,-1.0




REQ-00001,2000,2000,6.234151124954224,0.3505430221557617,"['vit_b_16', 'resnet101', 'resnet50']",['resnet101'],limpkin,0.99817955493927,single_model,6218.445208156481,True,n02013706,3,0.9,[],2,early_exit_first_finished_pass=resnet101,0.4,greedy,0.5,static,,,,,limpkin,,-1.0,-1.0,-1.0,-1.0,0.99817955493927,-1.0,-1.0,-1.0,-1.0,0.19105261325650014,0.39471996608737253,0.3149103342082252
REQ-00002,2000,2000,7.729861736297607,0.7989928722381592,"['vit_b_16', 'resnet50', 'resnet34']",['vit_b_16'],tick,0.9095579981803894,single_model,7714.867749949917,True,n01776313,3,0.9,[],2,early_exit_first_finished_pass=vit_b_16,0.6,greedy,0.5,static,,,,,,tick,-1.0,-1.0,-1.0,-1.0,-1.0,0.9095579981803894,-1.0,-1.0,0.14581045966764203,0.19105261325650014,-1.0,0.3149103342082252
REQ-00004,2000,2000,7.029493093490601,2.8273749351501465,"['resnet34', 'resnet18', 'mobilenet_v3_small']",['resnet18'],leatherback_turtle,0.9967285394668579,single_model,7013.039791025221,True,n01665541,3,0.9,[],2,early_exit_first_finished_pass=resnet18,1.0,greedy,0.5,static,,leatherback_turtle,,,,,-1.0,0.9967285394668579,-1.0,-1.0,-1.0,-1.0,0.22407739410925503,0.24351232500056635,0.291785883409005,-1.0,-1.0,-1.0
REQ-00003,2000,2000,10.125627040863037,1.2145259380340576,"['resnet34', 'resnet18', 'mobilenet_v3_small']",['resnet18'],agama,0.9999202489852905,single_model,10107.72179090418,True,n01687978,3,0.9,[],2,early_exit_first_finished_pass=resnet18,0.8,greedy,0.5,static,,agama,,,,,-1.0,0.9999202489852905,-1.0,-1.0,-1.0,-1.0,0.09025284200686218,0.10968777289817348,0.1579613313066122,-1.0,-1.0,-1.0
REQ-00000,2000,2000,15.34659481048584,2.86102294921875e-06,"['vit_b_16', 'resnet101', 'resnet50']","['vit_b_16', 'resnet101']",sea_snake,1.0,weighted_majority,15328.119750134647,True,n01751748,3,0.9,[],2,"early_exit_aggregate_pass_after_first_batch=['vit_b_16', 'resnet101']",0.2,greedy,0.5,static,,,,,sea_snake,sea_snake,-1.0,-1.0,-1.0,-1.0,0.99842369556427,0.8451460003852844,-1.0,-1.0,-1.0,0.19105261325650014,0.39471996608737253,0.3149103342082252
REQ-00005,2000,2000,11.459370136260986,6.6113197803497314,"['resnet101', 'resnet34', 'resnet18']",['resnet101'],snail,0.9635301232337952,single_model,11441.219749860466,True,n01944390,3,0.9,[],2,early_exit_first_finished_pass=resnet101,0.4,greedy,0.5,static,,,,,snail,,-1.0,-1.0,-1.0,-1.0,0.9635301232337952,-1.0,-1.0,0.2515579180686395,0.29983147647707814,-1.0,1.1803988371056544,-1.0
REQ-00000,2000,2000,1.2066118717193604,3.0994415283203125e-06,"['vit_b_16', 'resnet101', 'resnet50']","['resnet101', 'vit_b_16', 'resnet50']",green_snake,0.74422401504093,weighted_majority,1183.3787499926984,True,n01729977,3,0.9,[],2,ran_all,0.2,greedy,0.5,static,,,,green_snake,green_mamba,green_snake,-1.0,-1.0,-1.0,0.5874639749526978,0.4957379698753357,0.8549705147743225,-1.0,-1.0,-1.0,0.18730502447444775,0.3981541469341291,0.3134059281966659
REQ-00001,2000,2000,1.1327948570251465,1.1050491333007812,"['vit_b_16', 'resnet101', 'resnet34']","['resnet101', 'vit_b_16', 'resnet34']",barracouta,0.4455290929747877,weighted_majority,1108.1017500255257,True,n01698640,3,0.9,[],2,ran_all,0.4,greedy,0.5,static,,,triceratops,,barracouta,american_alligator,-1.0,-1.0,0.22252927720546722,-1.0,0.6061318516731262,0.5318153500556946,-1.0,-1.0,0.19281920039938444,-1.0,0.4306648322407162,0.3652281353769994
REQ-00002,2000,2000,1.1984930038452148,2.7534432411193848,"['vit_b_16', 'resnet101', 'resnet50']",['resnet101'],bee_eater,0.9931623935699463,single_model,1183.9611250907183,True,n01828970,3,0.9,[],2,early_exit_first_finished_pass=resnet101,0.6,greedy,0.5,static,,,,,bee_eater,,-1.0,-1.0,-1.0,-1.0,0.9931623935699463,-1.0,-1.0,-1.0,-1.0,0.182565622027003,0.4569136490166446,0.41589362183929945
REQ-00003,2000,2000,1.3910272121429443,5.6164631843566895,"['vit_b_16', 'resnet101', 'resnet50']",['vit_b_16'],redshank,0.9038278460502625,single_model,1376.4195831026882,True,n02028035,3,0.9,[],2,early_exit_first_finished_pass=vit_b_16,0.6,greedy,0.5,static,,,,,,redshank,-1.0,-1.0,-1.0,-1.0,-1.0,0.9038278460502625,-1.0,-1.0,-1.0,0.182565622027003,0.5130998841149801,0.48781925965536954
REQ-00006,2000,2000,9.134323120117188,10.49457311630249,"['vit_b_16', 'resnet34', 'resnet18']","['resnet34', 'vit_b_16']",bee_eater,1.0,weighted_majority,9118.98074997589,True,n01828970,3,0.9,[],2,"early_exit_aggregate_pass_after_first_batch=['resnet34', 'vit_b_16']",0.8,greedy,0.5,static,,,bee_eater,,,bee_eater,-1.0,-1.0,0.571016788482666,-1.0,-1.0,0.5566896796226501,-1.0,0.09712456090617543,0.184922980359446,-1.0,-1.0,0.6734413803208493
REQ-00007,2000,2000,11.095118999481201,11.066669225692749,"['vit_b_16', 'resnet34', 'resnet18']","['resnet34', 'vit_b_16']",night_snake,0.700849308973852,weighted_majority,11079.490625066683,True,n01740131,3,0.9,[],2,deadline_stop_before_resnet18,0.8,greedy,0.5,static,,,hognose_snake,,,night_snake,-1.0,-1.0,0.4041000306606293,-1.0,-1.0,0.9467242956161499,-1.0,0.10521827431502338,0.20033322872273315,-1.0,-1.0,0.7295614953475867
REQ-00005,2000,2000,13.952613115310669,8.619485139846802,"['vit_b_16', 'resnet50', 'resnet34']","['vit_b_16', 'resnet50']",spotted_salamander,1.0,weighted_majority,13935.824166983366,True,n01632458,3,0.9,[],2,"early_exit_aggregate_pass_after_first_batch=['vit_b_16', 'resnet50']",0.6,greedy,0.5,static,,,,spotted_salamander,,spotted_salamander,-1.0,-1.0,-1.0,0.9886659383773804,-1.0,0.8490581512451172,-1.0,-1.0,0.184922980359446,0.182565622027003,-1.0,0.5544095336898326
REQ-00010,2000,2000,4.276514768600464,18.60650324821472,"['resnet101', 'resnet34', 'resnet18']",['resnet101'],bee_eater,0.9999911785125732,single_model,4263.233915902674,True,n01828970,3,0.9,[],2,early_exit_first_finished_pass=resnet101,0.4,greedy,0.5,static,,,,,bee_eater,,-1.0,-1.0,-1.0,-1.0,0.9999911785125732,-1.0,-1.0,0.5701656363501835,1.7698496773005739,-1.0,1.6244700073805989,-1.0
REQ-00004,2000,2000,17.733040809631348,7.4028332233428955,"['vit_b_16', 'resnet101', 'resnet50']","['vit_b_16', 'resnet101']",lorikeet,1.0,weighted_majority,17717.683291994035,True,n01820546,3,0.9,[],2,"early_exit_aggregate_pass_after_first_batch=['vit_b_16', 'resnet101']",0.6,greedy,0.5,static,,,,,lorikeet,lorikeet,-1.0,-1.0,-1.0,-1.0,0.9982240796089172,0.8921611905097961,-1.0,-1.0,-1.0,0.182565622027003,0.5130998841149801,0.5544095336898326
REQ-00011,2000,2000,6.474637985229492,19.321821212768555,"['resnet18', 'mobilenet_v3_small']","['mobilenet_v3_small', 'resnet18']",green_mamba,1.0,weighted_majority,6455.277249915525,True,n01749939,3,0.9,[],2,"early_exit_aggregate_pass_after_first_batch=['mobilenet_v3_small', 'resnet18']",0.6,greedy,0.5,static,green_mamba,green_mamba,,,,,0.5036490559577942,0.7926332950592041,-1.0,-1.0,-1.0,-1.0,0.897926878509684,0.9537981954853165,-1.0,-1.0,-1.0,-1.0
REQ-00008,2000,2000,16.36051106452942,11.751076221466064,"['vit_b_16', 'resnet34', 'resnet18']","['resnet34', 'vit_b_16']",american_chameleon,1.0,weighted_majority,16345.525166019797,True,n01693334,3,0.9,[],2,"early_exit_aggregate_pass_after_first_batch=['resnet34', 'vit_b_16']",1.0,greedy,0.5,static,,,american_chameleon,,,american_chameleon,-1.0,-1.0,0.7200793623924255,-1.0,-1.0,0.45612773299217224,-1.0,0.5701656363501832,0.6652805907578931,-1.0,-1.0,1.194508857382747
REQ-00009,2000,2000,15.067815780639648,14.9223952293396,"['vit_b_16', 'resnet34', 'resnet18']","['resnet34', 'vit_b_16']",prairie_chicken,1.0,weighted_majority,15052.960417000577,True,n01798484,3,0.9,[],2,"early_exit_aggregate_pass_after_first_batch=['resnet34', 'vit_b_16']",0.8,greedy,0.5,static,,,prairie_chicken,,,prairie_chicken,-1.0,-1.0,0.46489417552948,-1.0,-1.0,0.9074652791023254,-1.0,0.6583703474543255,0.7534853018620353,-1.0,-1.0,1.2827135684868889
REQ-00012,2000,2000,11.106074810028076,19.822967052459717,"['resnet101', 'resnet34', 'resnet18']","['resnet34', 'resnet101']",sidewinder,1.0,weighted_majority,11090.24175000377,True,n01756291,3,0.9,[],2,"early_exit_aggregate_pass_after_first_batch=['resnet34', 'resnet101']",0.8,greedy,0.5,static,,,sidewinder,,sidewinder,,-1.0,-1.0,0.5220367908477783,-1.0,0.5597558617591858,-1.0,-1.0,0.6690829585126232,1.8687669994630138,-1.0,1.7233873295430389,-1.0



REQ-00003,2000,2000,13.546305179595947,0.991657018661499,"['resnet34', 'resnet18', 'mobilenet_v3_small']",['resnet18'],hermit_crab,0.9188552498817444,single_model,13529.99054105021,True,n01986214,3,0.9,[],2,early_exit_first_finished_pass=resnet18,0.8,greedy,0.6,static,,hermit_crab,,,,,-1.0,0.9188552498817444,-1.0,-1.0,-1.0,-1.0,0.05118252691535298,0.10370934624781537,0.13494880129503045,-1.0,-1.0,-1.0
REQ-00002,2000,2000,13.828685998916626,0.7218358516693115,"['vit_b_16', 'resnet50', 'resnet34']","['vit_b_16', 'resnet50']",hognose_snake,1.0,weighted_majority,13815.124417189509,True,n01729322,3,0.9,[],2,"early_exit_aggregate_pass_after_first_batch=['vit_b_16', 'resnet50']",0.6,greedy,0.6,static,,,,hognose_snake,,hognose_snake,-1.0,-1.0,-1.0,0.9911485910415649,-1.0,0.8610343933105469,-1.0,-1.0,0.1245681242723358,0.19919264522739702,-1.0,0.32554701921290047
REQ-00004,2000,2000,17.65655779838562,1.1780707836151123,"['resnet34', 'resnet18', 'mobilenet_v3_small']",['resnet34'],komodo_dragon,0.9961844086647034,single_model,17641.756916884333,True,n01695060,3,0.9,[],2,early_exit_first_finished_pass=resnet34,1.0,greedy,0.6,static,,,komodo_dragon,,,,-1.0,-1.0,0.9961844086647034,-1.0,-1.0,-1.0,0.1705116006867759,0.22303842001923826,0.2542778750664534,-1.0,-1.0,-1.0
REQ-00000,2000,2000,19.999064922332764,2.86102294921875e-06,"['vit_b_16', 'resnet101', 'resnet50']","['vit_b_16', 'resnet101']",hen,1.0,weighted_majority,19974.52912502922,True,n01514859,3,0.9,[],2,"early_exit_aggregate_pass_after_first_batch=['vit_b_16', 'resnet101']",0.2,greedy,0.6,static,,,,,hen,hen,-1.0,-1.0,-1.0,-1.0,0.9442368745803833,0.8598092794418335,-1.0,-1.0,-1.0,0.19919264522739702,0.38141499120181355,0.32554701921290047
REQ-00005,2000,2000,22.045759916305542,2.0124099254608154,"['resnet34', 'resnet18', 'mobilenet_v3_small']","['resnet34', 'resnet18']",bustard,1.0,weighted_majority,22027.82858395949,True,n02018795,3,0.9,[],2,"early_exit_aggregate_pass_after_first_batch=['resnet34', 'resnet18']",1.2,greedy,0.6,static,,bustard,bustard,,,,-1.0,0.9627470970153809,0.8857669234275818,-1.0,-1.0,-1.0,0.1705116006867759,0.22303842001923826,0.2542778750664534,-1.0,-1.0,-1.0
REQ-00001,2000,2000,24.98646879196167,0.09571099281311035,"['vit_b_16', 'resnet101', 'resnet50']","['vit_b_16', 'resnet101']",black_and_gold_garden_spider,1.0,weighted_majority,24960.675542009994,True,n01773157,3,0.9,[],2,"early_exit_aggregate_pass_after_first_batch=['vit_b_16', 'resnet101']",0.4,greedy,0.6,static,,,,,black_and_gold_garden_spider,black_and_gold_garden_spider,-1.0,-1.0,-1.0,-1.0,0.36568349599838257,0.30577602982521057,-1.0,-1.0,-1.0,0.19919264522739702,0.38141499120181355,0.32554701921290047
REQ-00007,2000,2000,17.659008026123047,7.528234958648682,"['resnet34', 'resnet18', 'mobilenet_v3_small']",['resnet18'],bee_eater,0.9997624754905701,single_model,17643.249499844387,True,n01828970,3,0.9,[],2,early_exit_first_finished_pass=resnet18,0.4,greedy,0.6,static,,bee_eater,,,,,-1.0,0.9997624754905701,-1.0,-1.0,-1.0,-1.0,0.1705116006867759,0.22303842001923826,0.2542778750664534,-1.0,-1.0,-1.0
REQ-00006,2000,2000,20.117823839187622,7.3306498527526855,"['resnet34', 'resnet18', 'mobilenet_v3_small']","['resnet18', 'resnet34']",kite,0.723098156715419,weighted_majority,20100.991833023727,True,n01608432,3,0.9,[],2,deadline_stop_before_mobilenet_v3_small,0.2,greedy,0.6,static,,white_stork,kite,,,,-1.0,0.26240020990371704,0.6852287650108337,-1.0,-1.0,-1.0,0.1705116006867759,0.22303842001923826,0.2542778750664534,-1.0,-1.0,-1.0
REQ-00009,2000,2000,15.870880126953125,14.889571905136108,"['resnet50', 'resnet18', 'mobilenet_v3_small']",['resnet18'],tench,0.9998698234558105,single_model,15856.351415859535,True,n01440764,3,0.9,[],2,early_exit_first_finished_pass=resnet18,0.4,greedy,0.6,static,,tench,,,,,-1.0,0.9998698234558105,-1.0,-1.0,-1.0,-1.0,0.16828021104054627,0.7360110374148937,-1.0,1.7918831132219057,-1.0,-1.0
REQ-00008,2000,2000,17.775007963180542,13.157314777374268,"['resnet34', 'resnet18', 'mobilenet_v3_small']","['resnet18', 'resnet34']",common_newt,0.6233442526941538,weighted_majority,17752.03091604635,True,n01630670,3,0.9,[],2,deadline_stop_before_mobilenet_v3_small,0.2,greedy,0.6,static,,alligator_lizard,common_newt,,,,-1.0,0.5385129451751709,0.8912088871002197,-1.0,-1.0,-1.0,0.16828021104054627,0.22080703037300867,0.25204648542022373,-1.0,-1.0,-1.0
REQ-00010,2000,2000,16.720550060272217,16.94659686088562,"['resnet18', 'mobilenet_v3_small']",['resnet18'],magpie,0.999795138835907,single_model,16693.675125017762,True,n01582220,3,0.9,[],2,early_exit_first_finished_pass=resnet18,0.6,greedy,0.6,static,,magpie,,,,,-1.0,0.999795138835907,-1.0,-1.0,-1.0,-1.0,0.397113923722327,0.9648447500966745,-1.0,-1.0,-1.0,-1.0
REQ-00011,2000,2000,18.60049796104431,17.438974857330322,"['resnet18', 'mobilenet_v3_small']",['resnet18'],dungeness_crab,0.9032731056213379,single_model,18583.919084165245,True,n01978287,3,0.9,[],2,early_exit_first_finished_pass=resnet18,0.8,greedy,0.6,static,,dungeness_crab,,,,,-1.0,0.9032731056213379,-1.0,-1.0,-1.0,-1.0,0.3951351134124275,0.962865939786775,-1.0,-1.0,-1.0,-1.0
REQ-00012,2000,2000,17.616034984588623,19.849211931228638,"['resnet18', 'mobilenet_v3_small']","['resnet18', 'mobilenet_v3_small']",pole,0.5580030474393477,weighted_majority,17597.40091697313,True,n01739381,3,0.9,[],2,ran_all,0.8,greedy,0.6,static,pole,sandbar,,,,,0.09120234847068787,0.07224182784557343,-1.0,-1.0,-1.0,-1.0,0.4929889754250397,1.5662417414704173,-1.0,-1.0,-1.0,-1.0




REQ-00001,2000,2000,9.624887228012085,1.981220006942749,"['vit_b_16', 'resnet101', 'resnet50']","['vit_b_16', 'resnet101']",horned_viper,1.0,weighted_majority,9609.253249829635,True,n01753488,3,0.9,[],2,"early_exit_aggregate_pass_after_first_batch=['vit_b_16', 'resnet101']",0.4,greedy,0.7,static,,,,,horned_viper,horned_viper,-1.0,-1.0,-1.0,-1.0,0.8390610218048096,0.6323767900466919,-1.0,-1.0,-1.0,0.2340151571718314,0.4123596546064315,0.4104601992521162
REQ-00000,2000,2000,13.64845609664917,3.0994415283203125e-06,"['vit_b_16', 'resnet101', 'resnet50']","['vit_b_16', 'resnet101']",spiny_lobster,1.0,weighted_majority,13615.082415984944,True,n01984695,3,0.9,[],2,"early_exit_aggregate_pass_after_first_batch=['vit_b_16', 'resnet101']",0.2,greedy,0.7,static,,,,,spiny_lobster,spiny_lobster,-1.0,-1.0,-1.0,-1.0,0.881408154964447,0.8076310157775879,-1.0,-1.0,-1.0,0.2340151571718314,0.4123596546064315,0.28888699916901794
REQ-00002,2000,2000,8.656651020050049,5.257946729660034,"['vit_b_16', 'resnet50', 'resnet34']",['vit_b_16'],king_snake,0.9073616862297058,single_model,8636.923416983336,True,n01734418,3,0.9,[],2,early_exit_first_finished_pass=vit_b_16,0.4,greedy,0.7,static,,,,,,king_snake,-1.0,-1.0,-1.0,-1.0,-1.0,0.9073616862297058,-1.0,-1.0,0.23882653716575217,0.2340151571718314,-1.0,0.45841877932690456
REQ-00003,2000,2000,9.418146133422852,5.278911828994751,"['vit_b_16', 'resnet34', 'resnet18']","['vit_b_16', 'resnet34']",cock,1.0,weighted_majority,9339.572334196419,True,n01514668,3,0.9,[],2,"early_exit_aggregate_pass_after_first_batch=['vit_b_16', 'resnet34']",0.6,greedy,0.7,static,,,cock,,,cock,-1.0,-1.0,0.7876861691474915,-1.0,-1.0,0.6788994073867798,-1.0,0.17425391393618242,0.23882653716575217,-1.0,-1.0,0.45841877932690456
REQ-00006,2000,2000,4.3195481300354,15.31745195388794,"['resnet34', 'resnet18', 'mobilenet_v3_small']",['resnet34'],goose,0.9894638061523438,single_model,4300.62741599977,True,n01855672,3,0.9,[],2,early_exit_first_finished_pass=resnet34,0.6,greedy,0.7,static,,,goose,,,,-1.0,-1.0,0.9894638061523438,-1.0,-1.0,-1.0,0.10537788408400307,0.17425391393618242,1.070236683449177,-1.0,-1.0,-1.0
REQ-00005,2000,2000,5.102712869644165,15.190048933029175,"['resnet34', 'resnet18', 'mobilenet_v3_small']",['resnet18'],tarantula,0.9252288937568665,single_model,5087.705583078787,True,n01774750,3,0.9,[],2,early_exit_first_finished_pass=resnet18,0.4,greedy,0.7,static,,tarantula,,,,,-1.0,0.9252288937568665,-1.0,-1.0,-1.0,-1.0,0.10537788408400307,0.17425391393618242,1.070236683449177,-1.0,-1.0,-1.0
REQ-00004,2000,2000,9.874584674835205,15.000388145446777,"['resnet50', 'resnet34', 'resnet18']",['resnet34'],bee_eater,0.9996874332427979,single_model,9858.840707922354,True,n01828970,3,0.9,[],2,early_exit_first_finished_pass=resnet34,0.2,greedy,0.7,static,,,bee_eater,,,,-1.0,-1.0,0.9996874332427979,-1.0,-1.0,-1.0,-1.0,0.17425391393618242,1.070236683449177,1.1404670414546483,-1.0,-1.0
REQ-00007,2000,2000,10.256773233413696,16.462833881378174,"['resnet18', 'mobilenet_v3_small']","['resnet18', 'mobilenet_v3_small']",black_widow,1.0,weighted_majority,10242.144832853228,True,n01774384,3,0.9,[],2,"early_exit_aggregate_pass_after_first_batch=['resnet18', 'mobilenet_v3_small']",0.8,greedy,0.7,static,black_widow,black_widow,,,,,0.6338093280792236,0.6075608730316162,-1.0,-1.0,-1.0,-1.0,0.11415937442433666,0.18877507343086428,-1.0,-1.0,-1.0,-1.0
REQ-00008,2000,2000,10.715945959091187,16.971548795700073,"['resnet18', 'mobilenet_v3_small']","['mobilenet_v3_small', 'resnet18']",garter_snake,1.0,weighted_majority,10702.544457977638,True,n01735189,3,0.9,[],2,"early_exit_aggregate_pass_after_first_batch=['mobilenet_v3_small', 'resnet18']",1.0,greedy,0.7,static,garter_snake,garter_snake,,,,,0.4471622407436371,0.6437380909919739,-1.0,-1.0,-1.0,-1.0,0.26562659835193714,0.3402422973584648,-1.0,-1.0,-1.0,-1.0




REQ-00000,2000,2000,2.422639846801758,2.86102294921875e-06,"['vit_b_16', 'resnet101', 'resnet50']",['resnet101'],bustard,0.9986833930015564,single_model,2403.3807499799877,True,n02018795,3,0.9,[],2,early_exit_first_finished_pass=resnet101,0.2,greedy,0.8,static,,,,,bustard,,-1.0,-1.0,-1.0,-1.0,0.9986833930015564,-1.0,-1.0,-1.0,-1.0,0.21639128064263738,0.34339652620631334,0.3465250226484397
REQ-00001,2000,2000,14.729940176010132,2.1009719371795654,"['vit_b_16', 'resnet101', 'resnet50']","['vit_b_16', 'resnet101']",great_grey_owl,1.0,weighted_majority,14677.355500170961,True,n01622779,3,0.9,[],2,"early_exit_aggregate_pass_after_first_batch=['vit_b_16', 'resnet101']",0.4,greedy,0.8,static,,,,,great_grey_owl,great_grey_owl,-1.0,-1.0,-1.0,-1.0,0.999560534954071,0.8991944193840027,-1.0,-1.0,-1.0,0.21639128064263738,0.34339652620631334,0.3465250226484397
REQ-00003,2000,2000,13.670690059661865,4.734385967254639,"['vit_b_16', 'resnet50', 'resnet34']","['vit_b_16', 'resnet50']",pelican,1.0,weighted_majority,13648.080667015165,True,n02051845,3,0.9,[],2,"early_exit_aggregate_pass_after_first_batch=['vit_b_16', 'resnet50']",0.8,greedy,0.8,static,,,,pelican,,pelican,-1.0,-1.0,-1.0,0.9751086235046387,-1.0,0.8987876176834106,-1.0,-1.0,0.20126828395417284,0.21639128064263738,-1.0,0.6545200203835957
REQ-00004,2000,2000,13.305704116821289,6.357409954071045,"['resnet34', 'resnet18', 'mobilenet_v3_small']","['resnet18', 'resnet34']",loggerhead,0.6835281716510789,weighted_majority,13284.366250038147,True,n01664065,3,0.9,[],2,deadline_stop_before_mobilenet_v3_small,0.8,greedy,0.8,static,,platypus,loggerhead,,,,-1.0,0.43574631214141846,0.9411418437957764,-1.0,-1.0,-1.0,0.10399650408516298,0.12545711689872713,0.21804064095035391,-1.0,-1.0,-1.0
REQ-00002,2000,2000,18.021307945251465,2.772941827774048,"['vit_b_16', 'resnet101', 'resnet50']","['vit_b_16', 'resnet101']",magpie,1.0,weighted_majority,17997.62437515892,True,n01582220,3,0.9,[],2,"early_exit_aggregate_pass_after_first_batch=['vit_b_16', 'resnet101']",0.6,greedy,0.8,static,,,,,magpie,magpie,-1.0,-1.0,-1.0,-1.0,0.9901352524757385,0.8495879769325256,-1.0,-1.0,-1.0,0.21639128064263738,0.526064373585682,0.3465250226484397
REQ-00006,2000,2000,14.01106572151184,7.317654132843018,"['resnet34', 'resnet18', 'mobilenet_v3_small']",['resnet34'],coucal,0.9968359470367432,single_model,13993.01966582425,True,n01824575,3,0.9,[],2,early_exit_first_finished_pass=resnet34,1.0,greedy,0.8,static,,,coucal,,,,-1.0,-1.0,0.9968359470367432,-1.0,-1.0,-1.0,0.2757453830097035,0.2972059958232676,0.38978951987489446,-1.0,-1.0,-1.0
REQ-00007,2000,2000,17.00503182411194,8.310380935668945,"['resnet34', 'resnet18', 'mobilenet_v3_small']","['resnet34', 'resnet18']",mud_turtle,1.0,weighted_majority,16984.94016705081,True,n01667114,3,0.9,[],2,"early_exit_aggregate_pass_after_first_batch=['resnet34', 'resnet18']",1.0,greedy,0.8,static,,mud_turtle,mud_turtle,,,,-1.0,0.9062415957450867,0.6738969087600708,-1.0,-1.0,-1.0,0.2757453830097035,0.2972059958232676,0.38978951987489446,-1.0,-1.0,-1.0
REQ-00010,2000,2000,10.250890970230103,16.04889702796936,"['resnet34', 'resnet18', 'mobilenet_v3_small']",['resnet34'],red-backed_sandpiper,0.978748619556427,single_model,10179.017458111048,True,n02027492,3,0.9,[],2,early_exit_first_finished_pass=resnet34,0.2,greedy,0.8,static,,,red-backed_sandpiper,,,,-1.0,-1.0,0.978748619556427,-1.0,-1.0,-1.0,0.2808889121236828,0.302349524937247,0.3949330489888737,-1.0,-1.0,-1.0
REQ-00005,2000,2000,19.817607164382935,6.506393909454346,"['resnet34', 'resnet18', 'mobilenet_v3_small']","['resnet18', 'resnet34']",horned_viper,1.0,weighted_majority,19803.063417086378,True,n01753488,3,0.9,[],2,"early_exit_aggregate_pass_after_first_batch=['resnet18', 'resnet34']",1.0,greedy,0.8,static,,horned_viper,horned_viper,,,,-1.0,0.5481084585189819,0.9004631042480469,-1.0,-1.0,-1.0,0.2757453830097035,0.2972059958232676,0.38978951987489446,-1.0,-1.0,-1.0
REQ-00009,2000,2000,16.05412244796753,10.68637990951538,"['resnet34', 'resnet18', 'mobilenet_v3_small']",['resnet18'],king_snake,0.9871770143508911,single_model,16037.600625073537,True,n01734418,3,0.9,[],2,early_exit_first_finished_pass=resnet18,1.2,greedy,0.8,static,,king_snake,,,,,-1.0,0.9871770143508911,-1.0,-1.0,-1.0,-1.0,0.2757453830097035,0.2972059958232676,0.38978951987489446,-1.0,-1.0,-1.0
REQ-00008,2000,2000,17.666702270507812,10.06587815284729,"['resnet34', 'resnet18', 'mobilenet_v3_small']","['resnet18', 'resnet34']",barn_spider,1.0,weighted_majority,17641.80679200217,True,n01773549,3,0.9,[],2,"early_exit_aggregate_pass_after_first_batch=['resnet18', 'resnet34']",1.0,greedy,0.8,static,,barn_spider,barn_spider,,,,-1.0,0.5845090746879578,0.6740860939025879,-1.0,-1.0,-1.0,0.2757453830097035,0.2972059958232676,0.38978951987489446,-1.0,-1.0,-1.0
REQ-00011,2000,2000,13.18464994430542,18.106660842895508,"['resnet34', 'resnet18', 'mobilenet_v3_small']",['resnet18'],wallaby,0.9987733960151672,single_model,13156.32983413525,True,n01877812,3,0.9,[],2,early_exit_first_finished_pass=resnet18,0.4,greedy,0.8,static,,wallaby,,,,,-1.0,0.9987733960151672,-1.0,-1.0,-1.0,-1.0,0.2808889121236828,0.8356531215807076,0.3949330489888737,-1.0,-1.0,-1.0



REQ-00000,2000,2000,1.1194610595703125,4.0531158447265625e-06,"['vit_b_16', 'resnet101', 'resnet50']","['resnet101', 'vit_b_16', 'resnet50']",sidewinder,0.6695286935290715,weighted_majority,1098.6273330636322,True,n01756291,3,0.9,[],2,ran_all,0.2,greedy,0.9,static,,,,sidewinder,sidewinder,horned_viper,-1.0,-1.0,-1.0,0.5145001411437988,0.5167608261108398,0.5090180039405823,-1.0,-1.0,-1.0,0.2046771982436792,0.45671220376927135,0.4739476357675243
REQ-00002,2000,2000,8.852849245071411,13.150979042053223,"['vit_b_16', 'resnet101', 'resnet50']",['vit_b_16'],hummingbird,0.9011771082878113,single_model,8829.486374976113,True,n01833805,3,0.9,[],2,early_exit_first_finished_pass=vit_b_16,0.4,greedy,0.9,static,,,,,,hummingbird,-1.0,-1.0,-1.0,-1.0,-1.0,0.9011771082878113,-1.0,-1.0,-1.0,0.1985930784193113,0.47456258339234425,0.5037823721907719
REQ-00005,2000,2000,6.184471130371094,19.79708194732666,"['vit_b_16', 'resnet34', 'resnet18']",['resnet34'],snail,0.9627187252044678,single_model,6163.437791867182,True,n01944390,3,0.9,[],2,early_exit_first_finished_pass=resnet34,0.2,greedy,0.9,static,,,snail,,,,-1.0,-1.0,0.9627187252044678,-1.0,-1.0,-1.0,-1.0,0.4138132747301826,0.494606373332037,-1.0,-1.0,1.4213582495520212
REQ-00003,2000,2000,13.498685121536255,13.531403064727783,"['vit_b_16', 'resnet50', 'resnet34']","['vit_b_16', 'resnet50']",sea_anemone,1.0,weighted_majority,13477.856874931604,True,n01914609,3,0.9,[],2,"early_exit_aggregate_pass_after_first_batch=['vit_b_16', 'resnet50']",0.6,greedy,0.9,static,,,,sea_anemone,,sea_anemone,-1.0,-1.0,-1.0,0.8834770321846008,-1.0,0.8906337022781372,-1.0,-1.0,0.2282798646147863,0.1985930784193113,-1.0,0.5037823721907719
REQ-00004,2000,2000,12.894134759902954,14.275192975997925,"['resnet34', 'resnet18', 'mobilenet_v3_small']","['resnet18', 'resnet34']",horned_viper,1.0,weighted_majority,12879.566041985527,True,n01729322,3,0.9,[],2,"early_exit_aggregate_pass_after_first_batch=['resnet18', 'resnet34']",0.8,greedy,0.9,static,,horned_viper,horned_viper,,,,-1.0,0.5376133918762207,0.8540564179420471,-1.0,-1.0,-1.0,0.06059682244781401,0.1665100880641641,0.2473031866660185,-1.0,-1.0,-1.0
REQ-00001,2000,2000,15.380709886550903,12.480593919754028,"['vit_b_16', 'resnet101', 'resnet50']","['vit_b_16', 'resnet101']",green_mamba,1.0,weighted_majority,15364.890625001863,True,n01749939,3,0.9,[],2,"early_exit_aggregate_pass_after_first_batch=['vit_b_16', 'resnet101']",0.2,greedy,0.9,static,,,,,green_mamba,green_mamba,-1.0,-1.0,-1.0,-1.0,0.8904799818992615,0.8317423462867737,-1.0,-1.0,-1.0,0.1985930784193113,0.47456258339234425,0.5037823721907719



REQ-00000,2000,2000,9.82561707496643,2.6226043701171875e-06,"['vit_b_16', 'resnet101', 'resnet50']","['vit_b_16', 'resnet101']",crane,1.0,weighted_majority,9805.040583014488,True,n02012849,3,0.9,[],2,"early_exit_aggregate_pass_after_first_batch=['vit_b_16', 'resnet101']",0.2,greedy,1.0,static,,,,,crane,crane,-1.0,-1.0,-1.0,-1.0,0.8717623353004456,0.8792598843574524,-1.0,-1.0,-1.0,0.19721182892586936,0.38089653996407113,0.34680680115538326
REQ-00003,2000,2000,4.875972032546997,7.527991771697998,"['resnet34', 'resnet18', 'mobilenet_v3_small']",['resnet18'],electric_ray,0.9420114159584045,single_model,4863.847290864214,True,n01496331,3,0.9,[],2,early_exit_first_finished_pass=resnet18,0.6,greedy,1.0,static,,electric_ray,,,,,-1.0,0.9420114159584045,-1.0,-1.0,-1.0,-1.0,0.04357595579839521,0.06468779651274388,0.1498623593849349,-1.0,-1.0,-1.0
REQ-00001,2000,2000,10.143073081970215,2.660101890563965,"['vit_b_16', 'resnet101', 'resnet50']","['vit_b_16', 'resnet101']",red-backed_sandpiper,1.0,weighted_majority,10112.893708050251,True,n02027492,3,0.9,[],2,"early_exit_aggregate_pass_after_first_batch=['vit_b_16', 'resnet101']",0.4,greedy,1.0,static,,,,,red-backed_sandpiper,red-backed_sandpiper,-1.0,-1.0,-1.0,-1.0,0.8895332217216492,0.8764353394508362,-1.0,-1.0,-1.0,0.19721182892586936,0.38089653996407113,0.34680680115538326
REQ-00002,2000,2000,11.037484169006348,7.1880786418914795,"['vit_b_16', 'resnet50', 'resnet34']","['vit_b_16', 'resnet50']",drake,1.0,weighted_majority,11020.683333044872,True,n01847000,3,0.9,[],2,"early_exit_aggregate_pass_after_first_batch=['vit_b_16', 'resnet50']",0.4,greedy,1.0,static,,,,drake,,drake,-1.0,-1.0,-1.0,0.9990063309669495,-1.0,0.8178938627243042,-1.0,-1.0,0.13833448558609374,0.19721182892586936,-1.0,0.34680680115538326
REQ-00004,2000,2000,13.2187340259552,8.23223090171814,"['vit_b_16', 'resnet34', 'resnet18']","['resnet34', 'vit_b_16']",black_grouse,1.0,weighted_majority,13201.732124900445,True,n01798484,3,0.9,[],2,"early_exit_aggregate_pass_after_first_batch=['resnet34', 'vit_b_16']",0.6,greedy,1.0,static,,,black_grouse,,,black_grouse,-1.0,-1.0,0.6401296257972717,-1.0,-1.0,0.472854346036911,-1.0,0.21455015589767876,0.2997247187698698,-1.0,-1.0,1.321968923844767
REQ-00005,2000,2000,13.120428085327148,10.122735738754272,"['vit_b_16', 'resnet34', 'resnet18']","['vit_b_16', 'resnet34']",toucan,1.0,weighted_majority,13103.710416937247,True,n01843383,3,0.9,[],2,"early_exit_aggregate_pass_after_first_batch=['vit_b_16', 'resnet34']",0.8,greedy,1.0,static,,,toucan,,,toucan,-1.0,-1.0,0.9683433175086975,-1.0,-1.0,0.8862020969390869,-1.0,0.7256722584351274,0.8108468213073184,-1.0,-1.0,1.8330910263822155
REQ-00006,2000,2000,12.006162881851196,12.055959701538086,"['vit_b_16', 'resnet34', 'resnet18']","['resnet34', 'vit_b_16']",common_newt,1.0,weighted_majority,11991.117542143911,True,n01630670,3,0.9,[],2,"early_exit_aggregate_pass_after_first_batch=['resnet34', 'vit_b_16']",1.0,greedy,1.0,static,,,common_newt,,,common_newt,-1.0,-1.0,0.6455872058868408,-1.0,-1.0,0.6930564045906067,-1.0,0.7256722584351273,0.8108468213073183,-1.0,-1.0,1.8330910263822155
REQ-00007,2000,2000,7.2844250202178955,16.78505778312683,"['resnet34', 'resnet18', 'mobilenet_v3_small']","['resnet18', 'resnet34']",green_lizard,1.0,weighted_majority,7263.488166034222,True,n01693334,3,0.9,[],2,"early_exit_aggregate_pass_after_first_batch=['resnet18', 'resnet34']",0.4,greedy,1.0,static,,green_lizard,green_lizard,,,,-1.0,0.43793952465057373,0.6458103060722351,-1.0,-1.0,-1.0,0.04357595579839521,0.5442623668614696,0.20618632344644142,-1.0,-1.0,-1.0





