REQ-00000,2000,2000,0.9297370910644531,2.6226043701171875e-06,"['vit_b_16', 'resnet101', 'resnet50']","['vit_b_16', 'resnet101', 'resnet50']",barn_spider,1.0,weighted_majority,888.0242079030722,True,n01773549,3,0.9,[],2,ran_all,0.2,greedy,0.1,static,,,,barn_spider,barn_spider,barn_spider,-1.0,-1.0,-1.0,0.859793484210968,0.5477649569511414,0.8164856433868408,-1.0,-1.0,-1.0,0.13720016553872266,0.25876732320423634,0.2180086138225729
REQ-00001,2000,2000,4.354367971420288,0.7452700138092041,"['vit_b_16', 'resnet101', 'resnet34']",['vit_b_16'],crayfish,0.8450419306755066,single_model,4337.638083845377,True,n01985128,3,0.9,[],2,deadline_stop_before_resnet101,0.4,greedy,0.1,static,,,,,,crayfish,-1.0,-1.0,-1.0,-1.0,-1.0,0.8450419306755066,-1.0,-1.0,0.09539441078833615,-1.0,0.25617729088381275,0.2141433524403156
REQ-00003,2000,2000,2.968486785888672,3.2785637378692627,"['resnet101', 'resnet50', 'resnet34']",['resnet101'],hummingbird,0.9999986886978149,single_model,2947.8174578398466,True,n01833805,3,0.9,[],2,early_exit_first_pass=resnet101,0.8,greedy,0.1,static,,,,,hummingbird,,-1.0,-1.0,-1.0,-1.0,0.9999986886978149,-1.0,-1.0,-1.0,0.09539441078833615,0.1377147489848504,0.25617729088381275,-1.0
REQ-00007,2000,2000,0.4766247272491455,10.239556789398193,"['resnet34', 'resnet18', 'mobilenet_v3_small']","['resnet34', 'resnet18', 'mobilenet_v3_small']",dungeness_crab,0.516616413799001,weighted_majority,462.59316708892584,True,n01978287,3,0.9,[],2,ran_all,0.8,greedy,0.1,static,dungeness_crab,pineapple,dungeness_crab,,,,0.28281062841415405,0.4583865702152252,0.20709021389484406,-1.0,-1.0,-1.0,0.04552834205252849,0.05771163229693538,0.09539441078833615,-1.0,-1.0,-1.0
REQ-00008,2000,2000,0.8142549991607666,10.918983936309814,"['resnet34', 'resnet18', 'mobilenet_v3_small']","['resnet34', 'resnet18']",hognose_snake,1.0,weighted_majority,798.5472078435123,True,n01729322,3,0.9,[],2,early_exit_with_aggregation_at_resnet18,0.8,greedy,0.1,static,,hognose_snake,hognose_snake,,,,-1.0,0.9284948110580444,0.8128701448440552,-1.0,-1.0,-1.0,0.04392230784727564,0.05619726906724184,0.11124876970950254,-1.0,-1.0,-1.0
REQ-00006,2000,2000,4.559541940689087,9.687902927398682,"['resnet101', 'resnet34', 'resnet18']",['resnet101'],catamaran,0.5894244909286499,single_model,4544.385917019099,True,n02051845,3,0.9,[],2,deadline_stop_before_resnet34,0.6,greedy,0.1,static,,,,,catamaran,,-1.0,-1.0,-1.0,-1.0,0.5894244909286499,-1.0,-1.0,0.05771163229693538,0.09539441078833615,-1.0,0.5099515617954316,-1.0
REQ-00005,2000,2000,8.14896821975708,7.304782867431641,"['vit_b_16', 'resnet101', 'resnet34']",['vit_b_16'],sea_lion,0.802742600440979,single_model,8132.395208114758,True,n02077923,3,0.9,[],2,deadline_stop_before_resnet101,0.6,greedy,0.1,static,,,,,,sea_lion,-1.0,-1.0,-1.0,-1.0,-1.0,0.802742600440979,-1.0,-1.0,0.09539441078833615,-1.0,0.5099515617954316,0.6061900171962842
REQ-00002,2000,2000,16.47387433052063,0.8231937885284424,"['vit_b_16', 'resnet101', 'resnet50']",['vit_b_16'],bulbul,0.891884982585907,single_model,16456.26008301042,True,n01560419,3,0.9,[],2,deadline_stop_before_resnet101,0.6,greedy,0.1,static,,,,,,bulbul,-1.0,-1.0,-1.0,-1.0,-1.0,0.891884982585907,-1.0,-1.0,-1.0,0.1377147489848504,0.25617729088381275,0.2141433524403156
REQ-00004,2000,2000,12.450304985046387,5.82725977897644,"['resnet50', 'resnet34', 'resnet18']",['resnet50'],chambered_nautilus,0.9978972673416138,single_model,12436.948624905199,True,n01968897,3,0.9,[],2,early_exit_first_pass=resnet50,0.4,greedy,0.1,static,,,,chambered_nautilus,,,-1.0,-1.0,-1.0,0.9978972673416138,-1.0,-1.0,-1.0,0.05771163229693538,0.09539441078833615,0.1377147489848504,-1.0,-1.0
REQ-00013,2000,2000,0.20726490020751953,18.740294933319092,"['resnet18', 'resnet50', 'mobilenet_v3_small']",['resnet18'],stingray,0.9298272728919983,single_model,191.43445906229317,True,n01498041,3,0.9,[],2,early_exit_first_pass=resnet18,0.8,greedy,0.1,static,,stingray,,,,,-1.0,0.9298272728919983,-1.0,-1.0,-1.0,-1.0,0.04392230784727564,0.05574934216051766,-1.0,1.3535241740863655,-1.0,-1.0
REQ-00009,2000,2000,6.787395715713501,12.860079765319824,"['resnet34', 'resnet18', 'mobilenet_v3_small']",['resnet34'],green_mamba,0.8954463601112366,single_model,6774.094416992739,True,n01749939,3,0.9,[],2,deadline_stop_before_resnet18,0.8,greedy,0.1,static,,,green_mamba,,,,-1.0,-1.0,0.8954463601112366,-1.0,-1.0,-1.0,0.04392230784727564,0.05574934216051766,0.1612618927385523,-1.0,-1.0,-1.0
REQ-00015,2000,2000,0.18625807762145996,19.509193897247314,"['resnet18', 'mobilenet_v3_small']",['resnet18'],albatross,0.999996542930603,single_model,169.14795897901058,True,n02058221,3,0.9,[],2,early_exit_first_pass=resnet18,1.0,greedy,0.1,static,,albatross,,,,,-1.0,0.999996542930603,-1.0,-1.0,-1.0,-1.0,0.04392230784727564,0.0568255079444659,-1.0,-1.0,-1.0,-1.0
REQ-00010,2000,2000,7.068371295928955,14.325645685195923,"['resnet101', 'resnet18', 'mobilenet_v3_small']",['resnet101'],sea_lion,0.9936741590499878,single_model,7054.806791944429,True,n02077923,3,0.9,[],2,early_exit_first_pass=resnet101,1.0,greedy,0.1,static,,,,,sea_lion,,-1.0,-1.0,-1.0,-1.0,0.9936741590499878,-1.0,0.04392230784727564,0.05574934216051766,-1.0,-1.0,0.8929400056158885,-1.0
REQ-00012,2000,2000,5.411123991012573,17.927085638046265,"['vit_b_16', 'resnet18', 'mobilenet_v3_small']",['vit_b_16'],common_iguana,0.6808117032051086,single_model,5394.615000113845,True,n01677366,3,0.9,[],2,deadline_stop_before_resnet18,0.6,greedy,0.1,static,,,,,,common_iguana,-1.0,-1.0,-1.0,-1.0,-1.0,0.6808117032051086,0.04392230784727564,0.05574934216051766,-1.0,-1.0,-1.0,1.3359517154766558
REQ-00014,2000,2000,6.45055890083313,18.797120571136475,"['resnet50', 'mobilenet_v3_small']",['resnet50'],boa_constrictor,0.9737359881401062,single_model,6403.451707912609,True,n01742172,3,0.9,[],2,early_exit_first_pass=resnet50,1.0,greedy,0.1,static,,,,boa_constrictor,,,-1.0,-1.0,-1.0,0.9737359881401062,-1.0,-1.0,0.04392230784727564,-1.0,-1.0,1.3535241740863655,-1.0,-1.0
REQ-00011,2000,2000,7.517513036727905,17.77393364906311,"['vit_b_16', 'resnet18', 'mobilenet_v3_small']",['vit_b_16'],bustard,0.8816866874694824,single_model,7468.683084007353,True,n02018795,3,0.9,[],2,deadline_stop_before_resnet18,0.6,greedy,0.1,static,,,,,,bustard,-1.0,-1.0,-1.0,-1.0,-1.0,0.8816866874694824,0.04392230784727564,0.05574934216051766,-1.0,-1.0,-1.0,1.3359517154766558
REQ-00000,2000,2000,0.7078771591186523,3.0994415283203125e-06,"['vit_b_16', 'resnet101', 'resnet50']","['vit_b_16', 'resnet101']",sulphur-crested_cockatoo,1.0,weighted_majority,689.2449578735977,True,n01819313,3,0.9,[],2,early_exit_with_aggregation_at_resnet101,0.2,greedy,0.1,static,,,,,sulphur-crested_cockatoo,sulphur-crested_cockatoo,-1.0,-1.0,-1.0,-1.0,0.9999200105667114,0.889984130859375,-1.0,-1.0,-1.0,0.19558284150342456,0.3068355226732268,0.28806633491460326
REQ-00001,2000,2000,0.5862069129943848,11.110895156860352,"['vit_b_16', 'resnet101', 'resnet50']",['vit_b_16'],sulphur-crested_cockatoo,0.9197392463684082,single_model,574.824291979894,True,n01819313,3,0.9,[],2,early_exit_first_pass=vit_b_16,0.2,greedy,0.1,static,,,,,,sulphur-crested_cockatoo,-1.0,-1.0,-1.0,-1.0,-1.0,0.9197392463684082,-1.0,-1.0,-1.0,0.19558284150342456,0.3007567704059041,0.27774070142314294
REQ-00002,2000,2000,0.5939860343933105,12.256058931350708,"['vit_b_16', 'resnet101', 'resnet50']","['vit_b_16', 'resnet101']",bustard,1.0,weighted_majority,574.923292035237,True,n02018795,3,0.9,[],2,early_exit_with_aggregation_at_resnet101,0.4,greedy,0.1,static,,,,,bustard,bustard,-1.0,-1.0,-1.0,-1.0,0.9997642636299133,0.8810895681381226,-1.0,-1.0,-1.0,0.19558284150342456,0.3007567704059041,0.28229093128082866
REQ-00003,2000,2000,0.6316368579864502,17.270211219787598,"['vit_b_16', 'resnet101', 'resnet50']","['vit_b_16', 'resnet101']",terrapin,1.0,weighted_majority,613.9775831252337,True,n01667778,3,0.9,[],2,early_exit_with_aggregation_at_resnet101,0.2,greedy,0.1,static,,,,,terrapin,terrapin,-1.0,-1.0,-1.0,-1.0,0.9728725552558899,0.8869034647941589,-1.0,-1.0,-1.0,0.19558284150342456,0.2955287933653137,0.2708244381527458






REQ-00000,2000,2000,0.6695888042449951,3.0994415283203125e-06,"['vit_b_16', 'resnet101', 'resnet50']","['vit_b_16', 'resnet101']",hen,1.0,weighted_majority,639.2372499685735,True,n01514859,3,0.9,[],2,early_exit_with_aggregation_at_resnet101,0.2,greedy,0.2,static,,,,,hen,hen,-1.0,-1.0,-1.0,-1.0,0.9652130603790283,0.8855786323547363,-1.0,-1.0,-1.0,0.14305514183309553,0.26199098545489724,0.2423717228558138
REQ-00001,2000,2000,0.412769079208374,0.7399868965148926,"['vit_b_16', 'resnet101', 'resnet50']",['vit_b_16'],king_snake,0.9062435626983643,single_model,395.4588749911636,True,n01734418,3,0.9,[],2,early_exit_first_pass=vit_b_16,0.4,greedy,0.2,static,,,,,,king_snake,-1.0,-1.0,-1.0,-1.0,-1.0,0.9062435626983643,-1.0,-1.0,-1.0,0.14305514183309553,0.26140058690940754,0.23379205057023242
REQ-00002,2000,2000,1.0024960041046143,1.0377190113067627,"['vit_b_16', 'resnet101', 'resnet50']","['vit_b_16', 'resnet101']",red-backed_sandpiper,1.0,weighted_majority,987.0859168004245,True,n02027492,3,0.9,[],2,early_exit_with_aggregation_at_resnet101,0.6,greedy,0.2,static,,,,,red-backed_sandpiper,red-backed_sandpiper,-1.0,-1.0,-1.0,-1.0,0.9592909812927246,0.8823981285095215,-1.0,-1.0,-1.0,0.14305514183309553,0.26140058690940754,0.23379205057023242
REQ-00003,2000,2000,2.350497007369995,1.5301361083984375,"['vit_b_16', 'resnet101', 'resnet50']","['vit_b_16', 'resnet101']",wombat,1.0,weighted_majority,2328.058334067464,True,n01883070,3,0.9,[],2,early_exit_with_aggregation_at_resnet101,0.8,greedy,0.2,static,,,,,wombat,wombat,-1.0,-1.0,-1.0,-1.0,0.9999442100524902,0.8920807242393494,-1.0,-1.0,-1.0,0.14305514183309553,0.26140058690940754,0.2543558409618883
REQ-00007,2000,2000,0.25837182998657227,8.07886528968811,"['resnet50', 'resnet34', 'resnet18']",['resnet50'],bee_eater,0.9977992177009583,single_model,242.9948749486357,True,n01828970,3,0.9,[],2,early_exit_first_pass=resnet50,0.8,greedy,0.2,static,,,,bee_eater,,,-1.0,-1.0,-1.0,0.9977992177009583,-1.0,-1.0,-1.0,0.06508165042397399,0.1015165893727295,0.14305514183309553,-1.0,-1.0
REQ-00004,2000,2000,6.293297052383423,3.2171242237091064,"['vit_b_16', 'resnet101', 'resnet50']","['vit_b_16', 'resnet101']",bald_eagle,1.0,weighted_majority,6278.667208040133,True,n01614925,3,0.9,[],2,early_exit_with_aggregation_at_resnet101,1.0,greedy,0.2,static,,,,,bald_eagle,bald_eagle,-1.0,-1.0,-1.0,-1.0,0.9998667240142822,0.8801928162574768,-1.0,-1.0,-1.0,0.14305514183309553,0.2635031282184668,0.2543558409618883
REQ-00005,2000,2000,7.4297590255737305,3.4129788875579834,"['vit_b_16', 'resnet101', 'resnet50']",['vit_b_16'],jellyfish,0.8980759978294373,single_model,7413.177874870598,True,n01910747,3,0.9,[],2,deadline_stop_before_resnet101,1.2,greedy,0.2,static,,,,,,jellyfish,-1.0,-1.0,-1.0,-1.0,-1.0,0.8980759978294373,-1.0,-1.0,-1.0,0.14305514183309553,0.2635031282184668,0.4119089568656995
REQ-00008,2000,2000,3.0453319549560547,9.4097158908844,"['resnet50', 'resnet34', 'resnet18']",['resnet50'],komodo_dragon,0.998863935470581,single_model,3025.902166031301,True,n01695060,3,0.9,[],2,early_exit_first_pass=resnet50,0.6,greedy,0.2,static,,,,komodo_dragon,,,-1.0,-1.0,-1.0,0.998863935470581,-1.0,-1.0,-1.0,0.06508165042397399,0.1015165893727295,0.143399027649786,-1.0,-1.0
REQ-00006,2000,2000,6.339016914367676,6.145700216293335,"['vit_b_16', 'resnet50', 'resnet34']",['vit_b_16'],black_widow,0.8638579249382019,single_model,6321.908040903509,True,n01774384,3,0.9,[],2,deadline_stop_before_resnet50,0.8,greedy,0.2,static,,,,,,black_widow,-1.0,-1.0,-1.0,-1.0,-1.0,0.8638579249382019,-1.0,-1.0,0.1015165893727295,0.14305514183309553,-1.0,0.5043698611791296
REQ-00009,2000,2000,0.578437089920044,13.895194053649902,"['resnet101', 'resnet50', 'resnet34']",['resnet101'],chickadee,0.9968445301055908,single_model,561.09679187648,True,n01592084,3,0.9,[],2,early_exit_first_pass=resnet101,0.4,greedy,0.2,static,,,,,chickadee,,-1.0,-1.0,-1.0,-1.0,0.9968445301055908,-1.0,-1.0,-1.0,0.1015165893727295,0.42061932488480736,0.7169373538569581,-1.0
REQ-00011,2000,2000,0.29326605796813965,18.830928087234497,"['resnet50', 'resnet34', 'resnet18']",['resnet50'],scorpion,0.9999912977218628,single_model,277.0867911167443,True,n01770393,3,0.9,[],2,early_exit_first_pass=resnet50,0.6,greedy,0.2,static,,,,scorpion,,,-1.0,-1.0,-1.0,0.9999912977218628,-1.0,-1.0,-1.0,0.06508165042397399,0.1015165893727295,0.42061932488480736,-1.0,-1.0
REQ-00010,2000,2000,1.32761812210083,18.5572190284729,"['resnet101', 'resnet50', 'resnet34']","['resnet101', 'resnet50', 'resnet34']",fiddler_crab,1.0,weighted_majority,1309.0840831864625,True,n01978455,3,0.9,[],2,ran_all,0.4,greedy,0.2,static,,,fiddler_crab,fiddler_crab,fiddler_crab,,-1.0,-1.0,0.6071019172668457,0.7222067713737488,0.6161550879478455,-1.0,-1.0,-1.0,0.1015165893727295,0.42061932488480736,0.6854486184712624,-1.0




REQ-00000,2000,2000,0.8107049465179443,3.0994415283203125e-06,"['vit_b_16', 'resnet50', 'resnet34']","['vit_b_16', 'resnet50', 'resnet34']",harvestman,0.5277319699055584,weighted_majority,785.8492499217391,True,n01770081,3,0.9,[],2,ran_all,0.2,greedy,0.3,static,,,spider_web,dragonfly,,harvestman,-1.0,-1.0,0.4586910009384155,0.3162480294704437,-1.0,0.8659491539001465,-1.0,-1.0,0.12089191872482372,0.1616662238267067,-1.0,0.290999029435125
REQ-00001,2000,2000,1.1493868827819824,0.426652193069458,"['vit_b_16', 'resnet34', 'resnet18']","['vit_b_16', 'resnet34']",great_grey_owl,1.0,weighted_majority,1131.8080420605838,True,n01622779,3,0.9,[],2,early_exit_with_aggregation_at_resnet34,0.4,greedy,0.3,static,,,great_grey_owl,,,great_grey_owl,-1.0,-1.0,0.9999961853027344,-1.0,-1.0,0.8019173741340637,-1.0,0.06584255027024712,0.12089191872482372,-1.0,-1.0,0.28369662649161254
REQ-00002,2000,2000,0.5745241641998291,5.758073091506958,"['vit_b_16', 'resnet50', 'resnet34']","['vit_b_16', 'resnet50']",garter_snake,1.0,weighted_majority,557.4707500636578,True,n01735189,3,0.9,[],2,early_exit_with_aggregation_at_resnet50,0.2,greedy,0.3,static,,,,garter_snake,,garter_snake,-1.0,-1.0,-1.0,0.9957351684570312,-1.0,0.8948007822036743,-1.0,-1.0,0.11789026416710721,0.16854270144403605,-1.0,0.3312900638424513
REQ-00003,2000,2000,0.7295160293579102,7.268230199813843,"['vit_b_16', 'resnet50', 'resnet34']","['vit_b_16', 'resnet50']",rock_crab,1.0,weighted_majority,707.4346670415252,True,n01978455,3,0.9,[],2,early_exit_with_aggregation_at_resnet50,0.4,greedy,0.3,static,,,,rock_crab,,rock_crab,-1.0,-1.0,-1.0,0.9906696081161499,-1.0,0.8602893948554993,-1.0,-1.0,0.11789026416710721,0.16599913129963245,-1.0,0.3180222574582062
REQ-00004,2000,2000,0.4843330383300781,9.28022813796997,"['vit_b_16', 'resnet50', 'resnet34']","['vit_b_16', 'resnet50']",goldfish,1.0,weighted_majority,470.22654116153717,True,n01443537,3,0.9,[],2,early_exit_with_aggregation_at_resnet50,0.6,greedy,0.3,static,,,,goldfish,,goldfish,-1.0,-1.0,-1.0,0.9983837604522705,-1.0,0.8735041618347168,-1.0,-1.0,0.11789026416710721,0.16337491816966923,-1.0,0.32291973171238564
REQ-00005,2000,2000,1.4124879837036133,10.556864023208618,"['vit_b_16', 'resnet50', 'resnet34']","['vit_b_16', 'resnet50']",great_grey_owl,1.0,weighted_majority,1397.8634581435472,True,n01622779,3,0.9,[],2,early_exit_with_aggregation_at_resnet50,0.8,greedy,0.3,static,,,,great_grey_owl,,great_grey_owl,-1.0,-1.0,-1.0,0.9999711513519287,-1.0,0.8820778727531433,-1.0,-1.0,0.11789026416710721,0.16136662635270232,-1.0,0.30649535854114707
REQ-00006,2000,2000,1.1483190059661865,10.897697925567627,"['vit_b_16', 'resnet34', 'resnet18']",['vit_b_16'],bulbul,0.9050162434577942,single_model,1129.7959578223526,True,n01560419,3,0.9,[],2,early_exit_first_pass=vit_b_16,0.8,greedy,0.3,static,,,,,,bulbul,-1.0,-1.0,-1.0,-1.0,-1.0,0.9050162434577942,-1.0,0.06584255027024712,0.11789026416710721,-1.0,-1.0,0.2931204226870324
REQ-00007,2000,2000,1.0256268978118896,12.309967041015625,"['vit_b_16', 'resnet50', 'resnet34']","['vit_b_16', 'resnet50']",hermit_crab,1.0,weighted_majority,1006.2081660144031,True,n01986214,3,0.9,[],2,early_exit_with_aggregation_at_resnet50,0.8,greedy,0.3,static,,,,hermit_crab,,hermit_crab,-1.0,-1.0,-1.0,0.999903678894043,-1.0,0.8429907560348511,-1.0,-1.0,0.11789026416710721,0.24852946371743212,-1.0,0.3670260804183292
REQ-00008,2000,2000,1.2168593406677246,14.890176057815552,"['vit_b_16', 'resnet101', 'resnet50']",['vit_b_16'],hummingbird,0.9008132219314575,single_model,1193.511666962877,True,n01833805,3,0.9,[],2,early_exit_first_pass=vit_b_16,0.8,greedy,0.3,static,,,,,,hummingbird,-1.0,-1.0,-1.0,-1.0,-1.0,0.9008132219314575,-1.0,-1.0,-1.0,0.2391900173456889,0.4881939919367324,0.38823587237649626
REQ-00009,2000,2000,0.9402251243591309,16.360702991485596,"['vit_b_16', 'resnet50', 'resnet34']","['vit_b_16', 'resnet50', 'resnet34']",water_snake,0.6680011160269042,weighted_majority,923.1183328665793,True,n01740131,3,0.9,[],2,early_exit_with_aggregation_at_resnet34,0.6,greedy,0.3,static,,,water_snake,water_snake,,night_snake,-1.0,-1.0,0.9076379537582397,0.6812520623207092,-1.0,0.7896838784217834,-1.0,-1.0,0.11789026416710721,0.2391900173456889,-1.0,0.36910218513884663
REQ-00010,2000,2000,0.5443360805511475,19.313022136688232,"['vit_b_16', 'resnet50', 'resnet34']","['vit_b_16', 'resnet50']",sea_snake,1.0,weighted_majority,525.3859160002321,True,n01751748,3,0.9,[],2,early_exit_with_aggregation_at_resnet50,0.6,greedy,0.3,static,,,,sea_snake,,sea_snake,-1.0,-1.0,-1.0,0.9969329833984375,-1.0,0.7857978940010071,-1.0,-1.0,0.1179234377503965,0.23299351561112003,-1.0,0.366733366624962




REQ-00000,2000,2000,4.017178058624268,2.86102294921875e-06,"['vit_b_16', 'resnet101', 'resnet50']","['vit_b_16', 'resnet101']",stingray,1.0,weighted_majority,3998.9712920505553,True,n01498041,3,0.9,[],2,early_exit_with_aggregation_at_resnet101,0.2,greedy,0.4,static,,,,,stingray,stingray,-1.0,-1.0,-1.0,-1.0,0.9081752896308899,0.4070984125137329,-1.0,-1.0,-1.0,0.14604319453072026,0.299541555982071,0.2127177894288957
REQ-00001,2000,2000,4.720135927200317,0.4926908016204834,"['vit_b_16', 'resnet101', 'resnet50']",['vit_b_16'],tailed_frog,0.8318187594413757,single_model,4706.686540972441,True,n01644900,3,0.9,[],2,deadline_stop_before_resnet101,0.4,greedy,0.4,static,,,,,,tailed_frog,-1.0,-1.0,-1.0,-1.0,-1.0,0.8318187594413757,-1.0,-1.0,-1.0,0.14604319453072026,0.299541555982071,0.22558791048600613
REQ-00002,2000,2000,5.22988486289978,0.7880597114562988,"['vit_b_16', 'resnet50', 'resnet34']",['vit_b_16'],macaw,0.8778591752052307,single_model,5213.170749833807,True,n01818515,3,0.9,[],2,deadline_stop_before_resnet50,0.6,greedy,0.4,static,,,,,,macaw,-1.0,-1.0,-1.0,-1.0,-1.0,0.8778591752052307,-1.0,-1.0,0.10493088934156852,0.14604319453072026,-1.0,0.22558791048600613
REQ-00003,2000,2000,0.37496113777160645,7.771444797515869,"['vit_b_16', 'resnet101', 'resnet50']",['vit_b_16'],electric_ray,0.9035673141479492,single_model,358.9567500166595,True,n01496331,3,0.9,[],2,early_exit_first_pass=vit_b_16,0.2,greedy,0.4,static,,,,,,electric_ray,-1.0,-1.0,-1.0,-1.0,-1.0,0.9035673141479492,-1.0,-1.0,-1.0,0.14604319453072026,0.6073915003838639,1.1075539274936652
REQ-00004,2000,2000,0.9902408123016357,8.769507646560669,"['vit_b_16', 'resnet101', 'resnet50']","['vit_b_16', 'resnet101']",sulphur-crested_cockatoo,1.0,weighted_majority,975.927459076047,True,n01819313,3,0.9,[],2,early_exit_with_aggregation_at_resnet101,0.4,greedy,0.4,static,,,,,sulphur-crested_cockatoo,sulphur-crested_cockatoo,-1.0,-1.0,-1.0,-1.0,0.9999619722366333,0.8911023139953613,-1.0,-1.0,-1.0,0.14604319453072026,0.6073915003838639,1.0145278347442988
REQ-00005,2000,2000,1.7283179759979248,8.919411897659302,"['vit_b_16', 'resnet101', 'resnet50']","['vit_b_16', 'resnet101', 'resnet50']",black_grouse,1.0,weighted_majority,1713.5974999982864,True,n01795545,3,0.9,[],2,ran_all,0.6,greedy,0.4,static,,,,black_grouse,black_grouse,black_grouse,-1.0,-1.0,-1.0,0.8355459570884705,0.47785714268684387,0.4740809202194214,-1.0,-1.0,-1.0,0.14604319453072026,0.6073915003838639,1.0145278347442988
REQ-00006,2000,2000,0.6410470008850098,11.032088041305542,"['vit_b_16', 'resnet101', 'resnet50']","['vit_b_16', 'resnet101']",snail,1.0,weighted_majority,624.670707853511,True,n01944390,3,0.9,[],2,early_exit_with_aggregation_at_resnet101,0.8,greedy,0.4,static,,,,,snail,snail,-1.0,-1.0,-1.0,-1.0,0.9993392825126648,0.882879376411438,-1.0,-1.0,-1.0,0.14663747507764824,0.5404116853109298,0.964182786142882
REQ-00007,2000,2000,0.8349471092224121,11.860023975372314,"['vit_b_16', 'resnet101', 'resnet50']","['vit_b_16', 'resnet101', 'resnet50']",crayfish,0.7785699152316923,weighted_majority,822.1611250191927,True,n01985128,3,0.9,[],2,ran_all,1.0,greedy,0.4,static,,,,crayfish,spiny_lobster,crayfish,-1.0,-1.0,-1.0,0.7481494545936584,0.46200987696647644,0.8763226270675659,-1.0,-1.0,-1.0,0.14663747507764824,0.5116759167798368,0.8843065075285939
REQ-00008,2000,2000,0.5137441158294678,13.333436727523804,"['vit_b_16', 'resnet101', 'resnet50']",['vit_b_16'],toucan,0.90630042552948,single_model,498.8741660490632,True,n01843383,3,0.9,[],2,early_exit_first_pass=vit_b_16,1.0,greedy,0.4,static,,,,,,toucan,-1.0,-1.0,-1.0,-1.0,-1.0,0.90630042552948,-1.0,-1.0,-1.0,0.14722382756988342,0.4833722251018531,0.8116513567757345
REQ-00010,2000,2000,0.6780140399932861,19.290515899658203,"['vit_b_16', 'resnet101', 'resnet50']","['vit_b_16', 'resnet101']",limpkin,1.0,weighted_majority,659.5498330425471,True,n02013706,3,0.9,[],2,early_exit_with_aggregation_at_resnet101,0.4,greedy,0.4,static,,,,,limpkin,limpkin,-1.0,-1.0,-1.0,-1.0,0.99928879737854,0.8664249181747437,-1.0,-1.0,-1.0,0.14722382756988342,0.4833722251018531,0.7630570210981611
REQ-00009,2000,2000,1.1051037311553955,19.20266580581665,"['vit_b_16', 'resnet101', 'resnet50']","['vit_b_16', 'resnet101']",banded_gecko,1.0,weighted_majority,1089.9354580324143,True,n01675722,3,0.9,[],2,early_exit_with_aggregation_at_resnet101,0.2,greedy,0.4,static,,,,,banded_gecko,banded_gecko,-1.0,-1.0,-1.0,-1.0,0.9998953342437744,0.8793713450431824,-1.0,-1.0,-1.0,0.14722382756988342,0.4833722251018531,0.7630570210981611




REQ-00000,2000,2000,1.130728006362915,1.6689300537109375e-06,"['vit_b_16', 'resnet101', 'resnet50']","['vit_b_16', 'resnet101', 'resnet50']",garter_snake,1.0,weighted_majority,1112.5740830320865,True,n01735189,3,0.9,[],2,ran_all,0.2,greedy,0.5,static,,,,garter_snake,garter_snake,garter_snake,-1.0,-1.0,-1.0,0.8479155898094177,0.7669737339019775,0.8727864623069763,-1.0,-1.0,-1.0,0.14394818009549218,0.2954311818812526,0.23152769055360398
REQ-00001,2000,2000,0.7326819896697998,4.85827374458313,"['vit_b_16', 'resnet101', 'resnet50']","['vit_b_16', 'resnet101']",barn_spider,1.0,weighted_majority,715.5251249205321,True,n01773549,3,0.9,[],2,early_exit_with_aggregation_at_resnet101,0.4,greedy,0.5,static,,,,,barn_spider,barn_spider,-1.0,-1.0,-1.0,-1.0,0.9905093908309937,0.8765395283699036,-1.0,-1.0,-1.0,0.14578256208594295,0.29746386369312733,0.2410626214982436
REQ-00002,2000,2000,0.5953543186187744,10.349040746688843,"['vit_b_16', 'resnet101', 'resnet50']","['vit_b_16', 'resnet101', 'resnet50']",tiger_shark,0.7023365763839936,weighted_majority,584.1760840266943,True,n01491361,3,0.9,[],2,ran_all,0.2,greedy,0.5,static,,,,great_white_shark,tiger_shark,tiger_shark,-1.0,-1.0,-1.0,0.5107331871986389,0.6061550378799438,0.5989194512367249,-1.0,-1.0,-1.0,0.14578256208594295,0.2908228773238146,0.2500108593484192
REQ-00003,2000,2000,0.6185269355773926,13.266851663589478,"['vit_b_16', 'resnet101', 'resnet50']","['vit_b_16', 'resnet101']",whiptail,1.0,weighted_majority,593.4812920168042,True,n01685808,3,0.9,[],2,early_exit_with_aggregation_at_resnet101,0.4,greedy,0.5,static,,,,,whiptail,whiptail,-1.0,-1.0,-1.0,-1.0,0.9619438052177429,0.8874281644821167,-1.0,-1.0,-1.0,0.14695260587734865,0.2757411895914331,0.23859657341357732
REQ-00004,2000,2000,0.8350830078125,14.13135576248169,"['vit_b_16', 'resnet101', 'resnet50']","['vit_b_16', 'resnet101']",coucal,1.0,weighted_majority,818.4307080227882,True,n01824575,3,0.9,[],2,early_exit_with_aggregation_at_resnet101,0.6,greedy,0.5,static,,,,,coucal,coucal,-1.0,-1.0,-1.0,-1.0,0.9996829032897949,0.8474195599555969,-1.0,-1.0,-1.0,0.14695260587734865,0.27130617063228984,0.23032971607221958
REQ-00005,2000,2000,0.6929891109466553,19.17810082435608,"['vit_b_16', 'resnet101', 'resnet50']","['vit_b_16', 'resnet101']",ptarmigan,1.0,weighted_majority,673.5542919486761,True,n01796340,3,0.9,[],2,early_exit_with_aggregation_at_resnet101,0.2,greedy,0.5,static,,,,,ptarmigan,ptarmigan,-1.0,-1.0,-1.0,-1.0,0.998680055141449,0.8912915587425232,-1.0,-1.0,-1.0,0.14695260587734865,0.26703605356906085,0.24373134446499764
REQ-00000,2000,2000,0.5041649341583252,2.1457672119140625e-06,"['vit_b_16', 'resnet50', 'resnet101']","['vit_b_16', 'resnet50']",flatworm,1.0,weighted_majority,488.70091582648456,True,n01924916,3,0.9,[],2,early_exit_with_aggregation_at_resnet50,0.2,greedy,0.5,static,,,,flatworm,,flatworm,-1.0,-1.0,-1.0,0.9268649816513062,-1.0,0.8957846164703369,-1.0,-1.0,-1.0,0.20216794525259718,0.44701392119587835,0.2615956516959089
REQ-00001,2000,2000,0.6414179801940918,2.0425610542297363,"['vit_b_16', 'resnet50', 'resnet34']","['vit_b_16', 'resnet50']",nematode,1.0,weighted_majority,624.5824999641627,True,n01930112,3,0.9,[],2,early_exit_with_aggregation_at_resnet50,0.4,greedy,0.5,static,,,,nematode,,nematode,-1.0,-1.0,-1.0,0.999829888343811,-1.0,0.8851572871208191,-1.0,-1.0,0.12215294826145286,0.19663755072733746,-1.0,0.253185686526318
REQ-00002,2000,2000,0.5790400505065918,5.910722017288208,"['vit_b_16', 'resnet50', 'resnet101']","['vit_b_16', 'resnet50']",chambered_nautilus,1.0,weighted_majority,557.6667080167681,True,n01968897,3,0.9,[],2,early_exit_with_aggregation_at_resnet50,0.4,greedy,0.5,static,,,,chambered_nautilus,,chambered_nautilus,-1.0,-1.0,-1.0,0.9995790123939514,-1.0,0.8726872801780701,-1.0,-1.0,-1.0,0.19002279565460373,0.44701392119587835,0.26404551787368624
REQ-00003,2000,2000,0.7638382911682129,6.266690015792847,"['vit_b_16', 'resnet101', 'resnet34']","['vit_b_16', 'resnet101', 'resnet34']",horned_viper,1.0,weighted_majority,748.3343749772757,True,n01756291,3,0.9,[],2,ran_all,0.6,greedy,0.5,static,,,horned_viper,,horned_viper,horned_viper,-1.0,-1.0,0.8975774645805359,-1.0,0.801567018032074,0.7670646905899048,-1.0,-1.0,0.12215294826145286,-1.0,0.44701392119587835,0.25256966608631765
REQ-00004,2000,2000,0.5794382095336914,7.892200231552124,"['vit_b_16', 'resnet50', 'resnet101']","['vit_b_16', 'resnet50']",flatworm,1.0,weighted_majority,564.239582978189,True,n01924916,3,0.9,[],2,early_exit_with_aggregation_at_resnet50,0.6,greedy,0.5,static,,,,flatworm,,flatworm,-1.0,-1.0,-1.0,0.9195215106010437,-1.0,0.8704285621643066,-1.0,-1.0,-1.0,0.19300891608914336,0.4289221290762905,0.2484955994776859
REQ-00005,2000,2000,0.7915139198303223,11.546228885650635,"['vit_b_16', 'resnet50', 'resnet101']","['vit_b_16', 'resnet50']",tarantula,1.0,weighted_majority,769.1374169662595,True,n01774750,3,0.9,[],2,early_exit_with_aggregation_at_resnet50,0.4,greedy,0.5,static,,,,tarantula,,tarantula,-1.0,-1.0,-1.0,0.9756048917770386,-1.0,0.8873631954193115,-1.0,-1.0,-1.0,0.19024552448022905,0.4289221290762905,0.24370353952991733
REQ-00006,2000,2000,0.5527629852294922,14.355216026306152,"['vit_b_16', 'resnet101', 'resnet50']",['vit_b_16'],water_ouzel,0.914084792137146,single_model,536.1643331125379,True,n01601694,3,0.9,[],2,early_exit_first_pass=vit_b_16,0.4,greedy,0.5,static,,,,,,water_ouzel,-1.0,-1.0,-1.0,-1.0,-1.0,0.914084792137146,-1.0,-1.0,-1.0,0.18515027203220616,0.4289221290762905,0.2558810855769256
REQ-00007,2000,2000,0.6922857761383057,16.42803406715393,"['vit_b_16', 'resnet101', 'resnet50']","['vit_b_16', 'resnet101']",bald_eagle,1.0,weighted_majority,672.472583130002,True,n01614925,3,0.9,[],2,early_exit_with_aggregation_at_resnet101,0.6,greedy,0.5,static,,,,,bald_eagle,bald_eagle,-1.0,-1.0,-1.0,-1.0,0.9998244643211365,0.8318081498146057,-1.0,-1.0,-1.0,0.18515027203220616,0.4289221290762905,0.2672534770192331
REQ-00008,2000,2000,6.7361061573028564,16.994237184524536,"['vit_b_16', 'resnet101', 'resnet50']",['vit_b_16'],water_snake,0.32447147369384766,single_model,6718.312040902674,True,n01740131,3,0.9,[],2,deadline_stop_before_resnet101,0.6,greedy,0.5,static,,,,,,water_snake,-1.0,-1.0,-1.0,-1.0,-1.0,0.32447147369384766,-1.0,-1.0,-1.0,0.18515027203220616,0.4289221290762905,0.25837602931730974
REQ-00010,2000,2000,6.759232997894287,17.702773094177246,"['resnet101', 'resnet50', 'resnet34']",['resnet101'],thunder_snake,0.8736726641654968,single_model,6742.943292018026,True,n01728572,3,0.9,[],2,deadline_stop_before_resnet50,1.0,greedy,0.5,static,,,,,thunder_snake,,-1.0,-1.0,-1.0,-1.0,0.8736726641654968,-1.0,-1.0,-1.0,0.12020435343530758,0.18515027203220616,0.41379201616866146,-1.0
REQ-00009,2000,2000,7.131540060043335,17.348348140716553,"['vit_b_16', 'resnet101', 'resnet50']",['vit_b_16'],terrapin,0.7798109650611877,single_model,7118.658833904192,True,n01667778,3,0.9,[],2,deadline_stop_before_resnet101,0.8,greedy,0.5,static,,,,,,terrapin,-1.0,-1.0,-1.0,-1.0,-1.0,0.7798109650611877,-1.0,-1.0,-1.0,0.18515027203220616,0.41379201616866146,0.25837602931730974





REQ-00000,2000,2000,1.0798308849334717,3.0994415283203125e-06,"['vit_b_16', 'resnet101', 'resnet50']","['vit_b_16', 'resnet101', 'resnet50']",crayfish,1.0,weighted_majority,1061.508750077337,True,n01985128,3,0.9,[],2,ran_all,0.2,greedy,0.6,static,,,,crayfish,crayfish,crayfish,-1.0,-1.0,-1.0,0.3234429955482483,0.8382181525230408,0.8375149369239807,-1.0,-1.0,-1.0,0.13755411829622377,0.27099163480647165,0.2402550581481627
REQ-00001,2000,2000,0.7885711193084717,1.6389589309692383,"['vit_b_16', 'resnet101', 'resnet50']","['vit_b_16', 'resnet101']",wolf_spider,1.0,weighted_majority,773.5719170887023,True,n01775062,3,0.9,[],2,early_exit_with_aggregation_at_resnet101,0.4,greedy,0.6,static,,,,,wolf_spider,wolf_spider,-1.0,-1.0,-1.0,-1.0,0.9728845953941345,0.8678290247917175,-1.0,-1.0,-1.0,0.1371927064666014,0.27551857132582447,0.25489435233334645
REQ-00002,2000,2000,1.0301759243011475,2.3277359008789062,"['vit_b_16', 'resnet101', 'resnet50']","['vit_b_16', 'resnet101']",redshank,1.0,weighted_majority,1008.4047499112785,True,n02028035,3,0.9,[],2,early_exit_with_aggregation_at_resnet101,0.6,greedy,0.6,static,,,,,redshank,redshank,-1.0,-1.0,-1.0,-1.0,0.9678988456726074,0.8804681897163391,-1.0,-1.0,-1.0,0.1371927064666014,0.27006921419324204,0.26177521710001184
REQ-00003,2000,2000,0.6445941925048828,4.340153932571411,"['vit_b_16', 'resnet101', 'resnet50']","['vit_b_16', 'resnet101']",conch,1.0,weighted_majority,627.5933750439435,True,n01943899,3,0.9,[],2,early_exit_with_aggregation_at_resnet101,0.8,greedy,0.6,static,,,,,conch,conch,-1.0,-1.0,-1.0,-1.0,0.9993233680725098,0.8867802619934082,-1.0,-1.0,-1.0,0.1371927064666014,0.2666805927739178,0.29863749539001067
REQ-00004,2000,2000,0.4892618656158447,4.968944072723389,"['vit_b_16', 'resnet101', 'resnet50']","['vit_b_16', 'resnet101']",nematode,1.0,weighted_majority,471.1179998703301,True,n01930112,3,0.9,[],2,early_exit_with_aggregation_at_resnet101,1.0,greedy,0.6,static,,,,,nematode,nematode,-1.0,-1.0,-1.0,-1.0,0.9999963045120239,0.8992255330085754,-1.0,-1.0,-1.0,0.1371927064666014,0.26290123349652605,0.2824742458510096
REQ-00005,2000,2000,0.6038568019866943,14.192340850830078,"['vit_b_16', 'resnet101', 'resnet50']","['vit_b_16', 'resnet101']",black_widow,1.0,weighted_majority,586.3824998959899,True,n01774384,3,0.9,[],2,early_exit_with_aggregation_at_resnet101,0.2,greedy,0.6,static,,,,,black_widow,black_widow,-1.0,-1.0,-1.0,-1.0,0.994269847869873,0.8883365988731384,-1.0,-1.0,-1.0,0.1371927064666014,0.25246491014687344,0.26997502126590867
REQ-00006,2000,2000,0.5141961574554443,18.722126007080078,"['vit_b_16', 'resnet101', 'resnet50']","['vit_b_16', 'resnet101']",bustard,1.0,weighted_majority,492.4124169629067,True,n02018795,3,0.9,[],2,early_exit_with_aggregation_at_resnet101,0.4,greedy,0.6,static,,,,,bustard,bustard,-1.0,-1.0,-1.0,-1.0,0.9998457431793213,0.8975067734718323,-1.0,-1.0,-1.0,0.1371927064666014,0.2508986191321861,0.2586153191393178
REQ-00009,2000,2000,0.7096419334411621,19.908944129943848,"['vit_b_16', 'resnet50', 'resnet34']","['vit_b_16', 'resnet50']",peacock,1.0,weighted_majority,650.8273340296,True,n01806143,3,0.9,[],2,early_exit_with_aggregation_at_resnet50,0.8,greedy,0.6,static,,,,peacock,,peacock,-1.0,-1.0,-1.0,0.9998962879180908,-1.0,0.8952121734619141,-1.0,-1.0,0.09521404134788237,0.1371927064666014,-1.0,0.2369041485028474
REQ-00007,2000,2000,2.3766937255859375,19.637187957763672,"['vit_b_16', 'resnet101', 'resnet50']","['vit_b_16', 'resnet101']",sweatshirt,1.0,weighted_majority,2364.4628340844065,True,n01985128,3,0.9,[],2,deadline_stop_before_resnet50,0.4,greedy,0.6,static,,,,,sweatshirt,sweatshirt,-1.0,-1.0,-1.0,-1.0,0.4943622052669525,0.5224885940551758,-1.0,-1.0,-1.0,0.1371927064666014,0.24205715721896748,0.247565387225386
REQ-00008,2000,2000,2.2643139362335205,19.86860203742981,"['vit_b_16', 'resnet101', 'resnet50']",['vit_b_16'],sea_anemone,0.8933695554733276,single_model,2246.9160000327975,True,n01914609,3,0.9,[],2,deadline_stop_before_resnet101,0.6,greedy,0.6,static,,,,,,sea_anemone,-1.0,-1.0,-1.0,-1.0,-1.0,0.8933695554733276,-1.0,-1.0,-1.0,0.1371927064666014,0.24205715721896748,0.2369041485028474




REQ-00000,2000,2000,0.7083110809326172,5.0067901611328125e-06,"['vit_b_16', 'resnet101', 'resnet50']","['vit_b_16', 'resnet101']",albatross,1.0,weighted_majority,691.3930841255933,True,n02058221,3,0.9,[],2,early_exit_with_aggregation_at_resnet101,0.2,greedy,0.7,static,,,,,albatross,albatross,-1.0,-1.0,-1.0,-1.0,0.9999572038650513,0.891605019569397,-1.0,-1.0,-1.0,0.15793612571826815,0.34422236474729223,0.24355917311069306
REQ-00001,2000,2000,0.6843299865722656,3.092149019241333,"['vit_b_16', 'resnet101', 'resnet50']","['vit_b_16', 'resnet101']",hen,1.0,weighted_majority,666.2646669428796,True,n01514859,3,0.9,[],2,early_exit_with_aggregation_at_resnet101,0.4,greedy,0.7,static,,,,,hen,hen,-1.0,-1.0,-1.0,-1.0,0.9472492337226868,0.8764439225196838,-1.0,-1.0,-1.0,0.15793612571826815,0.33351962827256304,0.23801155579962374
REQ-00003,2000,2000,2.106651782989502,5.114995956420898,"['vit_b_16', 'resnet101', 'resnet50']",['vit_b_16'],tiger_shark,0.8386292457580566,single_model,2052.006083074957,True,n01491361,3,0.9,[],2,deadline_stop_before_resnet101,0.6,greedy,0.7,static,,,,,,tiger_shark,-1.0,-1.0,-1.0,-1.0,-1.0,0.8386292457580566,-1.0,-1.0,-1.0,0.15793612571826815,0.32473796544530675,0.23111750021966138
REQ-00002,2000,2000,2.235934019088745,5.028383016586304,"['vit_b_16', 'resnet101', 'resnet50']",['vit_b_16'],toucan,0.8952562212944031,single_model,2187.6130409073085,True,n01843383,3,0.9,[],2,deadline_stop_before_resnet101,0.4,greedy,0.7,static,,,,,,toucan,-1.0,-1.0,-1.0,-1.0,-1.0,0.8952562212944031,-1.0,-1.0,-1.0,0.15793612571826815,0.32473796544530675,0.23111750021966138
REQ-00005,2000,2000,1.1277258396148682,9.418260097503662,"['vit_b_16', 'resnet101', 'resnet50']","['vit_b_16', 'resnet101']",crane,1.0,weighted_majority,1035.9247501473874,True,n02012849,3,0.9,[],2,early_exit_with_aggregation_at_resnet101,0.8,greedy,0.7,static,,,,,crane,crane,-1.0,-1.0,-1.0,-1.0,0.9973679184913635,0.8836020827293396,-1.0,-1.0,-1.0,0.15793612571826815,0.32473796544530675,0.5625877651779257
REQ-00004,2000,2000,2.2557268142700195,9.404740810394287,"['vit_b_16', 'resnet101', 'resnet50']","['vit_b_16', 'resnet101']",wombat,1.0,weighted_majority,2227.33858297579,True,n01883070,3,0.9,[],2,early_exit_with_aggregation_at_resnet101,0.6,greedy,0.7,static,,,,,wombat,wombat,-1.0,-1.0,-1.0,-1.0,0.9984325766563416,0.8905974626541138,-1.0,-1.0,-1.0,0.15793612571826815,0.32473796544530675,0.5625877651779257
REQ-00009,2000,2000,0.5140020847320557,14.223067045211792,"['resnet50', 'resnet34', 'resnet18']",['resnet50'],nematode,0.9924585223197937,single_model,497.02308303676546,True,n01930112,3,0.9,[],2,early_exit_first_pass=resnet50,1.2,greedy,0.7,static,,,,nematode,,,-1.0,-1.0,-1.0,0.9924585223197937,-1.0,-1.0,-1.0,0.061214884896105166,0.11027700348109146,0.15793612571826815,-1.0,-1.0
REQ-00006,2000,2000,2.197209119796753,13.25112795829773,"['vit_b_16', 'resnet101', 'resnet50']","['vit_b_16', 'resnet101']",electric_ray,1.0,weighted_majority,2183.022999903187,True,n01496331,3,0.9,[],2,early_exit_with_aggregation_at_resnet101,0.6,greedy,0.7,static,,,,,electric_ray,electric_ray,-1.0,-1.0,-1.0,-1.0,0.9997864365577698,0.8150020837783813,-1.0,-1.0,-1.0,0.15793612571826815,0.3099388820106985,0.6808479697941199
REQ-00010,2000,2000,2.260591745376587,14.990069150924683,"['resnet50', 'resnet34', 'resnet18']",['resnet50'],boa_constrictor,0.8171461224555969,single_model,2244.2290829494596,True,n01742172,3,0.9,[],2,deadline_stop_before_resnet34,1.0,greedy,0.7,static,,,,boa_constrictor,,,-1.0,-1.0,-1.0,0.8171461224555969,-1.0,-1.0,-1.0,0.061214884896105166,0.11027700348109146,0.17471751314644132,-1.0,-1.0
REQ-00008,2000,2000,3.6332132816314697,13.624688863754272,"['vit_b_16', 'resnet50', 'resnet34']",['vit_b_16'],wallaby,0.8555781245231628,single_model,3614.389874972403,True,n01877812,3,0.9,[],2,deadline_stop_before_resnet50,1.0,greedy,0.7,static,,,,,,wallaby,-1.0,-1.0,-1.0,-1.0,-1.0,0.8555781245231628,-1.0,-1.0,0.11027700348109146,0.15793612571826815,-1.0,0.627930372814708
REQ-00007,2000,2000,3.8151299953460693,13.505589008331299,"['vit_b_16', 'resnet101', 'resnet50']",['vit_b_16'],hammerhead,0.8688246607780457,single_model,3798.115916084498,True,n01494475,3,0.9,[],2,deadline_stop_before_resnet101,0.8,greedy,0.7,static,,,,,,hammerhead,-1.0,-1.0,-1.0,-1.0,-1.0,0.8688246607780457,-1.0,-1.0,-1.0,0.15793612571826815,0.3099388820106985,0.6808479697941199




REQ-00000,2000,2000,0.7268249988555908,2.86102294921875e-06,"['vit_b_16', 'resnet101', 'resnet50']","['vit_b_16', 'resnet101']",hen,1.0,weighted_majority,708.7859169114381,True,n01514859,3,0.9,[],2,early_exit_with_aggregation_at_resnet101,0.2,greedy,0.8,static,,,,,hen,hen,-1.0,-1.0,-1.0,-1.0,0.9787538051605225,0.8767108917236328,-1.0,-1.0,-1.0,0.14634047854874926,0.3162361242922063,0.260433316039951
REQ-00001,2000,2000,0.34810686111450195,4.050718069076538,"['vit_b_16', 'resnet101', 'resnet50']",['vit_b_16'],great_white_shark,0.9257487058639526,single_model,331.1191250104457,True,n01484850,3,0.9,[],2,early_exit_first_pass=vit_b_16,0.4,greedy,0.8,static,,,,,,great_white_shark,-1.0,-1.0,-1.0,-1.0,-1.0,0.9257487058639526,-1.0,-1.0,-1.0,0.14634047854874926,0.3168822118629857,0.24893328443595591
REQ-00003,2000,2000,1.3651211261749268,4.8203630447387695,"['vit_b_16', 'resnet101', 'resnet50']",['vit_b_16'],vine_snake,0.9085608720779419,single_model,1343.673416879028,True,n01739381,3,0.9,[],2,early_exit_first_pass=vit_b_16,0.8,greedy,0.8,static,,,,,,vine_snake,-1.0,-1.0,-1.0,-1.0,-1.0,0.9085608720779419,-1.0,-1.0,-1.0,0.14634047854874926,0.3168822118629857,0.2415814559923603
REQ-00002,2000,2000,1.7124638557434082,4.749632835388184,"['vit_b_16', 'resnet101', 'resnet50']","['vit_b_16', 'resnet101']",goose,1.0,weighted_majority,1699.2617910727859,True,n01855672,3,0.9,[],2,early_exit_with_aggregation_at_resnet101,0.6,greedy,0.8,static,,,,,goose,goose,-1.0,-1.0,-1.0,-1.0,0.9971567392349243,0.8775575160980225,-1.0,-1.0,-1.0,0.14634047854874926,0.3168822118629857,0.2415814559923603
REQ-00004,2000,2000,0.7877089977264404,7.7508039474487305,"['vit_b_16', 'resnet101', 'resnet50']","['vit_b_16', 'resnet101']",american_alligator,1.0,weighted_majority,766.9913750141859,True,n01698640,3,0.9,[],2,early_exit_with_aggregation_at_resnet101,0.8,greedy,0.8,static,,,,,american_alligator,american_alligator,-1.0,-1.0,-1.0,-1.0,0.9707532525062561,0.7805393934249878,-1.0,-1.0,-1.0,0.14634047854874926,0.3098178906766872,0.40325136935381184
REQ-00005,2000,2000,0.33551597595214844,13.2238929271698,"['vit_b_16', 'resnet101', 'resnet50']",['vit_b_16'],albatross,0.908620297908783,single_model,318.73908289708197,True,n02058221,3,0.9,[],2,early_exit_first_pass=vit_b_16,0.2,greedy,0.8,static,,,,,,albatross,-1.0,-1.0,-1.0,-1.0,-1.0,0.908620297908783,-1.0,-1.0,-1.0,0.14634047854874926,0.2941331016090185,0.39856413241843064
REQ-00006,2000,2000,0.8006241321563721,13.61939001083374,"['vit_b_16', 'resnet101', 'resnet50']","['vit_b_16', 'resnet101']",drake,1.0,weighted_majority,783.0682501662523,True,n01847000,3,0.9,[],2,early_exit_with_aggregation_at_resnet101,0.4,greedy,0.8,static,,,,,drake,drake,-1.0,-1.0,-1.0,-1.0,0.9970347881317139,0.8679724931716919,-1.0,-1.0,-1.0,0.14634047854874926,0.2941331016090185,0.37593331917658757
REQ-00007,2000,2000,0.5670590400695801,17.068809986114502,"['vit_b_16', 'resnet101', 'resnet50']","['vit_b_16', 'resnet101']",flamingo,1.0,weighted_majority,550.5475830286741,True,n02007558,3,0.9,[],2,early_exit_with_aggregation_at_resnet101,0.6,greedy,0.8,static,,,,,flamingo,flamingo,-1.0,-1.0,-1.0,-1.0,0.9998356103897095,0.880649209022522,-1.0,-1.0,-1.0,0.14634047854874926,0.2808043914481167,0.38178448725892883




REQ-00000,2000,2000,0.8176028728485107,3.0994415283203125e-06,"['vit_b_16', 'resnet101', 'resnet50']","['vit_b_16', 'resnet101']",harvestman,1.0,weighted_majority,800.2510410733521,True,n01770081,3,0.9,[],2,early_exit_with_aggregation_at_resnet101,0.2,greedy,0.9,static,,,,,harvestman,harvestman,-1.0,-1.0,-1.0,-1.0,0.9378888010978699,0.8511646389961243,-1.0,-1.0,-1.0,0.14265074175993453,0.2937652614970875,0.2084096716853074
REQ-00001,2000,2000,0.8542709350585938,9.351365804672241,"['vit_b_16', 'resnet101', 'resnet50']","['vit_b_16', 'resnet101']",spiny_lobster,1.0,weighted_majority,835.8380421996117,True,n01984695,3,0.9,[],2,early_exit_with_aggregation_at_resnet101,0.2,greedy,0.9,static,,,,,spiny_lobster,spiny_lobster,-1.0,-1.0,-1.0,-1.0,0.9798333644866943,0.8605882525444031,-1.0,-1.0,-1.0,0.14265074175993453,0.28707573534737874,0.2202988045167767
REQ-00003,2000,2000,3.2862181663513184,12.639960765838623,"['vit_b_16', 'resnet101', 'resnet50']","['vit_b_16', 'resnet101']",garter_snake,1.0,weighted_majority,3268.784665968269,True,n01735189,3,0.9,[],2,early_exit_with_aggregation_at_resnet101,0.6,greedy,0.9,static,,,,,garter_snake,garter_snake,-1.0,-1.0,-1.0,-1.0,0.9858391880989075,0.8430282473564148,-1.0,-1.0,-1.0,0.14265074175993453,0.28150566181264086,0.21264506165858912
REQ-00002,2000,2000,3.543787956237793,12.393901109695435,"['vit_b_16', 'resnet101', 'resnet50']","['vit_b_16', 'resnet101', 'resnet50']",sidewinder,1.0,weighted_majority,3529.1569579858333,True,n01756291,3,0.9,[],2,ran_all,0.4,greedy,0.9,static,,,,sidewinder,sidewinder,sidewinder,-1.0,-1.0,-1.0,0.7377142310142517,0.6308140158653259,0.5678068995475769,-1.0,-1.0,-1.0,0.14265074175993453,0.28150566181264086,0.22106062406509902
REQ-00004,2000,2000,0.3473501205444336,17.31880283355713,"['vit_b_16', 'resnet101', 'resnet50']",['vit_b_16'],common_iguana,0.9040231704711914,single_model,312.96725012362003,True,n01677366,3,0.9,[],2,early_exit_first_pass=vit_b_16,0.6,greedy,0.9,static,,,,,,common_iguana,-1.0,-1.0,-1.0,-1.0,-1.0,0.9040231704711914,-1.0,-1.0,-1.0,0.3198999675839411,0.5097253960682392,0.30682075549273025
REQ-00006,2000,2000,0.6388280391693115,17.65520191192627,"['vit_b_16', 'resnet101', 'resnet50']","['vit_b_16', 'resnet101']",wallaby,1.0,weighted_majority,618.7530409079045,True,n01877812,3,0.9,[],2,early_exit_with_aggregation_at_resnet101,0.6,greedy,0.9,static,,,,,wallaby,wallaby,-1.0,-1.0,-1.0,-1.0,0.9086415767669678,0.8194745779037476,-1.0,-1.0,-1.0,0.3198999675839411,0.5097253960682392,0.2905000799434573
REQ-00005,2000,2000,1.4212539196014404,17.53401803970337,"['vit_b_16', 'resnet101', 'resnet50']",['vit_b_16'],terrapin,0.9097551107406616,single_model,1404.725416796282,True,n01667778,3,0.9,[],2,early_exit_first_pass=vit_b_16,0.6,greedy,0.9,static,,,,,,terrapin,-1.0,-1.0,-1.0,-1.0,-1.0,0.9097551107406616,-1.0,-1.0,-1.0,0.3198999675839411,0.5097253960682392,0.30682075549273025
REQ-00007,2000,2000,5.690306186676025,19.27555513381958,"['vit_b_16', 'resnet101', 'resnet50']","['vit_b_16', 'resnet101']",tick,1.0,weighted_majority,5671.253124950454,True,n01776313,3,0.9,[],2,early_exit_with_aggregation_at_resnet101,0.8,greedy,0.9,static,,,,,tick,tick,-1.0,-1.0,-1.0,-1.0,0.9999784231185913,0.8763286471366882,-1.0,-1.0,-1.0,0.3198999675839411,0.48474955646141527,0.37771744475420044
REQ-00008,2000,2000,9.603208065032959,19.342978954315186,"['vit_b_16', 'resnet101', 'resnet50']","['vit_b_16', 'resnet101']",electric_ray,1.0,weighted_majority,9568.422625074163,True,n01496331,3,0.9,[],2,early_exit_with_aggregation_at_resnet101,1.0,greedy,0.9,static,,,,,electric_ray,electric_ray,-1.0,-1.0,-1.0,-1.0,0.9985278844833374,0.8062403202056885,-1.0,-1.0,-1.0,0.3198999675839411,0.48474955646141527,0.37771744475420044





REQ-00001,2000,2000,0.9251530170440674,0.5087742805480957,"['vit_b_16', 'resnet101', 'resnet50']","['vit_b_16', 'resnet101', 'resnet50']",horned_viper,0.7866017493877172,weighted_majority,912.2452919837087,True,n01753488,3,0.9,[],2,ran_all,0.4,greedy,1.0,static,,,,hognose_snake,horned_viper,horned_viper,-1.0,-1.0,-1.0,0.2622346580028534,0.2778327167034149,0.6887836456298828,-1.0,-1.0,-1.0,0.15140233653446483,0.355344151134032,0.2708460452612326
REQ-00006,2000,2000,0.5340509414672852,5.74703311920166,"['resnet34', 'resnet18', 'mobilenet_v3_small']",['resnet34'],redshank,0.9984666109085083,single_model,518.3631670661271,True,n02028035,3,0.9,[],2,early_exit_first_pass=resnet34,1.0,greedy,1.0,static,,,redshank,,,,-1.0,-1.0,0.9984666109085083,-1.0,-1.0,-1.0,0.05595542673883642,0.05871815067184713,0.10308139135434227,-1.0,-1.0,-1.0
REQ-00003,2000,2000,6.832845687866211,2.2160720825195312,"['vit_b_16', 'resnet101', 'resnet50']",['vit_b_16'],sea_snake,0.8983355760574341,single_model,6817.11716693826,True,n01751748,3,0.9,[],2,deadline_stop_before_resnet101,0.8,greedy,1.0,static,,,,,,sea_snake,-1.0,-1.0,-1.0,-1.0,-1.0,0.8983355760574341,-1.0,-1.0,-1.0,0.15040730288101836,0.3451125360206288,0.26878424073510937
REQ-00002,2000,2000,9.266895294189453,0.8027501106262207,"['vit_b_16', 'resnet101', 'resnet50']",['vit_b_16'],axolotl,0.9003278017044067,single_model,9253.090915968642,True,n01632777,3,0.9,[],2,early_exit_first_pass=vit_b_16,0.6,greedy,1.0,static,,,,,,axolotl,-1.0,-1.0,-1.0,-1.0,-1.0,0.9003278017044067,-1.0,-1.0,-1.0,0.15140233653446483,0.355344151134032,0.26878424073510937
REQ-00005,2000,2000,10.590533256530762,5.42259407043457,"['resnet50', 'resnet34', 'resnet18']",['resnet50'],tiger_shark,0.9310207962989807,single_model,10575.782583095133,True,n01491361,3,0.9,[],2,early_exit_first_pass=resnet50,1.0,greedy,1.0,static,,,,tiger_shark,,,-1.0,-1.0,-1.0,0.9310207962989807,-1.0,-1.0,-1.0,0.05871815067184713,0.10308139135434227,0.15040730288101836,-1.0,-1.0
REQ-00000,2000,2000,18.571769952774048,3.0994415283203125e-06,"['vit_b_16', 'resnet101', 'resnet50']","['vit_b_16', 'resnet101']",chiton,1.0,weighted_majority,18551.86245799996,True,n01955084,3,0.9,[],2,early_exit_with_aggregation_at_resnet101,0.2,greedy,1.0,static,,,,,chiton,chiton,-1.0,-1.0,-1.0,-1.0,0.9999970197677612,0.8846603631973267,-1.0,-1.0,-1.0,0.15140233653446483,0.355344151134032,0.2769872725124807
REQ-00004,2000,2000,15.499473094940186,3.0799951553344727,"['resnet101', 'resnet50', 'resnet34']",['resnet101'],tench,0.9830760955810547,single_model,15477.930292021483,True,n01440764,3,0.9,[],2,early_exit_first_pass=resnet101,1.0,greedy,1.0,static,,,,,tench,,-1.0,-1.0,-1.0,-1.0,0.9830760955810547,-1.0,-1.0,-1.0,0.10308139135434227,0.15040730288101836,0.3451125360206288,-1.0
REQ-00007,2000,2000,7.986156225204468,11.940295219421387,"['vit_b_16', 'resnet34', 'resnet18']",['vit_b_16'],hognose_snake,0.846983015537262,single_model,7972.872667014599,True,n01729322,3,0.9,[],2,deadline_stop_before_resnet34,0.2,greedy,1.0,static,,,,,,hognose_snake,-1.0,-1.0,-1.0,-1.0,-1.0,0.846983015537262,-1.0,0.05871815067184713,0.12942805221890805,-1.0,-1.0,1.7170126049954386
REQ-00011,2000,2000,0.2853720188140869,19.82799005508423,"['resnet18', 'mobilenet_v3_small']",['resnet18'],tarantula,0.9987958669662476,single_model,268.1642919778824,True,n01774750,3,0.9,[],2,early_exit_first_pass=resnet18,0.8,greedy,1.0,static,,tarantula,,,,,-1.0,0.9987958669662476,-1.0,-1.0,-1.0,-1.0,0.05595542673883642,0.05871815067184713,-1.0,-1.0,-1.0,-1.0
REQ-00008,2000,2000,5.880382061004639,14.915610313415527,"['vit_b_16', 'resnet34', 'resnet18']","['vit_b_16', 'resnet34']",magpie,1.0,weighted_majority,5863.551042042673,True,n01582220,3,0.9,[],2,early_exit_with_aggregation_at_resnet34,0.4,greedy,1.0,static,,,magpie,,,magpie,-1.0,-1.0,0.9973446726799011,-1.0,-1.0,0.8955888152122498,-1.0,0.05871815067184713,0.12942805221890805,-1.0,-1.0,1.7170126049954386
REQ-00010,2000,2000,2.083630084991455,19.48832631111145,"['resnet50', 'resnet18', 'mobilenet_v3_small']",['resnet50'],hornbill,0.9977540373802185,single_model,2062.8670000005513,True,n01829413,3,0.9,[],2,early_exit_first_pass=resnet50,0.6,greedy,1.0,static,,,,hornbill,,,-1.0,-1.0,-1.0,0.9977540373802185,-1.0,-1.0,0.05595542673883642,0.05871815067184713,-1.0,1.1738703725929165,-1.0,-1.0
REQ-00009,2000,2000,4.14133095741272,17.45413613319397,"['vit_b_16', 'resnet50', 'resnet18']",['vit_b_16'],banded_gecko,0.8722114562988281,single_model,4124.568250030279,True,n01675722,3,0.9,[],2,deadline_stop_before_resnet50,0.4,greedy,1.0,static,,,,,,banded_gecko,-1.0,-1.0,-1.0,-1.0,-1.0,0.8722114562988281,-1.0,0.05871815067184713,-1.0,1.1738703725929165,-1.0,1.582983244495895




