REQ-00001,2000,1000,11.35556697845459,0.13664793968200684,"['vit_b_16', 'resnet101', 'resnet50']",['vit_b_16'],limpkin,0.8923072218894958,single_model,11023.462791927159,True,n02013706,3,0.9,[],2,deadline_stop_before_resnet101,0.4,greedy,1,adaptive,,,,,,limpkin,-1.0,-1.0,-1.0,-1.0,-1.0,0.8923072218894958,-1.0,-1.0,-1.0,0.7263759375187138,0.6548996944558726,0.6198193197173396
REQ-00003,2000,1000,11.352900981903076,1.8749570846557617,"['vit_b_16', 'resnet101', 'resnet50']",['vit_b_16'],garter_snake,0.8735629916191101,single_model,11334.389625117183,True,n01735189,3,0.9,[],2,deadline_stop_before_resnet101,0.8,greedy,1,adaptive,,,,,,garter_snake,-1.0,-1.0,-1.0,-1.0,-1.0,0.8735629916191101,-1.0,-1.0,-1.0,0.7263759375187138,0.6548996944558726,0.5773357877456057
REQ-00002,2000,1000,13.111380100250244,1.549983024597168,"['vit_b_16', 'resnet101', 'resnet50']",['vit_b_16'],king_snake,0.8941143155097961,single_model,13074.843416921794,True,n01734418,3,0.9,[],2,deadline_stop_before_resnet101,0.6,greedy,1,adaptive,,,,,,king_snake,-1.0,-1.0,-1.0,-1.0,-1.0,0.8941143155097961,-1.0,-1.0,-1.0,0.7263759375187138,0.6548996944558726,0.5773357877456057
REQ-00004,2000,1000,12.848329067230225,4.158628225326538,"['vit_b_16', 'resnet101', 'resnet50']",['vit_b_16'],flamingo,0.9255304336547852,single_model,12829.976875102147,True,n02007558,3,0.9,[],2,early_exit_first_pass=vit_b_16,1.0,greedy,1,adaptive,,,,,,flamingo,-1.0,-1.0,-1.0,-1.0,-1.0,0.9255304336547852,-1.0,-1.0,-1.0,0.7263759375187138,0.6548996944558726,0.5773357877456057
REQ-00005,2000,1000,13.051399230957031,5.3113930225372314,"['vit_b_16', 'resnet101', 'resnet50']",['vit_b_16'],black_swan,0.8982245326042175,single_model,13034.382874844596,True,n01860187,3,0.9,[],2,deadline_stop_before_resnet101,1.0,greedy,1,adaptive,,,,,,black_swan,-1.0,-1.0,-1.0,-1.0,-1.0,0.8982245326042175,-1.0,-1.0,-1.0,0.7263759375187138,0.6548996944558726,0.5773357877456057
REQ-00006,2000,1000,13.185772895812988,5.826076984405518,"['vit_b_16', 'resnet101', 'resnet50']",['vit_b_16'],whiptail,0.8627029657363892,single_model,13168.669000035152,True,n01685808,3,0.9,[],2,deadline_stop_before_resnet101,1.0,greedy,1,adaptive,,,,,,whiptail,-1.0,-1.0,-1.0,-1.0,-1.0,0.8627029657363892,-1.0,-1.0,-1.0,0.7869072656452732,0.709474668993862,0.6254471033910728
REQ-00007,2000,1000,12.910507678985596,7.1858460903167725,"['vit_b_16', 'resnet101', 'resnet50']",['vit_b_16'],black_widow,0.8670040369033813,single_model,12880.923541961238,True,n01774384,3,0.9,[],2,deadline_stop_before_resnet101,0.8,greedy,1,adaptive,,,,,,black_widow,-1.0,-1.0,-1.0,-1.0,-1.0,0.8670040369033813,-1.0,-1.0,-1.0,1.412354369036404,1.3349217723849924,1.2508942067822033
REQ-00000,2000,1000,20.123899936676025,3.0994415283203125e-06,"['vit_b_16', 'resnet101', 'resnet50']","['vit_b_16', 'resnet101']",scorpion,1.0,weighted_majority,20066.701875068247,True,n01770393,3,0.9,[],2,early_exit_with_aggregation_at_resnet101,0.2,greedy,1,adaptive,,,,,scorpion,scorpion,-1.0,-1.0,-1.0,-1.0,0.9997195601463318,0.8817819952964783,-1.0,-1.0,-1.0,0.7263759375187138,0.6548996944558726,0.6198193197173396



REQ-00003,2000,500,9.072234153747559,0.7437841892242432,"['vit_b_16', 'resnet101', 'resnet50']",['vit_b_16'],crayfish,0.7125171422958374,single_model,8046.370333060622,True,n01985128,3,0.9,[],2,deadline_stop_before_resnet101,0.8,greedy,1,adaptive,,,,,,crayfish,-1.0,-1.0,-1.0,-1.0,-1.0,0.7125171422958374,-1.0,-1.0,-1.0,0.23603261768567693,0.8125256382310623,0.493806624598384
REQ-00001,2000,500,13.073764085769653,0.3962111473083496,"['vit_b_16', 'resnet101', 'resnet50']",['vit_b_16'],coucal,0.8837500214576721,single_model,13045.226541813463,True,n01824575,3,0.9,[],2,deadline_stop_before_resnet101,0.4,greedy,1,adaptive,,,,,,coucal,-1.0,-1.0,-1.0,-1.0,-1.0,0.8837500214576721,-1.0,-1.0,-1.0,0.23603261768567693,0.8125256382310623,0.5151164717759822
REQ-00002,2000,500,13.581125020980835,0.5208370685577393,"['vit_b_16', 'resnet101', 'resnet50']",['vit_b_16'],flamingo,0.8318625092506409,single_model,13509.29691689089,True,n02007558,3,0.9,[],2,deadline_stop_before_resnet101,0.6,greedy,1,adaptive,,,,,,flamingo,-1.0,-1.0,-1.0,-1.0,-1.0,0.8318625092506409,-1.0,-1.0,-1.0,0.23603261768567693,0.8125256382310623,0.493806624598384
REQ-00004,2000,500,22.439518928527832,0.922091007232666,"['resnet101', 'resnet50', 'resnet34']",['resnet101'],jellyfish,0.9999598264694214,single_model,22235.27262499556,True,n01910747,3,0.9,[],2,early_exit_first_pass=resnet101,1.0,greedy,1,adaptive,,,,,jellyfish,,-1.0,-1.0,-1.0,-1.0,0.9999598264694214,-1.0,-1.0,-1.0,0.1420774562383566,0.23603261768567693,0.8125256382310623,-1.0
REQ-00007,2000,500,34.03628087043762,3.34525203704834,"['resnet101', 'resnet50', 'resnet34']",['resnet101'],green_mamba,0.9839714765548706,single_model,33964.53495812602,True,n01749939,3,0.9,[],2,early_exit_first_pass=resnet101,1.6,greedy,0.94,adaptive,,,,,green_mamba,,-1.0,-1.0,-1.0,-1.0,0.9839714765548706,-1.0,-1.0,-1.0,1.034153352341905,1.135938110576502,1.7604722161673363,-1.0
REQ-00005,2000,500,36.53218197822571,1.0537300109863281,"['resnet101', 'resnet50', 'resnet34']",['resnet101'],goose,0.9998822212219238,single_model,36183.328999904916,True,n01855672,3,0.9,[],2,early_exit_first_pass=resnet101,1.2,greedy,0.98,adaptive,,,,,goose,,-1.0,-1.0,-1.0,-1.0,0.9998822212219238,-1.0,-1.0,-1.0,0.1420774562383566,0.23603261768567693,0.8125256382310623,-1.0
REQ-00000,2000,500,37.67553901672363,3.0994415283203125e-06,"['vit_b_16', 'resnet101', 'resnet50']","['vit_b_16', 'resnet101']",black_grouse,1.0,weighted_majority,37586.26045892015,True,n01795545,3,0.9,[],2,early_exit_with_aggregation_at_resnet101,0.2,greedy,1,adaptive,,,,,black_grouse,black_grouse,-1.0,-1.0,-1.0,-1.0,0.9883379340171814,0.8982152938842773,-1.0,-1.0,-1.0,0.23603261768567693,0.8125256382310623,0.5151164717759822
REQ-00006,2000,500,44.081421852111816,1.3190171718597412,"['resnet101', 'resnet50', 'resnet34']",['resnet101'],tench,0.999958872795105,single_model,43855.82537506707,True,n01440764,3,0.9,[],2,early_exit_first_pass=resnet101,1.4,greedy,0.96,adaptive,,,,,tench,,-1.0,-1.0,-1.0,-1.0,0.999958872795105,-1.0,-1.0,-1.0,0.15391724425821965,0.25570200249281666,0.8802361080836508,-1.0
REQ-00008,2000,500,47.476078748703,3.719223976135254,"['resnet101', 'resnet50', 'resnet34']",['resnet101'],garter_snake,0.9944406151771545,single_model,47450.75570885092,True,n01735189,3,0.9,[],2,early_exit_first_pass=resnet101,1.8,greedy,0.92,adaptive,,,,,garter_snake,,-1.0,-1.0,-1.0,-1.0,0.9944406151771545,-1.0,-1.0,-1.0,1.0341533523418878,1.1359381105764847,1.760472216167319,-1.0
REQ-00010,2000,500,55.37847113609314,4.706637144088745,"['resnet101', 'resnet50', 'resnet34']",['resnet101'],green_lizard,0.49974870681762695,single_model,55308.33729193546,True,n01693334,3,0.9,[],2,deadline_stop_before_resnet50,2.2,greedy,0.88,adaptive,,,,,green_lizard,,-1.0,-1.0,-1.0,-1.0,0.49974870681762695,-1.0,-1.0,-1.0,1.034153352341879,1.135938110576476,1.7604722161673103,-1.0
REQ-00009,2000,500,55.563291788101196,4.623522043228149,"['resnet101', 'resnet50', 'resnet34']",['resnet101'],sea_anemone,0.9949895739555359,single_model,55536.49920900352,True,n01914609,3,0.9,[],2,early_exit_first_pass=resnet101,2.0,greedy,0.9,adaptive,,,,,sea_anemone,,-1.0,-1.0,-1.0,-1.0,0.9949895739555359,-1.0,-1.0,-1.0,1.034153352341882,1.135938110576479,1.7604722161673132,-1.0
REQ-00011,2000,500,69.53561401367188,5.187875986099243,"['resnet101', 'resnet50', 'resnet34']",['resnet101'],wallaby,0.9898285865783691,single_model,69512.98399991356,True,n01877812,3,0.9,[],2,early_exit_first_pass=resnet101,2.2,greedy,0.88,adaptive,,,,,wallaby,,-1.0,-1.0,-1.0,-1.0,0.9898285865783691,-1.0,-1.0,-1.0,1.0341533523418773,1.1359381105764743,1.7604722161673085,-1.0
REQ-00012,2000,500,69.27921199798584,5.499175071716309,"['resnet101', 'resnet50', 'resnet34']",['resnet101'],green_mamba,0.8668400645256042,single_model,69265.92525001615,True,n01749939,3,0.9,[],2,deadline_stop_before_resnet50,2.2,greedy,0.88,adaptive,,,,,green_mamba,,-1.0,-1.0,-1.0,-1.0,0.8668400645256042,-1.0,-1.0,-1.0,1.0341533523418762,1.1359381105764732,1.7604722161673074,-1.0
REQ-00015,2000,500,74.93284916877747,6.7528040409088135,"['resnet101', 'resnet50', 'resnet34']",['resnet101'],conch,0.9999513626098633,single_model,74914.37533288263,True,n01943899,3,0.9,[],2,early_exit_first_pass=resnet101,1.8,greedy,0.92,adaptive,,,,,conch,,-1.0,-1.0,-1.0,-1.0,0.9999513626098633,-1.0,-1.0,-1.0,1.0341533523418744,1.1359381105764714,1.7604722161673056,-1.0
REQ-00013,2000,500,75.97554922103882,6.133896112442017,"['resnet101', 'resnet50', 'resnet34']",['resnet101'],wolf_spider,0.9938308000564575,single_model,75960.48954199068,True,n01775062,3,0.9,[],2,early_exit_first_pass=resnet101,1.8,greedy,0.92,adaptive,,,,,wolf_spider,,-1.0,-1.0,-1.0,-1.0,0.9938308000564575,-1.0,-1.0,-1.0,1.0341533523418756,1.1359381105764725,1.7604722161673068,-1.0
REQ-00014,2000,500,81.48873090744019,6.2388081550598145,"['resnet101', 'resnet50', 'resnet34']",['resnet101'],whiptail,0.8442710638046265,single_model,81271.08641690575,True,n01685808,3,0.9,[],2,deadline_stop_before_resnet50,1.8,greedy,0.92,adaptive,,,,,whiptail,,-1.0,-1.0,-1.0,-1.0,0.8442710638046265,-1.0,-1.0,-1.0,1.0341533523418749,1.1359381105764719,1.760472216167306,-1.0
REQ-00019,2000,500,78.53798985481262,9.747583150863647,"['resnet101', 'resnet50', 'resnet34']",['resnet101'],american_coot,0.9995380640029907,single_model,78339.2139999196,True,n02018207,3,0.9,[],2,early_exit_first_pass=resnet101,1.8,greedy,0.92,adaptive,,,,,american_coot,,-1.0,-1.0,-1.0,-1.0,0.9995380640029907,-1.0,-1.0,-1.0,1.0341533523418733,1.1359381105764703,1.7604722161673045,-1.0
REQ-00016,2000,500,82.79429388046265,7.295493125915527,"['resnet101', 'resnet50', 'resnet34']",['resnet101'],goose,0.9307979345321655,single_model,82780.12358304113,True,n01855672,3,0.9,[],2,early_exit_first_pass=resnet101,2.0,greedy,0.9,adaptive,,,,,goose,,-1.0,-1.0,-1.0,-1.0,0.9307979345321655,-1.0,-1.0,-1.0,1.034153352341874,1.1359381105764712,1.7604722161673052,-1.0
REQ-00017,2000,500,90.92233490943909,7.333917140960693,"['resnet101', 'resnet50', 'resnet34']",['resnet101'],vine_snake,0.99544757604599,single_model,89322.86429218948,True,n01739381,3,0.9,[],2,early_exit_first_pass=resnet101,1.8,greedy,0.92,adaptive,,,,,vine_snake,,-1.0,-1.0,-1.0,-1.0,0.99544757604599,-1.0,-1.0,-1.0,1.034153352341874,1.1359381105764712,1.7604722161673052,-1.0
REQ-00018,2000,500,90.70132303237915,7.605842113494873,"['resnet101', 'resnet50', 'resnet34']",['resnet101'],limpkin,0.9996776580810547,single_model,88482.81450010836,True,n02013706,3,0.9,[],2,early_exit_first_pass=resnet101,1.6,greedy,0.94,adaptive,,,,,limpkin,,-1.0,-1.0,-1.0,-1.0,0.9996776580810547,-1.0,-1.0,-1.0,1.0341533523418738,1.1359381105764705,1.7604722161673048,-1.0





REQ-00001,2000,50,10.316586017608643,0.013349771499633789,"['vit_b_16', 'resnet101', 'resnet50']",['vit_b_16'],prairie_chicken,0.8610135316848755,single_model,10237.655666889623,True,n01798484,3,0.9,[],2,deadline_stop_before_resnet101,0.2,greedy,1,adaptive,,,,,,prairie_chicken,-1.0,-1.0,-1.0,-1.0,-1.0,0.8610135316848755,-1.0,-1.0,-1.0,0.1635368975323251,0.36263628491331956,0.2515900422126128
REQ-00000,2000,50,27.355376958847046,3.814697265625e-06,"['vit_b_16', 'resnet101', 'resnet50']",['vit_b_16'],koala,0.8563920259475708,single_model,27149.162290850654,True,n01883070,3,0.9,[],2,deadline_stop_before_resnet101,0.4,greedy,1,adaptive,,,,,,koala,-1.0,-1.0,-1.0,-1.0,-1.0,0.8563920259475708,-1.0,-1.0,-1.0,0.1635368975323251,0.36263628491331956,0.2515900422126128
REQ-00007,2000,50,29.882610082626343,0.37799787521362305,['mobilenet_v3_small'],['mobilenet_v3_small'],grocery_store,0.146232008934021,single_model,29491.833416977897,True,n01985128,3,0.9,[],2,ran_all,1.6,greedy,0.94,adaptive,grocery_store,,,,,,0.146232008934021,-1.0,-1.0,-1.0,-1.0,-1.0,7.660808662519695,-1.0,-1.0,-1.0,-1.0,-1.0
REQ-00008,2000,50,30.89993190765381,0.38913488388061523,['mobilenet_v3_small'],['mobilenet_v3_small'],wombat,0.9952186942100525,single_model,30353.51054207422,True,n01883070,3,0.9,[],2,early_exit_first_pass=mobilenet_v3_small,1.8,greedy,0.92,adaptive,wombat,,,,,,0.9952186942100525,-1.0,-1.0,-1.0,-1.0,-1.0,7.660808662519695,-1.0,-1.0,-1.0,-1.0,-1.0
REQ-00011,2000,50,32.901530027389526,0.4326348304748535,['mobilenet_v3_small'],['mobilenet_v3_small'],hammerhead,0.8707370162010193,single_model,32197.292499942705,True,n01494475,3,0.9,[],2,ran_all,2.2,greedy,0.88,adaptive,hammerhead,,,,,,0.8707370162010193,-1.0,-1.0,-1.0,-1.0,-1.0,7.660808662519695,-1.0,-1.0,-1.0,-1.0,-1.0
REQ-00009,2000,50,33.83184885978699,0.40311670303344727,['mobilenet_v3_small'],['mobilenet_v3_small'],crane,0.9995501637458801,single_model,33197.14645808563,True,n02012849,3,0.9,[],2,early_exit_first_pass=mobilenet_v3_small,2.0,greedy,0.9,adaptive,crane,,,,,,0.9995501637458801,-1.0,-1.0,-1.0,-1.0,-1.0,7.660808662519695,-1.0,-1.0,-1.0,-1.0,-1.0
REQ-00015,2000,50,34.55618906021118,0.7250077724456787,['mobilenet_v3_small'],['mobilenet_v3_small'],white_stork,0.9992320537567139,single_model,33962.29216689244,True,n02002556,3,0.9,[],2,early_exit_first_pass=mobilenet_v3_small,2.6,greedy,0.84,adaptive,white_stork,,,,,,0.9992320537567139,-1.0,-1.0,-1.0,-1.0,-1.0,7.660808662519695,-1.0,-1.0,-1.0,-1.0,-1.0
REQ-00014,2000,50,36.69032621383667,0.6411867141723633,['mobilenet_v3_small'],['mobilenet_v3_small'],limpkin,0.9995953440666199,single_model,36108.48941584118,True,n02013706,3,0.9,[],2,early_exit_first_pass=mobilenet_v3_small,2.4,greedy,0.86,adaptive,limpkin,,,,,,0.9995953440666199,-1.0,-1.0,-1.0,-1.0,-1.0,7.660808662519695,-1.0,-1.0,-1.0,-1.0,-1.0
REQ-00003,2000,50,38.81451725959778,0.14951586723327637,"['resnet101', 'resnet50', 'resnet34']",['resnet101'],oystercatcher,0.998465895652771,single_model,38534.102875040844,True,n02037110,3,0.9,[],2,early_exit_first_pass=resnet101,0.8,greedy,1,adaptive,,,,,oystercatcher,,-1.0,-1.0,-1.0,-1.0,0.998465895652771,-1.0,-1.0,-1.0,0.13187234543013304,0.1635368975323251,0.36263628491331956,-1.0
REQ-00012,2000,50,43.848206758499146,0.45300984382629395,"['resnet50', 'resnet34', 'resnet18']",['resnet50'],sea_slug,0.6270452737808228,single_model,42627.267375122756,True,n01950731,3,0.9,[],2,deadline_stop_before_resnet34,3.0,greedy,0.8,adaptive,,,,sea_slug,,,-1.0,-1.0,-1.0,0.6270452737808228,-1.0,-1.0,-1.0,1.2124481863700314,1.274071034768574,1.3083742995459486,-1.0,-1.0
REQ-00004,2000,50,46.35418224334717,0.19013476371765137,"['resnet101', 'resnet50', 'resnet34']",['resnet101'],jellyfish,0.9849587678909302,single_model,46022.401415975764,True,n01910747,3,0.9,[],2,early_exit_first_pass=resnet101,1.0,greedy,1,adaptive,,,,,jellyfish,,-1.0,-1.0,-1.0,-1.0,0.9849587678909302,-1.0,-1.0,-1.0,0.13187234543013304,0.1635368975323251,0.36263628491331956,-1.0
REQ-00006,2000,50,51.177286863327026,0.2734086513519287,"['resnet101', 'resnet50', 'resnet34']",['resnet101'],green_lizard,0.7185931205749512,single_model,50761.09658298083,True,n01693334,3,0.9,[],2,deadline_stop_before_resnet50,1.4,greedy,0.96,adaptive,,,,,green_lizard,,-1.0,-1.0,-1.0,-1.0,0.7185931205749512,-1.0,-1.0,-1.0,0.13187234543013304,0.1635368975323251,0.36263628491331956,-1.0
REQ-00002,2000,50,51.568889141082764,0.09116601943969727,"['resnet101', 'resnet50', 'resnet34']",['resnet101'],leatherback_turtle,0.9989849925041199,single_model,51364.5187090151,True,n01665541,3,0.9,[],2,early_exit_first_pass=resnet101,0.6,greedy,1,adaptive,,,,,leatherback_turtle,,-1.0,-1.0,-1.0,-1.0,0.9989849925041199,-1.0,-1.0,-1.0,0.13187234543013304,0.1635368975323251,0.36263628491331956,-1.0
REQ-00005,2000,50,54.62091612815857,0.21886968612670898,"['resnet101', 'resnet50', 'resnet34']",['resnet101'],sea_anemone,0.8732357025146484,single_model,54232.9475840088,True,n01914609,3,0.9,[],2,deadline_stop_before_resnet50,1.2,greedy,0.98,adaptive,,,,,sea_anemone,,-1.0,-1.0,-1.0,-1.0,0.8732357025146484,-1.0,-1.0,-1.0,0.13187234543013304,0.1635368975323251,0.36263628491331956,-1.0
REQ-00013,2000,50,63.928711891174316,0.5646097660064697,"['resnet50', 'resnet34', 'resnet18']",['resnet50'],vulture,0.8022755980491638,single_model,62720.73395899497,True,n01614925,3,0.9,[],2,deadline_stop_before_resnet34,3.2,greedy,0.78,adaptive,,,,vulture,,,-1.0,-1.0,-1.0,0.8022755980491638,-1.0,-1.0,-1.0,1.2124481863700314,1.274071034768574,1.3083742995459486,-1.0,-1.0
REQ-00010,2000,50,67.22521090507507,0.419339656829834,"['resnet50', 'resnet34', 'resnet18']",['resnet50'],diamondback,0.9929109215736389,single_model,66225.69025005214,True,n01755581,3,0.9,[],2,early_exit_first_pass=resnet50,2.8,greedy,0.8200000000000001,adaptive,,,,diamondback,,,-1.0,-1.0,-1.0,0.9929109215736389,-1.0,-1.0,-1.0,1.2124481863700314,1.274071034768574,1.3083742995459486,-1.0,-1.0
REQ-00018,2000,50,73.63315892219543,0.9706997871398926,"['resnet50', 'resnet34', 'resnet18']",['resnet50'],whiptail,0.4394173324108124,single_model,72472.89704182185,True,n01685808,3,0.9,[],2,deadline_stop_before_resnet34,3.8,greedy,0.72,adaptive,,,,whiptail,,,-1.0,-1.0,-1.0,0.4394173324108124,-1.0,-1.0,-1.0,0.9262348799022584,0.9878577283008009,1.0221609930781757,-1.0,-1.0
REQ-00016,2000,50,75.7895679473877,0.7640788555145264,"['resnet50', 'resnet34', 'resnet18']",['resnet50'],nematode,0.9857136011123657,single_model,74690.96654187888,True,n01930112,3,0.9,[],2,early_exit_first_pass=resnet50,3.4,greedy,0.76,adaptive,,,,nematode,,,-1.0,-1.0,-1.0,0.9857136011123657,-1.0,-1.0,-1.0,1.2124481863700314,1.274071034768574,1.3083742995459486,-1.0,-1.0
REQ-00017,2000,50,78.64670181274414,0.8417878150939941,"['resnet50', 'resnet34', 'resnet18']",['resnet50'],tiger_shark,0.9935693740844727,single_model,77499.87183394842,True,n01491361,3,0.9,[],2,early_exit_first_pass=resnet50,3.6,greedy,0.74,adaptive,,,,tiger_shark,,,-1.0,-1.0,-1.0,0.9935693740844727,-1.0,-1.0,-1.0,0.9262348799022584,0.9878577283008009,1.0221609930781757,-1.0,-1.0
REQ-00021,2000,50,78.76225876808167,1.1185119152069092,"['resnet50', 'resnet34', 'resnet18']",['resnet50'],flatworm,0.9900553226470947,single_model,77399.45020806044,True,n01924916,3,0.9,[],2,early_exit_first_pass=resnet50,4.4,greedy,0.6599999999999999,adaptive,,,,flatworm,,,-1.0,-1.0,-1.0,0.9900553226470947,-1.0,-1.0,-1.0,0.9262348799022584,0.9878577283008009,1.0221609930781757,-1.0,-1.0
REQ-00025,2000,50,81.65402579307556,1.3449928760528564,"['resnet50', 'resnet34', 'resnet18']",['resnet50'],water_ouzel,0.9995449185371399,single_model,80066.01649988443,True,n01601694,3,0.9,[],2,early_exit_first_pass=resnet50,5.0,greedy,0.6000000000000001,adaptive,,,,water_ouzel,,,-1.0,-1.0,-1.0,0.9995449185371399,-1.0,-1.0,-1.0,0.9262348799022584,0.9878577283008009,1.0221609930781757,-1.0,-1.0
REQ-00020,2000,50,84.92666816711426,1.0415890216827393,"['resnet50', 'resnet34', 'resnet18']",['resnet50'],thunder_snake,0.6152061223983765,single_model,83648.00412510522,True,n01729322,3,0.9,[],2,deadline_stop_before_resnet34,4.2,greedy,0.6799999999999999,adaptive,,,,thunder_snake,,,-1.0,-1.0,-1.0,0.6152061223983765,-1.0,-1.0,-1.0,0.9262348799022584,0.9878577283008009,1.0221609930781757,-1.0,-1.0
REQ-00026,2000,50,88.97767400741577,1.43300199508667,"['resnet50', 'resnet34', 'resnet18']",['resnet50'],flatworm,0.9931244254112244,single_model,87386.6217918694,True,n01924916,3,0.9,[],2,early_exit_first_pass=resnet50,5.2,greedy,0.58,adaptive,,,,flatworm,,,-1.0,-1.0,-1.0,0.9931244254112244,-1.0,-1.0,-1.0,0.888748443634243,0.9503712920327855,0.9846745568101603,-1.0,-1.0
REQ-00019,2000,50,89.49725604057312,1.0064799785614014,"['resnet50', 'resnet34', 'resnet18']",['resnet50'],goose,0.9982045888900757,single_model,88280.35745886154,True,n01855672,3,0.9,[],2,early_exit_first_pass=resnet50,4.0,greedy,0.7,adaptive,,,,goose,,,-1.0,-1.0,-1.0,0.9982045888900757,-1.0,-1.0,-1.0,0.9262348799022584,0.9878577283008009,1.0221609930781757,-1.0,-1.0
REQ-00024,2000,50,91.57969999313354,1.3297059535980225,"['resnet50', 'resnet34', 'resnet18']",['resnet50'],macaw,0.9998629093170166,single_model,90096.2927909568,True,n01818515,3,0.9,[],2,early_exit_first_pass=resnet50,4.8,greedy,0.62,adaptive,,,,macaw,,,-1.0,-1.0,-1.0,0.9998629093170166,-1.0,-1.0,-1.0,0.9262348799022584,0.9878577283008009,1.0221609930781757,-1.0,-1.0
REQ-00023,2000,50,96.66516900062561,1.2297778129577637,"['resnet50', 'resnet34', 'resnet18']",['resnet50'],sea_lion,0.6959769129753113,single_model,95226.16433398798,True,n02077923,3,0.9,[],2,deadline_stop_before_resnet34,4.6,greedy,0.64,adaptive,,,,sea_lion,,,-1.0,-1.0,-1.0,0.6959769129753113,-1.0,-1.0,-1.0,0.9262348799022584,0.9878577283008009,1.0221609930781757,-1.0,-1.0
REQ-00028,2000,50,97.3965220451355,1.4670007228851318,"['resnet50', 'resnet34', 'resnet18']",['resnet50'],garter_snake,0.9680575728416443,single_model,95447.38666713238,True,n01735189,3,0.9,[],2,early_exit_first_pass=resnet50,5.6,greedy,0.54,adaptive,,,,garter_snake,,,-1.0,-1.0,-1.0,0.9680575728416443,-1.0,-1.0,-1.0,0.888748443634243,0.9503712920327855,0.9846745568101603,-1.0,-1.0
REQ-00031,2000,50,101.19955611228943,1.6193690299987793,"['resnet50', 'resnet34', 'resnet18']",['resnet50'],pelican,0.9999730587005615,single_model,99087.93645794503,True,n02051845,3,0.9,[],2,early_exit_first_pass=resnet50,6.2,greedy,0.48,adaptive,,,,pelican,,,-1.0,-1.0,-1.0,0.9999730587005615,-1.0,-1.0,-1.0,0.9182759390220238,0.9798987874205662,1.0142020521979411,-1.0,-1.0
REQ-00027,2000,50,103.47227597236633,1.443392038345337,"['resnet50', 'resnet34', 'resnet18']",['resnet50'],mud_turtle,0.46664488315582275,single_model,101581.19320892729,True,n01630670,3,0.9,[],2,deadline_stop_before_resnet34,5.4,greedy,0.5599999999999999,adaptive,,,,mud_turtle,,,-1.0,-1.0,-1.0,0.46664488315582275,-1.0,-1.0,-1.0,0.888748443634243,0.9503712920327855,0.9846745568101603,-1.0,-1.0
REQ-00030,2000,50,104.19872999191284,1.5652198791503906,"['resnet50', 'resnet34', 'resnet18']",['resnet50'],great_white_shark,0.8903995156288147,single_model,102128.01420805044,True,n01484850,3,0.9,[],2,deadline_stop_before_resnet34,6.0,greedy,0.5,adaptive,,,,great_white_shark,,,-1.0,-1.0,-1.0,0.8903995156288147,-1.0,-1.0,-1.0,0.9182759390220238,0.9798987874205662,1.0142020521979411,-1.0,-1.0
REQ-00029,2000,50,106.94734287261963,1.479369878768921,"['resnet50', 'resnet34', 'resnet18']",['resnet50'],bustard,0.996973991394043,single_model,104884.69199999236,True,n02018795,3,0.9,[],2,early_exit_first_pass=resnet50,5.8,greedy,0.52,adaptive,,,,bustard,,,-1.0,-1.0,-1.0,0.996973991394043,-1.0,-1.0,-1.0,0.9182759390220238,0.9798987874205662,1.0142020521979411,-1.0,-1.0
REQ-00022,2000,50,110.25272917747498,1.163017988204956,"['resnet50', 'resnet34', 'resnet18']",['resnet50'],common_newt,0.48686087131500244,single_model,107316.94008293562,True,n01630670,3,0.9,[],2,deadline_stop_before_resnet34,7.0,greedy,0.4,adaptive,,,,common_newt,,,-1.0,-1.0,-1.0,0.48686087131500244,-1.0,-1.0,-1.0,0.9182759390220238,0.9798987874205662,1.0142020521979411,-1.0,-1.0
REQ-00033,2000,50,110.03361678123474,1.7430758476257324,"['resnet50', 'resnet34', 'resnet18']",['resnet50'],nematode,0.8873080611228943,single_model,107875.26033306494,True,n01930112,3,0.9,[],2,deadline_stop_before_resnet34,6.6,greedy,0.43999999999999995,adaptive,,,,nematode,,,-1.0,-1.0,-1.0,0.8873080611228943,-1.0,-1.0,-1.0,0.9182759390220238,0.9798987874205662,1.0142020521979411,-1.0,-1.0
REQ-00038,2000,50,112.27383685112,2.059584856033325,"['resnet50', 'resnet34', 'resnet18']",['resnet50'],garter_snake,0.9782520532608032,single_model,109716.44216682762,True,n01735189,3,0.9,[],2,early_exit_first_pass=resnet50,7.8,greedy,0.31999999999999995,adaptive,,,,garter_snake,,,-1.0,-1.0,-1.0,0.9782520532608032,-1.0,-1.0,-1.0,1.0216221728792567,1.11277251666558,1.1470757814429549,-1.0,-1.0
REQ-00034,2000,50,114.21078395843506,1.7622718811035156,"['resnet50', 'resnet34', 'resnet18']",['resnet50'],banded_gecko,0.9915528893470764,single_model,111973.92470901832,True,n01675722,3,0.9,[],2,early_exit_first_pass=resnet50,6.8,greedy,0.42000000000000004,adaptive,,,,banded_gecko,,,-1.0,-1.0,-1.0,0.9915528893470764,-1.0,-1.0,-1.0,0.9182759390220238,0.9798987874205662,1.0142020521979411,-1.0,-1.0
REQ-00032,2000,50,114.60690093040466,1.6680529117584229,"['resnet50', 'resnet34', 'resnet18']",['resnet50'],leatherback_turtle,0.9819318056106567,single_model,112461.18199988268,True,n01665541,3,0.9,[],2,early_exit_first_pass=resnet50,6.4,greedy,0.45999999999999985,adaptive,,,,leatherback_turtle,,,-1.0,-1.0,-1.0,0.9819318056106567,-1.0,-1.0,-1.0,0.9182759390220238,0.9798987874205662,1.0142020521979411,-1.0,-1.0
REQ-00052,2000,50,113.55954098701477,2.7241017818450928,"['resnet50', 'resnet34', 'resnet18']",['resnet50'],hammerhead,0.9800528883934021,single_model,110521.4089169167,True,n01494475,3,0.9,[],2,early_exit_first_pass=resnet50,8.8,greedy,0.21999999999999997,adaptive,,,,hammerhead,,,-1.0,-1.0,-1.0,0.9800528883934021,-1.0,-1.0,-1.0,1.065913415960928,1.1275362643594704,1.1618395291368453,-1.0,-1.0
REQ-00056,2000,50,123.68356895446777,2.9740638732910156,"['resnet50', 'resnet34', 'resnet18']",['resnet50'],crayfish,0.3234429955482483,single_model,120605.46004213393,True,n01985128,3,0.9,[],2,deadline_stop_before_resnet34,8.8,greedy,0.21999999999999997,adaptive,,,,crayfish,,,-1.0,-1.0,-1.0,0.3234429955482483,-1.0,-1.0,-1.0,1.065913415960928,1.1275362643594704,1.1618395291368453,-1.0,-1.0
REQ-00053,2000,50,125.81358003616333,2.7588999271392822,"['resnet50', 'resnet34', 'resnet18']",['resnet50'],tarantula,0.9999082088470459,single_model,122710.80695907585,True,n01774750,3,0.9,[],2,early_exit_first_pass=resnet50,8.8,greedy,0.21999999999999997,adaptive,,,,tarantula,,,-1.0,-1.0,-1.0,0.9999082088470459,-1.0,-1.0,-1.0,1.065913415960928,1.1275362643594704,1.1618395291368453,-1.0,-1.0
REQ-00046,2000,50,126.9814600944519,2.411113977432251,"['resnet50', 'resnet34', 'resnet18']",['resnet50'],ptarmigan,0.9993343949317932,single_model,124098.89812488109,True,n01796340,3,0.9,[],2,early_exit_first_pass=resnet50,8.8,greedy,0.21999999999999997,adaptive,,,,ptarmigan,,,-1.0,-1.0,-1.0,0.9993343949317932,-1.0,-1.0,-1.0,1.065913415960928,1.1275362643594704,1.1618395291368453,-1.0,-1.0
REQ-00054,2000,50,127.09724593162537,2.805147886276245,"['resnet50', 'resnet34', 'resnet18']",['resnet50'],spotted_salamander,0.6214053630828857,single_model,123946.8699588906,True,n01632458,3,0.9,[],2,deadline_stop_before_resnet34,8.8,greedy,0.21999999999999997,adaptive,,,,spotted_salamander,,,-1.0,-1.0,-1.0,0.6214053630828857,-1.0,-1.0,-1.0,1.065913415960928,1.1275362643594704,1.1618395291368453,-1.0,-1.0
REQ-00047,2000,50,131.91078281402588,2.4924259185791016,"['resnet50', 'resnet34', 'resnet18']",['resnet50'],macaw,0.9960033297538757,single_model,129028.96454185247,True,n01818515,3,0.9,[],2,early_exit_first_pass=resnet50,8.8,greedy,0.21999999999999997,adaptive,,,,macaw,,,-1.0,-1.0,-1.0,0.9960033297538757,-1.0,-1.0,-1.0,1.065913415960928,1.1275362643594704,1.1618395291368453,-1.0,-1.0
REQ-00048,2000,50,131.8405680656433,2.5858559608459473,"['resnet50', 'resnet34', 'resnet18']",['resnet50'],banded_gecko,0.9983041286468506,single_model,128963.66566605866,True,n01675722,3,0.9,[],2,early_exit_first_pass=resnet50,8.8,greedy,0.21999999999999997,adaptive,,,,banded_gecko,,,-1.0,-1.0,-1.0,0.9983041286468506,-1.0,-1.0,-1.0,1.065913415960928,1.1275362643594704,1.1618395291368453,-1.0,-1.0
REQ-00042,2000,50,141.28857493400574,2.2228097915649414,"['resnet50', 'resnet34', 'resnet18']",['resnet50'],diamondback,0.7484856247901917,single_model,138584.043874871,True,n01755581,3,0.9,[],2,deadline_stop_before_resnet34,8.4,greedy,0.2599999999999999,adaptive,,,,diamondback,,,-1.0,-1.0,-1.0,0.7484856247901917,-1.0,-1.0,-1.0,1.065913415960928,1.1275362643594704,1.1618395291368453,-1.0,-1.0
REQ-00045,2000,50,143.18305373191833,2.3832428455352783,"['resnet50', 'resnet34', 'resnet18']",['resnet50'],magpie,0.5659536123275757,single_model,140357.13525000028,True,n01582220,3,0.9,[],2,deadline_stop_before_resnet34,8.6,greedy,0.24,adaptive,,,,magpie,,,-1.0,-1.0,-1.0,0.5659536123275757,-1.0,-1.0,-1.0,1.065913415960928,1.1275362643594704,1.1618395291368453,-1.0,-1.0
REQ-00043,2000,50,145.18104887008667,2.248041868209839,"['resnet50', 'resnet34', 'resnet18']",['resnet50'],kite,0.989871084690094,single_model,142412.24404098466,True,n01608432,3,0.9,[],2,early_exit_first_pass=resnet50,8.6,greedy,0.24,adaptive,,,,kite,,,-1.0,-1.0,-1.0,0.989871084690094,-1.0,-1.0,-1.0,1.065913415960928,1.1275362643594704,1.1618395291368453,-1.0,-1.0
REQ-00040,2000,50,146.87532114982605,2.1693520545959473,"['resnet50', 'resnet34', 'resnet18']",['resnet50'],black_widow,0.7273003458976746,single_model,144215.56962514296,True,n01774384,3,0.9,[],2,deadline_stop_before_resnet34,8.2,greedy,0.28,adaptive,,,,black_widow,,,-1.0,-1.0,-1.0,0.7273003458976746,-1.0,-1.0,-1.0,1.065913415960928,1.1275362643594704,1.1618395291368453,-1.0,-1.0
REQ-00050,2000,50,150.79509902000427,2.649822950363159,"['resnet50', 'resnet34', 'resnet18']",['resnet50'],chiton,0.9999940395355225,single_model,147778.24816689827,True,n01955084,3,0.9,[],2,early_exit_first_pass=resnet50,8.8,greedy,0.21999999999999997,adaptive,,,,chiton,,,-1.0,-1.0,-1.0,0.9999940395355225,-1.0,-1.0,-1.0,1.065913415960928,1.1275362643594704,1.1618395291368453,-1.0,-1.0
REQ-00039,2000,50,151.41652822494507,2.125969886779785,"['resnet50', 'resnet34', 'resnet18']",['resnet50'],diamondback,0.9988307356834412,single_model,148807.03395814635,True,n01755581,3,0.9,[],2,early_exit_first_pass=resnet50,8.0,greedy,0.29999999999999993,adaptive,,,,diamondback,,,-1.0,-1.0,-1.0,0.9988307356834412,-1.0,-1.0,-1.0,1.065913415960928,1.1275362643594704,1.1618395291368453,-1.0,-1.0
REQ-00036,2000,50,156.4165027141571,1.951481819152832,"['resnet50', 'resnet34', 'resnet18']",['resnet50'],bulbul,0.9976779818534851,single_model,154034.52374995686,True,n01560419,3,0.9,[],2,early_exit_first_pass=resnet50,7.4,greedy,0.36,adaptive,,,,bulbul,,,-1.0,-1.0,-1.0,0.9976779818534851,-1.0,-1.0,-1.0,0.9330396867159142,0.9946625351144568,1.0289657998918316,-1.0,-1.0
REQ-00049,2000,50,161.1079978942871,2.6066389083862305,"['resnet50', 'resnet34', 'resnet18']",['resnet50'],vine_snake,0.9316664338111877,single_model,158163.5612079408,True,n01729977,3,0.9,[],2,early_exit_first_pass=resnet50,8.8,greedy,0.21999999999999997,adaptive,,,,vine_snake,,,-1.0,-1.0,-1.0,0.9316664338111877,-1.0,-1.0,-1.0,1.065913415960928,1.1275362643594704,1.1618395291368453,-1.0,-1.0
REQ-00035,2000,50,161.99277472496033,1.93595290184021,"['resnet50', 'resnet34', 'resnet18']",['resnet50'],spoonbill,0.9999368190765381,single_model,159693.874708144,True,n02006656,3,0.9,[],2,early_exit_first_pass=resnet50,7.2,greedy,0.38,adaptive,,,,spoonbill,,,-1.0,-1.0,-1.0,0.9999368190765381,-1.0,-1.0,-1.0,0.9182759390220238,0.9798987874205662,1.0142020521979411,-1.0,-1.0
REQ-00062,2000,50,163.45827984809875,3.2047948837280273,"['vit_b_16', 'resnet50', 'resnet34']",['vit_b_16'],tarantula,0.9023523926734924,single_model,159980.67729081959,True,n01774750,3,0.9,[],2,early_exit_first_pass=vit_b_16,8.6,greedy,0.24,adaptive,,,,,,tarantula,-1.0,-1.0,-1.0,-1.0,-1.0,0.9023523926734924,-1.0,-1.0,0.7444135304125531,0.8082442905777087,-1.0,1.5212173094083208
REQ-00044,2000,50,165.28039121627808,2.30256986618042,"['resnet50', 'resnet34', 'resnet18']",['resnet50'],night_snake,0.7286334037780762,single_model,162464.07033293508,True,n01740131,3,0.9,[],2,deadline_stop_before_resnet34,8.6,greedy,0.24,adaptive,,,,night_snake,,,-1.0,-1.0,-1.0,0.7286334037780762,-1.0,-1.0,-1.0,1.065913415960928,1.1275362643594704,1.1618395291368453,-1.0,-1.0
REQ-00070,2000,50,165.63393092155457,3.778895854949951,"['vit_b_16', 'resnet50', 'resnet34']",['vit_b_16'],flamingo,0.8583480715751648,single_model,161494.11724996753,True,n02007558,3,0.9,[],2,deadline_stop_before_resnet50,8.4,greedy,0.2599999999999999,adaptive,,,,,,flamingo,-1.0,-1.0,-1.0,-1.0,-1.0,0.8583480715751648,-1.0,-1.0,0.7739410258003341,0.8082442905777087,-1.0,1.5212173094083208
REQ-00037,2000,50,170.50090622901917,1.9613258838653564,"['resnet50', 'resnet34', 'resnet18']",['resnet50'],hen,0.9774352312088013,single_model,168034.1477917973,True,n01514859,3,0.9,[],2,early_exit_first_pass=resnet50,7.6,greedy,0.3400000000000001,adaptive,,,,hen,,,-1.0,-1.0,-1.0,0.9774352312088013,-1.0,-1.0,-1.0,0.962567182103695,1.038953778196128,1.0732570429735029,-1.0,-1.0
REQ-00079,2000,50,177.34024906158447,4.073309898376465,"['vit_b_16', 'resnet50', 'resnet34']",['vit_b_16'],whiptail,0.8996627926826477,single_model,172388.20791710168,True,n01685808,3,0.9,[],2,deadline_stop_before_resnet50,8.0,greedy,0.29999999999999993,adaptive,,,,,,whiptail,-1.0,-1.0,-1.0,-1.0,-1.0,0.8996627926826477,-1.0,-1.0,0.7739410258003341,0.8082442905777087,-1.0,1.5212173094083208
REQ-00076,2000,50,179.97650408744812,3.987320899963379,"['vit_b_16', 'resnet50', 'resnet34']",['vit_b_16'],albatross,0.8898231983184814,single_model,175336.81620797142,True,n02058221,3,0.9,[],2,deadline_stop_before_resnet50,8.4,greedy,0.2599999999999999,adaptive,,,,,,albatross,-1.0,-1.0,-1.0,-1.0,-1.0,0.8898231983184814,-1.0,-1.0,0.7739410258003341,0.8082442905777087,-1.0,1.5212173094083208
REQ-00081,2000,50,186.3850178718567,4.175236940383911,"['vit_b_16', 'resnet50', 'resnet34']",['vit_b_16'],goose,0.9063310027122498,single_model,181304.08854200505,True,n01855672,3,0.9,[],2,early_exit_first_pass=vit_b_16,8.0,greedy,0.29999999999999993,adaptive,,,,,,goose,-1.0,-1.0,-1.0,-1.0,-1.0,0.9063310027122498,-1.0,-1.0,0.7739410258003341,0.8082442905777087,-1.0,1.5212173094083208
REQ-00080,2000,50,186.54013919830322,4.119821786880493,"['vit_b_16', 'resnet50', 'resnet34']",['vit_b_16'],green_lizard,0.7781214714050293,single_model,181509.6650829073,True,n01693334,3,0.9,[],2,deadline_stop_before_resnet50,8.0,greedy,0.29999999999999993,adaptive,,,,,,green_lizard,-1.0,-1.0,-1.0,-1.0,-1.0,0.7781214714050293,-1.0,-1.0,0.7739410258003341,0.8082442905777087,-1.0,1.5212173094083208
REQ-00078,2000,50,189.45870900154114,4.034405946731567,"['vit_b_16', 'resnet50', 'resnet34']",['vit_b_16'],redshank,0.8737025856971741,single_model,184609.98483304866,True,n02028035,3,0.9,[],2,deadline_stop_before_resnet50,8.2,greedy,0.28,adaptive,,,,,,redshank,-1.0,-1.0,-1.0,-1.0,-1.0,0.8737025856971741,-1.0,-1.0,0.7739410258003341,0.8082442905777087,-1.0,1.5212173094083208
REQ-00074,2000,50,190.60447311401367,3.908036947250366,"['vit_b_16', 'resnet50', 'resnet34']",['vit_b_16'],spiny_lobster,0.8695240616798401,single_model,186148.88791600242,True,n01984695,3,0.9,[],2,deadline_stop_before_resnet50,8.4,greedy,0.2599999999999999,adaptive,,,,,,spiny_lobster,-1.0,-1.0,-1.0,-1.0,-1.0,0.8695240616798401,-1.0,-1.0,0.7739410258003341,0.8082442905777087,-1.0,1.5212173094083208
REQ-00071,2000,50,191.09715914726257,3.826101064682007,"['vit_b_16', 'resnet50', 'resnet34']",['vit_b_16'],tarantula,0.8185757398605347,single_model,186862.28637513705,True,n01774750,3,0.9,[],2,deadline_stop_before_resnet50,8.2,greedy,0.28,adaptive,,,,,,tarantula,-1.0,-1.0,-1.0,-1.0,-1.0,0.8185757398605347,-1.0,-1.0,0.7739410258003341,0.8082442905777087,-1.0,1.5212173094083208
REQ-00072,2000,50,193.62932586669922,3.8631157875061035,"['vit_b_16', 'resnet50', 'resnet34']",['vit_b_16'],green_mamba,0.81610506772995,single_model,189272.2166669555,True,n01749939,3,0.9,[],2,deadline_stop_before_resnet50,8.4,greedy,0.2599999999999999,adaptive,,,,,,green_mamba,-1.0,-1.0,-1.0,-1.0,-1.0,0.81610506772995,-1.0,-1.0,0.7739410258003341,0.8082442905777087,-1.0,1.5212173094083208
REQ-00067,2000,50,200.10576057434082,3.6679718494415283,"['vit_b_16', 'resnet50', 'resnet34']",['vit_b_16'],rock_crab,0.7635157108306885,single_model,196486.0323749017,True,n01978455,3,0.9,[],2,deadline_stop_before_resnet50,8.6,greedy,0.24,adaptive,,,,,,rock_crab,-1.0,-1.0,-1.0,-1.0,-1.0,0.7635157108306885,-1.0,-1.0,0.7739410258003341,0.8082442905777087,-1.0,1.5212173094083208
REQ-00068,2000,50,200.12235808372498,3.6810660362243652,"['vit_b_16', 'resnet50', 'resnet34']",['vit_b_16'],bustard,0.8786501288414001,single_model,196356.92979185842,True,n02018795,3,0.9,[],2,deadline_stop_before_resnet50,8.6,greedy,0.24,adaptive,,,,,,bustard,-1.0,-1.0,-1.0,-1.0,-1.0,0.8786501288414001,-1.0,-1.0,0.7739410258003341,0.8082442905777087,-1.0,1.5212173094083208
REQ-00077,2000,50,202.92312288284302,4.025242805480957,"['vit_b_16', 'resnet50', 'resnet34']",['vit_b_16'],spotted_salamander,0.8720178008079529,single_model,198185.5930001475,True,n01632458,3,0.9,[],2,deadline_stop_before_resnet50,8.2,greedy,0.28,adaptive,,,,,,spotted_salamander,-1.0,-1.0,-1.0,-1.0,-1.0,0.8720178008079529,-1.0,-1.0,0.7739410258003341,0.8082442905777087,-1.0,1.5212173094083208
REQ-00057,2000,50,204.43586897850037,3.018420934677124,"['vit_b_16', 'resnet50', 'resnet34']",['vit_b_16'],hermit_crab,0.9224717020988464,single_model,201283.30279211514,True,n01986214,3,0.9,[],2,early_exit_first_pass=vit_b_16,8.8,greedy,0.21999999999999997,adaptive,,,,,,hermit_crab,-1.0,-1.0,-1.0,-1.0,-1.0,0.9224717020988464,-1.0,-1.0,1.1570637597472513,1.2061307722185166,-1.0,1.2997610939999633
REQ-00061,2000,50,204.7895429134369,3.1346638202667236,"['vit_b_16', 'resnet50', 'resnet34']",['vit_b_16'],chickadee,0.8805034160614014,single_model,201400.68500000052,True,n01592084,3,0.9,[],2,deadline_stop_before_resnet50,8.6,greedy,0.24,adaptive,,,,,,chickadee,-1.0,-1.0,-1.0,-1.0,-1.0,0.8805034160614014,-1.0,-1.0,0.6705947919431006,0.7048980567204752,-1.0,1.4326348232449777
REQ-00063,2000,50,207.1643888950348,3.23600172996521,"['vit_b_16', 'resnet50', 'resnet34']",['vit_b_16'],wolf_spider,0.9084296226501465,single_model,203521.13500004634,True,n01775062,3,0.9,[],2,early_exit_first_pass=vit_b_16,8.4,greedy,0.2599999999999999,adaptive,,,,,,wolf_spider,-1.0,-1.0,-1.0,-1.0,-1.0,0.9084296226501465,-1.0,-1.0,0.7739410258003341,0.8082442905777087,-1.0,1.5212173094083208
REQ-00064,2000,50,214.367742061615,3.298759937286377,"['vit_b_16', 'resnet50', 'resnet34']",['vit_b_16'],scorpion,0.9236942529678345,single_model,210695.6305829808,True,n01770393,3,0.9,[],2,early_exit_first_pass=vit_b_16,8.6,greedy,0.24,adaptive,,,,,,scorpion,-1.0,-1.0,-1.0,-1.0,-1.0,0.9236942529678345,-1.0,-1.0,0.7739410258003341,0.8082442905777087,-1.0,1.5212173094083208
REQ-00055,2000,50,214.87412881851196,2.8173558712005615,"['vit_b_16', 'resnet50', 'resnet34']",['vit_b_16'],red-backed_sandpiper,0.8423027992248535,single_model,208117.99150006846,True,n02027492,3,0.9,[],2,deadline_stop_before_resnet50,8.2,greedy,0.28,adaptive,,,,,,red-backed_sandpiper,-1.0,-1.0,-1.0,-1.0,-1.0,0.8423027992248535,-1.0,-1.0,0.7739410258003341,0.8082442905777087,-1.0,1.5212173094083208
REQ-00075,2000,50,214.54419088363647,3.928001880645752,"['vit_b_16', 'resnet50', 'resnet34']",['vit_b_16'],redshank,0.8864564299583435,single_model,209977.754709078,True,n02028035,3,0.9,[],2,deadline_stop_before_resnet50,8.4,greedy,0.2599999999999999,adaptive,,,,,,redshank,-1.0,-1.0,-1.0,-1.0,-1.0,0.8864564299583435,-1.0,-1.0,0.7739410258003341,0.8082442905777087,-1.0,1.5212173094083208
REQ-00058,2000,50,217.7685239315033,3.0428030490875244,"['vit_b_16', 'resnet50', 'resnet34']",['vit_b_16'],black_swan,0.877232551574707,single_model,214460.0900830701,True,n01860187,3,0.9,[],2,deadline_stop_before_resnet50,8.6,greedy,0.24,adaptive,,,,,,black_swan,-1.0,-1.0,-1.0,-1.0,-1.0,0.877232551574707,-1.0,-1.0,0.5820123057797576,0.6310793182510228,-1.0,1.3588160847755253
REQ-00051,2000,50,218.8746497631073,2.6928319931030273,"['vit_b_16', 'resnet50', 'resnet34']",['vit_b_16'],wallaby,0.8860507011413574,single_model,212089.32291599922,True,n01877812,3,0.9,[],2,deadline_stop_before_resnet50,8.0,greedy,0.29999999999999993,adaptive,,,,,,wallaby,-1.0,-1.0,-1.0,-1.0,-1.0,0.8860507011413574,-1.0,-1.0,0.7739410258003341,0.8082442905777087,-1.0,1.5212173094083208
REQ-00066,2000,50,220.03321290016174,3.63655686378479,"['vit_b_16', 'resnet50', 'resnet34']",['vit_b_16'],bulbul,0.8962981104850769,single_model,216514.85341601074,True,n01560419,3,0.9,[],2,deadline_stop_before_resnet50,8.6,greedy,0.24,adaptive,,,,,,bulbul,-1.0,-1.0,-1.0,-1.0,-1.0,0.8962981104850769,-1.0,-1.0,0.7739410258003341,0.8082442905777087,-1.0,1.5212173094083208
REQ-00059,2000,50,221.55960297584534,3.061947822570801,"['resnet50', 'resnet34', 'resnet18']",['resnet50'],tiger_shark,0.669133722782135,single_model,214928.46029205248,True,n01491361,3,0.9,[],2,deadline_stop_before_resnet34,8.2,greedy,0.28,adaptive,,,,tiger_shark,,,-1.0,-1.0,-1.0,0.669133722782135,-1.0,-1.0,-1.0,0.8606745092613411,0.9964755235896585,1.0307787883670332,-1.0,-1.0
REQ-00082,2000,50,220.71637082099915,4.2855329513549805,"['resnet18', 'mobilenet_v3_small']",['resnet18'],flamingo,0.9998784065246582,single_model,214670.18387489952,True,n02007558,3,0.9,[],2,early_exit_first_pass=resnet18,7.4,greedy,0.36,adaptive,,flamingo,,,,,-1.0,0.9998784065246582,-1.0,-1.0,-1.0,-1.0,1.8694612987304497,1.9733469982079626,-1.0,-1.0,-1.0,-1.0
REQ-00092,2000,50,224.67390203475952,4.562831878662109,['mobilenet_v3_small'],['mobilenet_v3_small'],hognose_snake,0.8599469661712646,single_model,217365.37170782685,True,n01729322,3,0.9,[],2,ran_all,6.8,greedy,0.42000000000000004,adaptive,hognose_snake,,,,,,0.8599469661712646,-1.0,-1.0,-1.0,-1.0,-1.0,2.581356035180093,-1.0,-1.0,-1.0,-1.0,-1.0
REQ-00065,2000,50,227.0535159111023,3.46240496635437,"['vit_b_16', 'resnet50', 'resnet34']",['vit_b_16'],rock_crab,0.9136807322502136,single_model,223456.0635839589,True,n01978455,3,0.9,[],2,early_exit_first_pass=vit_b_16,8.6,greedy,0.24,adaptive,,,,,,rock_crab,-1.0,-1.0,-1.0,-1.0,-1.0,0.9136807322502136,-1.0,-1.0,0.7739410258003341,0.8082442905777087,-1.0,1.5212173094083208
REQ-00069,2000,50,226.88348507881165,3.745182991027832,"['vit_b_16', 'resnet50', 'resnet34']",['vit_b_16'],hammerhead,0.9862041473388672,single_model,222994.02241688222,True,n01494475,3,0.9,[],2,early_exit_first_pass=vit_b_16,8.6,greedy,0.24,adaptive,,,,,,hammerhead,-1.0,-1.0,-1.0,-1.0,-1.0,0.9862041473388672,-1.0,-1.0,0.7739410258003341,0.8082442905777087,-1.0,1.5212173094083208
REQ-00041,2000,50,228.59708523750305,2.1962997913360596,"['vit_b_16', 'resnet50', 'resnet34']",['vit_b_16'],dungeness_crab,0.576328694820404,single_model,221421.99837509543,True,n01978287,3,0.9,[],2,deadline_stop_before_resnet50,8.0,greedy,0.29999999999999993,adaptive,,,,,,dungeness_crab,-1.0,-1.0,-1.0,-1.0,-1.0,0.576328694820404,-1.0,-1.0,0.7739410258003341,0.8082442905777087,-1.0,1.5212173094083208
REQ-00099,2000,50,229.72771787643433,4.949373960494995,['mobilenet_v3_small'],[],-1,0.0,FAILED,221550.62745814212,False,n01735189,3,0.9,[],2,ran_all,6.4,greedy,0.45999999999999985,adaptive,,,,,,,-1.0,-1.0,-1.0,-1.0,-1.0,-1.0,2.581356035180093,-1.0,-1.0,-1.0,-1.0,-1.0
REQ-00112,2000,50,229.00126600265503,5.719738960266113,['mobilenet_v3_small'],[],-1,0.0,FAILED,220443.58304189518,False,n01924916,3,0.9,[],2,ran_all,6.6,greedy,0.43999999999999995,adaptive,,,,,,,-1.0,-1.0,-1.0,-1.0,-1.0,-1.0,2.581356035180093,-1.0,-1.0,-1.0,-1.0,-1.0
REQ-00088,2000,50,230.49341297149658,4.373036861419678,['mobilenet_v3_small'],[],-1,0.0,FAILED,223386.635000119,False,n01496331,3,0.9,[],2,ran_all,6.6,greedy,0.43999999999999995,adaptive,,,,,,,-1.0,-1.0,-1.0,-1.0,-1.0,-1.0,2.581356035180093,-1.0,-1.0,-1.0,-1.0,-1.0
REQ-00104,2000,50,229.7311840057373,5.190594911575317,['mobilenet_v3_small'],[],-1,0.0,FAILED,221444.34354198165,False,n01776313,3,0.9,[],2,ran_all,6.6,greedy,0.43999999999999995,adaptive,,,,,,,-1.0,-1.0,-1.0,-1.0,-1.0,-1.0,2.581356035180093,-1.0,-1.0,-1.0,-1.0,-1.0
REQ-00098,2000,50,230.4064917564392,4.857335805892944,['mobilenet_v3_small'],[],-1,0.0,FAILED,222268.08662503026,False,n01910747,3,0.9,[],2,ran_all,6.4,greedy,0.45999999999999985,adaptive,,,,,,,-1.0,-1.0,-1.0,-1.0,-1.0,-1.0,2.581356035180093,-1.0,-1.0,-1.0,-1.0,-1.0
REQ-00108,2000,50,229.9860110282898,5.358820915222168,['mobilenet_v3_small'],[],-1,0.0,FAILED,221364.45525009185,False,n02006656,3,0.9,[],2,ran_all,6.6,greedy,0.43999999999999995,adaptive,,,,,,,-1.0,-1.0,-1.0,-1.0,-1.0,-1.0,2.581356035180093,-1.0,-1.0,-1.0,-1.0,-1.0
REQ-00111,2000,50,229.71526503562927,5.708984851837158,['mobilenet_v3_small'],[],-1,0.0,FAILED,221244.8013748508,False,n01614925,3,0.9,[],2,ran_all,6.6,greedy,0.43999999999999995,adaptive,,,,,,,-1.0,-1.0,-1.0,-1.0,-1.0,-1.0,2.581356035180093,-1.0,-1.0,-1.0,-1.0,-1.0
REQ-00107,2000,50,230.358314037323,5.243226766586304,['mobilenet_v3_small'],[],-1,0.0,FAILED,221732.05533414148,False,n01819313,3,0.9,[],2,ran_all,6.6,greedy,0.43999999999999995,adaptive,,,,,,,-1.0,-1.0,-1.0,-1.0,-1.0,-1.0,2.581356035180093,-1.0,-1.0,-1.0,-1.0,-1.0
REQ-00109,2000,50,230.26283502578735,5.4120049476623535,['mobilenet_v3_small'],[],-1,0.0,FAILED,221589.14175000973,False,n01728572,3,0.9,[],2,ran_all,6.6,greedy,0.43999999999999995,adaptive,,,,,,,-1.0,-1.0,-1.0,-1.0,-1.0,-1.0,2.581356035180093,-1.0,-1.0,-1.0,-1.0,-1.0
REQ-00106,2000,50,230.45054697990417,5.236064672470093,['mobilenet_v3_small'],[],-1,0.0,FAILED,221958.21191603318,False,n01818515,3,0.9,[],2,ran_all,6.6,greedy,0.43999999999999995,adaptive,,,,,,,-1.0,-1.0,-1.0,-1.0,-1.0,-1.0,2.581356035180093,-1.0,-1.0,-1.0,-1.0,-1.0
REQ-00102,2000,50,230.73270869255066,5.161550760269165,['mobilenet_v3_small'],[],-1,0.0,FAILED,222545.23025010712,False,n02002556,3,0.9,[],2,ran_all,6.6,greedy,0.43999999999999995,adaptive,,,,,,,-1.0,-1.0,-1.0,-1.0,-1.0,-1.0,2.581356035180093,-1.0,-1.0,-1.0,-1.0,-1.0
REQ-00097,2000,50,231.14272689819336,4.80036473274231,['mobilenet_v3_small'],[],-1,0.0,FAILED,223095.4962919932,False,n01943899,3,0.9,[],2,ran_all,6.4,greedy,0.45999999999999985,adaptive,,,,,,,-1.0,-1.0,-1.0,-1.0,-1.0,-1.0,2.581356035180093,-1.0,-1.0,-1.0,-1.0,-1.0
REQ-00100,2000,50,230.99615788459778,4.96475076675415,['mobilenet_v3_small'],[],-1,0.0,FAILED,222709.30012501776,False,n01601694,3,0.9,[],2,ran_all,6.4,greedy,0.45999999999999985,adaptive,,,,,,,-1.0,-1.0,-1.0,-1.0,-1.0,-1.0,2.581356035180093,-1.0,-1.0,-1.0,-1.0,-1.0
REQ-00093,2000,50,231.64434790611267,4.661278963088989,['mobilenet_v3_small'],[],-1,0.0,FAILED,224290.02108285204,False,n02013706,3,0.9,[],2,ran_all,6.6,greedy,0.43999999999999995,adaptive,,,,,,,-1.0,-1.0,-1.0,-1.0,-1.0,-1.0,2.581356035180093,-1.0,-1.0,-1.0,-1.0,-1.0
REQ-00096,2000,50,231.6400158405304,4.713016748428345,['mobilenet_v3_small'],[],-1,0.0,FAILED,223691.2174159661,False,n01729977,3,0.9,[],2,ran_all,6.2,greedy,0.48,adaptive,,,,,,,-1.0,-1.0,-1.0,-1.0,-1.0,-1.0,2.581356035180093,-1.0,-1.0,-1.0,-1.0,-1.0
REQ-00091,2000,50,232.19752192497253,4.5240678787231445,['mobilenet_v3_small'],[],-1,0.0,FAILED,225014.80366685428,False,n01828970,3,0.9,[],2,ran_all,6.6,greedy,0.43999999999999995,adaptive,,,,,,,-1.0,-1.0,-1.0,-1.0,-1.0,-1.0,2.581356035180093,-1.0,-1.0,-1.0,-1.0,-1.0
REQ-00094,2000,50,232.06426978111267,4.672502756118774,['mobilenet_v3_small'],[],-1,0.0,FAILED,224563.066707924,False,n01753488,3,0.9,[],2,ran_all,6.6,greedy,0.43999999999999995,adaptive,,,,,,,-1.0,-1.0,-1.0,-1.0,-1.0,-1.0,2.581356035180093,-1.0,-1.0,-1.0,-1.0,-1.0
REQ-00087,2000,50,232.38198614120483,4.361011981964111,['mobilenet_v3_small'],[],-1,0.0,FAILED,225327.1759999916,False,n01729977,3,0.9,[],2,ran_all,6.4,greedy,0.45999999999999985,adaptive,,,,,,,-1.0,-1.0,-1.0,-1.0,-1.0,-1.0,2.581356035180093,-1.0,-1.0,-1.0,-1.0,-1.0
REQ-00086,2000,50,232.51401805877686,4.345181941986084,['mobilenet_v3_small'],[],-1,0.0,FAILED,225574.61187499575,False,n01614925,3,0.9,[],2,ran_all,6.4,greedy,0.45999999999999985,adaptive,,,,,,,-1.0,-1.0,-1.0,-1.0,-1.0,-1.0,2.581356035180093,-1.0,-1.0,-1.0,-1.0,-1.0
REQ-00085,2000,50,232.5485770702362,4.335829019546509,['mobilenet_v3_small'],[],-1,0.0,FAILED,225733.07691700757,False,n01484850,3,0.9,[],2,ran_all,6.4,greedy,0.45999999999999985,adaptive,,,,,,,-1.0,-1.0,-1.0,-1.0,-1.0,-1.0,2.551828539792312,-1.0,-1.0,-1.0,-1.0,-1.0
REQ-00105,2000,50,231.98819780349731,5.227063894271851,['mobilenet_v3_small'],[],-1,0.0,FAILED,223598.17575011402,False,n01770081,3,0.9,[],2,ran_all,6.6,greedy,0.43999999999999995,adaptive,,,,,,,-1.0,-1.0,-1.0,-1.0,-1.0,-1.0,2.581356035180093,-1.0,-1.0,-1.0,-1.0,-1.0
REQ-00084,2000,50,232.91402292251587,4.325567007064819,['mobilenet_v3_small'],[],-1,0.0,FAILED,226477.49158297665,False,n01855672,3,0.9,[],2,ran_all,6.8,greedy,0.42000000000000004,adaptive,,,,,,,-1.0,-1.0,-1.0,-1.0,-1.0,-1.0,2.3887084602388726,-1.0,-1.0,-1.0,-1.0,-1.0
REQ-00113,2000,50,231.73059606552124,5.770948886871338,['mobilenet_v3_small'],[],-1,0.0,FAILED,223130.72287500836,False,n01914609,3,0.9,[],2,ran_all,6.8,greedy,0.42000000000000004,adaptive,,,,,,,-1.0,-1.0,-1.0,-1.0,-1.0,-1.0,2.581356035180093,-1.0,-1.0,-1.0,-1.0,-1.0
REQ-00116,2000,50,231.64366388320923,5.871562719345093,['mobilenet_v3_small'],[],-1,0.0,FAILED,222936.98312505148,False,n02027492,3,0.9,[],2,ran_all,6.8,greedy,0.42000000000000004,adaptive,,,,,,,-1.0,-1.0,-1.0,-1.0,-1.0,-1.0,2.581356035180093,-1.0,-1.0,-1.0,-1.0,-1.0
REQ-00083,2000,50,233.25846314430237,4.300742864608765,['mobilenet_v3_small'],[],-1,0.0,FAILED,227028.40320812538,False,n01698640,3,0.9,[],2,ran_all,7.2,greedy,0.38,adaptive,,,,,,,-1.0,-1.0,-1.0,-1.0,-1.0,-1.0,2.166173962449548,-1.0,-1.0,-1.0,-1.0,-1.0
REQ-00119,2000,50,231.8188350200653,6.011653900146484,['mobilenet_v3_small'],[],-1,0.0,FAILED,222965.3353751637,False,n02027492,3,0.9,[],2,ran_all,7.0,greedy,0.4,adaptive,,,,,,,-1.0,-1.0,-1.0,-1.0,-1.0,-1.0,2.581356035180093,-1.0,-1.0,-1.0,-1.0,-1.0
REQ-00117,2000,50,231.99895119667053,5.885879755020142,['mobilenet_v3_small'],[],-1,0.0,FAILED,223217.4793749582,False,n01968897,3,0.9,[],2,ran_all,6.8,greedy,0.42000000000000004,adaptive,,,,,,,-1.0,-1.0,-1.0,-1.0,-1.0,-1.0,2.581356035180093,-1.0,-1.0,-1.0,-1.0,-1.0
REQ-00118,2000,50,232.02454209327698,5.911440849304199,['mobilenet_v3_small'],[],-1,0.0,FAILED,223170.66662502475,False,n01860187,3,0.9,[],2,ran_all,6.8,greedy,0.42000000000000004,adaptive,,,,,,,-1.0,-1.0,-1.0,-1.0,-1.0,-1.0,2.581356035180093,-1.0,-1.0,-1.0,-1.0,-1.0
REQ-00115,2000,50,232.17871284484863,5.822542905807495,['mobilenet_v3_small'],[],-1,0.0,FAILED,223537.5630420167,False,n02007558,3,0.9,[],2,ran_all,6.8,greedy,0.42000000000000004,adaptive,,,,,,,-1.0,-1.0,-1.0,-1.0,-1.0,-1.0,2.581356035180093,-1.0,-1.0,-1.0,-1.0,-1.0
REQ-00120,2000,50,232.02536296844482,6.078984975814819,['mobilenet_v3_small'],[],-1,0.0,FAILED,223134.63158416562,False,n01632458,3,0.9,[],2,ran_all,7.0,greedy,0.4,adaptive,,,,,,,-1.0,-1.0,-1.0,-1.0,-1.0,-1.0,2.581356035180093,-1.0,-1.0,-1.0,-1.0,-1.0
REQ-00090,2000,50,233.86725282669067,4.504459857940674,['mobilenet_v3_small'],[],-1,0.0,FAILED,226793.77691610716,False,n01847000,3,0.9,[],2,ran_all,6.6,greedy,0.43999999999999995,adaptive,,,,,,,-1.0,-1.0,-1.0,-1.0,-1.0,-1.0,2.581356035180093,-1.0,-1.0,-1.0,-1.0,-1.0
REQ-00123,2000,50,232.17501401901245,6.353867769241333,['mobilenet_v3_small'],[],-1,0.0,FAILED,223315.66441711038,False,n01978287,3,0.9,[],2,ran_all,7.2,greedy,0.38,adaptive,,,,,,,-1.0,-1.0,-1.0,-1.0,-1.0,-1.0,2.605303048643667,-1.0,-1.0,-1.0,-1.0,-1.0
REQ-00128,2000,50,232.0638451576233,6.486658811569214,['mobilenet_v3_small'],[],-1,0.0,FAILED,222656.63858386688,False,n02012849,3,0.9,[],2,ran_all,7.4,greedy,0.36,adaptive,,,,,,,-1.0,-1.0,-1.0,-1.0,-1.0,-1.0,2.695482868448968,-1.0,-1.0,-1.0,-1.0,-1.0
REQ-00127,2000,50,232.17302417755127,6.442115783691406,['mobilenet_v3_small'],[],-1,0.0,FAILED,222931.51558307,False,n01537544,3,0.9,[],2,ran_all,7.4,greedy,0.36,adaptive,,,,,,,-1.0,-1.0,-1.0,-1.0,-1.0,-1.0,2.6783057599146254,-1.0,-1.0,-1.0,-1.0,-1.0
REQ-00095,2000,50,233.97907400131226,4.684087753295898,['mobilenet_v3_small'],['mobilenet_v3_small'],boa_constrictor,0.7189710736274719,single_model,226261.80254109204,True,n01742172,3,0.9,[],2,ran_all,6.4,greedy,0.45999999999999985,adaptive,boa_constrictor,,,,,,0.7189710736274719,-1.0,-1.0,-1.0,-1.0,-1.0,2.581356035180093,-1.0,-1.0,-1.0,-1.0,-1.0
REQ-00133,2000,50,231.98315858840942,6.83086895942688,['mobilenet_v3_small'],[],-1,0.0,FAILED,222077.1290420089,False,n01491361,3,0.9,[],2,ran_all,7.2,greedy,0.38,adaptive,,,,,,,-1.0,-1.0,-1.0,-1.0,-1.0,-1.0,2.7298370855176546,-1.0,-1.0,-1.0,-1.0,-1.0
REQ-00129,2000,50,232.29508304595947,6.536292791366577,['mobilenet_v3_small'],[],-1,0.0,FAILED,222686.14224996418,False,n02006656,3,0.9,[],2,ran_all,7.6,greedy,0.3400000000000001,adaptive,,,,,,,-1.0,-1.0,-1.0,-1.0,-1.0,-1.0,2.7040714227161398,-1.0,-1.0,-1.0,-1.0,-1.0
REQ-00132,2000,50,232.1891098022461,6.746102809906006,['mobilenet_v3_small'],[],-1,0.0,FAILED,222304.66533405706,False,n01632458,3,0.9,[],2,ran_all,7.2,greedy,0.38,adaptive,,,,,,,-1.0,-1.0,-1.0,-1.0,-1.0,-1.0,2.7298370855176546,-1.0,-1.0,-1.0,-1.0,-1.0
REQ-00139,2000,50,231.65954875946045,7.319917917251587,['mobilenet_v3_small'],[],-1,0.0,FAILED,221588.56495819055,False,n01984695,3,0.9,[],2,ran_all,7.8,greedy,0.31999999999999995,adaptive,,,,,,,-1.0,-1.0,-1.0,-1.0,-1.0,-1.0,2.7298370855176546,-1.0,-1.0,-1.0,-1.0,-1.0
REQ-00144,2000,50,231.81390595436096,7.5173468589782715,['mobilenet_v3_small'],[],-1,0.0,FAILED,221569.6853341069,False,n01582220,3,0.9,[],2,ran_all,8.2,greedy,0.28,adaptive,,,,,,,-1.0,-1.0,-1.0,-1.0,-1.0,-1.0,2.7298370855176546,-1.0,-1.0,-1.0,-1.0,-1.0
REQ-00141,2000,50,231.8764431476593,7.471571922302246,['mobilenet_v3_small'],[],-1,0.0,FAILED,221753.1905840151,False,n01753488,3,0.9,[],2,ran_all,8.0,greedy,0.29999999999999993,adaptive,,,,,,,-1.0,-1.0,-1.0,-1.0,-1.0,-1.0,2.7298370855176546,-1.0,-1.0,-1.0,-1.0,-1.0
REQ-00140,2000,50,232.087473154068,7.449321031570435,['mobilenet_v3_small'],[],-1,0.0,FAILED,222046.62216687575,False,n01843383,3,0.9,[],2,ran_all,7.8,greedy,0.31999999999999995,adaptive,,,,,,,-1.0,-1.0,-1.0,-1.0,-1.0,-1.0,2.7298370855176546,-1.0,-1.0,-1.0,-1.0,-1.0
REQ-00137,2000,50,232.4132857322693,7.244878768920898,['mobilenet_v3_small'],[],-1,0.0,FAILED,222513.8643749524,False,n01729977,3,0.9,[],2,ran_all,7.6,greedy,0.3400000000000001,adaptive,,,,,,,-1.0,-1.0,-1.0,-1.0,-1.0,-1.0,2.7298370855176546,-1.0,-1.0,-1.0,-1.0,-1.0
REQ-00134,2000,50,232.72148895263672,7.047986030578613,['mobilenet_v3_small'],[],-1,0.0,FAILED,222949.8003749177,False,n01614925,3,0.9,[],2,ran_all,7.4,greedy,0.36,adaptive,,,,,,,-1.0,-1.0,-1.0,-1.0,-1.0,-1.0,2.7298370855176546,-1.0,-1.0,-1.0,-1.0,-1.0
REQ-00143,2000,50,232.34301209449768,7.49875283241272,['mobilenet_v3_small'],[],-1,0.0,FAILED,222159.62083311751,False,n01608432,3,0.9,[],2,ran_all,8.0,greedy,0.29999999999999993,adaptive,,,,,,,-1.0,-1.0,-1.0,-1.0,-1.0,-1.0,2.7298370855176546,-1.0,-1.0,-1.0,-1.0,-1.0
REQ-00147,2000,50,232.25086212158203,7.662837743759155,['mobilenet_v3_small'],[],-1,0.0,FAILED,221895.40712512098,False,n01950731,3,0.9,[],2,ran_all,8.4,greedy,0.2599999999999999,adaptive,,,,,,,-1.0,-1.0,-1.0,-1.0,-1.0,-1.0,2.7298370855176546,-1.0,-1.0,-1.0,-1.0,-1.0
REQ-00146,2000,50,232.35018110275269,7.6280200481414795,['mobilenet_v3_small'],[],-1,0.0,FAILED,222046.58220801502,False,n01914609,3,0.9,[],2,ran_all,8.4,greedy,0.2599999999999999,adaptive,,,,,,,-1.0,-1.0,-1.0,-1.0,-1.0,-1.0,2.7298370855176546,-1.0,-1.0,-1.0,-1.0,-1.0
REQ-00145,2000,50,232.53639817237854,7.540763854980469,['mobilenet_v3_small'],[],-1,0.0,FAILED,222230.1289581228,False,n02037110,3,0.9,[],2,ran_all,8.4,greedy,0.2599999999999999,adaptive,,,,,,,-1.0,-1.0,-1.0,-1.0,-1.0,-1.0,2.7298370855176546,-1.0,-1.0,-1.0,-1.0,-1.0
REQ-00138,2000,50,232.97497272491455,7.266758918762207,['mobilenet_v3_small'],['mobilenet_v3_small'],whiptail,0.580122172832489,single_model,222959.21229198575,True,n01687978,3,0.9,[],2,ran_all,7.6,greedy,0.3400000000000001,adaptive,whiptail,,,,,,0.580122172832489,-1.0,-1.0,-1.0,-1.0,-1.0,2.7298370855176546,-1.0,-1.0,-1.0,-1.0,-1.0
REQ-00131,2000,50,233.68615293502808,6.660290718078613,['mobilenet_v3_small'],[],-1,0.0,FAILED,223835.9392080456,False,n01775062,3,0.9,[],2,ran_all,7.2,greedy,0.38,adaptive,,,,,,,-1.0,-1.0,-1.0,-1.0,-1.0,-1.0,2.7298370855176546,-1.0,-1.0,-1.0,-1.0,-1.0
REQ-00060,2000,50,237.24218130111694,3.125880718231201,"['resnet50', 'resnet34', 'resnet18']",['resnet50'],banded_gecko,0.9886947274208069,single_model,230481.09799996018,True,n01675722,3,0.9,[],2,early_exit_first_pass=resnet50,8.0,greedy,0.29999999999999993,adaptive,,,,banded_gecko,,,-1.0,-1.0,-1.0,0.9886947274208069,-1.0,-1.0,-1.0,1.231565338910215,1.3673663532385327,1.4016696180159072,-1.0,-1.0
REQ-00148,2000,50,232.70941710472107,7.687814950942993,['mobilenet_v3_small'],[],-1,0.0,FAILED,222292.46200015768,False,n01943899,3,0.9,[],2,ran_all,8.6,greedy,0.24,adaptive,,,,,,,-1.0,-1.0,-1.0,-1.0,-1.0,-1.0,2.7298370855176546,-1.0,-1.0,-1.0,-1.0,-1.0
REQ-00149,2000,50,232.85481214523315,7.7039549350738525,['mobilenet_v3_small'],[],-1,0.0,FAILED,222369.5544579532,False,n01667114,3,0.9,[],2,ran_all,8.6,greedy,0.24,adaptive,,,,,,,-1.0,-1.0,-1.0,-1.0,-1.0,-1.0,2.7298370855176546,-1.0,-1.0,-1.0,-1.0,-1.0
REQ-00150,2000,50,233.03708815574646,7.717212915420532,['mobilenet_v3_small'],[],-1,0.0,FAILED,222473.26799994335,False,n01820546,3,0.9,[],2,ran_all,8.6,greedy,0.24,adaptive,,,,,,,-1.0,-1.0,-1.0,-1.0,-1.0,-1.0,2.7298370855176546,-1.0,-1.0,-1.0,-1.0,-1.0
REQ-00154,2000,50,232.72175788879395,8.089148998260498,['mobilenet_v3_small'],[],-1,0.0,FAILED,222240.94004184008,False,n01753488,3,0.9,[],2,ran_all,8.8,greedy,0.21999999999999997,adaptive,,,,,,,-1.0,-1.0,-1.0,-1.0,-1.0,-1.0,2.7298370855176546,-1.0,-1.0,-1.0,-1.0,-1.0
REQ-00155,2000,50,232.7791678905487,8.101432800292969,['mobilenet_v3_small'],[],-1,0.0,FAILED,222215.744207846,False,n01914609,3,0.9,[],2,ran_all,8.8,greedy,0.21999999999999997,adaptive,,,,,,,-1.0,-1.0,-1.0,-1.0,-1.0,-1.0,2.7298370855176546,-1.0,-1.0,-1.0,-1.0,-1.0
REQ-00158,2000,50,233.1301679611206,8.19899296760559,['mobilenet_v3_small'],[],-1,0.0,FAILED,222474.1524590645,False,n01818515,3,0.9,[],2,ran_all,9.0,greedy,0.20000000000000007,adaptive,,,,,,,-1.0,-1.0,-1.0,-1.0,-1.0,-1.0,2.7298370855176546,-1.0,-1.0,-1.0,-1.0,-1.0
REQ-00159,2000,50,233.05110025405884,8.292102813720703,['mobilenet_v3_small'],[],-1,0.0,FAILED,222382.26512493566,False,n01855672,3,0.9,[],2,ran_all,9.0,greedy,0.20000000000000007,adaptive,,,,,,,-1.0,-1.0,-1.0,-1.0,-1.0,-1.0,2.7298370855176546,-1.0,-1.0,-1.0,-1.0,-1.0
REQ-00160,2000,50,233.2657699584961,8.316516876220703,['mobilenet_v3_small'],[],-1,0.0,FAILED,222492.87204118446,False,n01773797,3,0.9,[],2,ran_all,8.8,greedy,0.21999999999999997,adaptive,,,,,,,-1.0,-1.0,-1.0,-1.0,-1.0,-1.0,2.7298370855176546,-1.0,-1.0,-1.0,-1.0,-1.0
REQ-00164,2000,50,232.89223408699036,8.733646869659424,['mobilenet_v3_small'],[],-1,0.0,FAILED,221976.00454185158,False,n01829413,3,0.9,[],2,ran_all,8.6,greedy,0.24,adaptive,,,,,,,-1.0,-1.0,-1.0,-1.0,-1.0,-1.0,2.7298370855176546,-1.0,-1.0,-1.0,-1.0,-1.0
REQ-00163,2000,50,233.00891184806824,8.656941890716553,['mobilenet_v3_small'],[],-1,0.0,FAILED,222153.28258415684,False,n01675722,3,0.9,[],2,ran_all,8.6,greedy,0.24,adaptive,,,,,,,-1.0,-1.0,-1.0,-1.0,-1.0,-1.0,2.7298370855176546,-1.0,-1.0,-1.0,-1.0,-1.0
REQ-00167,2000,50,233.06359386444092,8.781244993209839,['mobilenet_v3_small'],[],-1,0.0,FAILED,221796.1376248859,False,n01675722,3,0.9,[],2,ran_all,8.4,greedy,0.2599999999999999,adaptive,,,,,,,-1.0,-1.0,-1.0,-1.0,-1.0,-1.0,2.7298370855176546,-1.0,-1.0,-1.0,-1.0,-1.0
REQ-00170,2000,50,232.8724148273468,8.999513864517212,['mobilenet_v3_small'],[],-1,0.0,FAILED,221414.84629106708,False,n01930112,3,0.9,[],2,ran_all,8.4,greedy,0.2599999999999999,adaptive,,,,,,,-1.0,-1.0,-1.0,-1.0,-1.0,-1.0,2.7298370855176546,-1.0,-1.0,-1.0,-1.0,-1.0
REQ-00168,2000,50,233.16424298286438,8.872689008712769,['mobilenet_v3_small'],[],-1,0.0,FAILED,221879.0124580264,False,n02058221,3,0.9,[],2,ran_all,8.4,greedy,0.2599999999999999,adaptive,,,,,,,-1.0,-1.0,-1.0,-1.0,-1.0,-1.0,2.7298370855176546,-1.0,-1.0,-1.0,-1.0,-1.0
REQ-00172,2000,50,233.61393117904663,9.092598676681519,['mobilenet_v3_small'],[],-1,0.0,FAILED,222023.4060829971,False,n01622779,3,0.9,[],2,ran_all,8.4,greedy,0.2599999999999999,adaptive,,,,,,,-1.0,-1.0,-1.0,-1.0,-1.0,-1.0,2.7298370855176546,-1.0,-1.0,-1.0,-1.0,-1.0
REQ-00169,2000,50,233.80946683883667,8.915220975875854,['mobilenet_v3_small'],[],-1,0.0,FAILED,222425.6073748693,False,n01950731,3,0.9,[],2,ran_all,8.4,greedy,0.2599999999999999,adaptive,,,,,,,-1.0,-1.0,-1.0,-1.0,-1.0,-1.0,2.7298370855176546,-1.0,-1.0,-1.0,-1.0,-1.0
REQ-00173,2000,50,233.63701105117798,9.10782790184021,['mobilenet_v3_small'],[],-1,0.0,FAILED,221652.61287498288,False,n01667114,3,0.9,[],2,ran_all,8.4,greedy,0.2599999999999999,adaptive,,,,,,,-1.0,-1.0,-1.0,-1.0,-1.0,-1.0,2.7298370855176546,-1.0,-1.0,-1.0,-1.0,-1.0
REQ-00073,2000,50,238.86709713935852,3.882901668548584,"['resnet50', 'resnet34', 'resnet18']",['resnet50'],oystercatcher,0.9999715089797974,single_model,232595.24579206482,True,n02037110,3,0.9,[],2,early_exit_first_pass=resnet50,7.6,greedy,0.3400000000000001,adaptive,,,,oystercatcher,,,-1.0,-1.0,-1.0,0.9999715089797974,-1.0,-1.0,-1.0,1.676634334488864,1.8124353488171814,1.8467386135945558,-1.0,-1.0
REQ-00176,2000,50,233.50215816497803,9.252490043640137,['mobilenet_v3_small'],[],-1,0.0,FAILED,221568.4121248778,False,n02058221,3,0.9,[],2,ran_all,8.4,greedy,0.2599999999999999,adaptive,,,,,,,-1.0,-1.0,-1.0,-1.0,-1.0,-1.0,2.7298370855176546,-1.0,-1.0,-1.0,-1.0,-1.0
REQ-00162,2000,50,234.1426351070404,8.642499923706055,['mobilenet_v3_small'],[],-1,0.0,FAILED,223405.66612500697,False,n02058221,3,0.9,[],2,ran_all,8.6,greedy,0.24,adaptive,,,,,,,-1.0,-1.0,-1.0,-1.0,-1.0,-1.0,2.7298370855176546,-1.0,-1.0,-1.0,-1.0,-1.0
REQ-00161,2000,50,234.25903606414795,8.538419961929321,['mobilenet_v3_small'],[],-1,0.0,FAILED,223560.7192919124,False,n01985128,3,0.9,[],2,ran_all,8.8,greedy,0.21999999999999997,adaptive,,,,,,,-1.0,-1.0,-1.0,-1.0,-1.0,-1.0,2.7298370855176546,-1.0,-1.0,-1.0,-1.0,-1.0
REQ-00178,2000,50,233.58784008026123,9.317058801651001,['mobilenet_v3_small'],[],-1,0.0,FAILED,221543.08837512508,False,n01770393,3,0.9,[],2,ran_all,8.8,greedy,0.21999999999999997,adaptive,,,,,,,-1.0,-1.0,-1.0,-1.0,-1.0,-1.0,2.7298370855176546,-1.0,-1.0,-1.0,-1.0,-1.0
REQ-00180,2000,50,233.543114900589,9.385456800460815,['mobilenet_v3_small'],[],-1,0.0,FAILED,221360.98112515174,False,n01828970,3,0.9,[],2,ran_all,8.8,greedy,0.21999999999999997,adaptive,,,,,,,-1.0,-1.0,-1.0,-1.0,-1.0,-1.0,2.7298370855176546,-1.0,-1.0,-1.0,-1.0,-1.0
REQ-00177,2000,50,234.09697699546814,9.303751945495605,['mobilenet_v3_small'],[],-1,0.0,FAILED,222133.72949999757,False,n01930112,3,0.9,[],2,ran_all,8.6,greedy,0.24,adaptive,,,,,,,-1.0,-1.0,-1.0,-1.0,-1.0,-1.0,2.7298370855176546,-1.0,-1.0,-1.0,-1.0,-1.0
REQ-00182,2000,50,233.96562099456787,9.542306900024414,['mobilenet_v3_small'],[],-1,0.0,FAILED,221755.27487508953,False,n02013706,3,0.9,[],2,ran_all,8.8,greedy,0.21999999999999997,adaptive,,,,,,,-1.0,-1.0,-1.0,-1.0,-1.0,-1.0,2.7298370855176546,-1.0,-1.0,-1.0,-1.0,-1.0
REQ-00181,2000,50,234.04035210609436,9.525187730789185,['mobilenet_v3_small'],[],-1,0.0,FAILED,221903.3502091188,False,n01498041,3,0.9,[],2,ran_all,8.8,greedy,0.21999999999999997,adaptive,,,,,,,-1.0,-1.0,-1.0,-1.0,-1.0,-1.0,2.7298370855176546,-1.0,-1.0,-1.0,-1.0,-1.0
REQ-00183,2000,50,234.1430139541626,9.563457727432251,['mobilenet_v3_small'],[],-1,0.0,FAILED,221850.5849582143,False,n01698640,3,0.9,[],2,ran_all,8.8,greedy,0.21999999999999997,adaptive,,,,,,,-1.0,-1.0,-1.0,-1.0,-1.0,-1.0,2.7298370855176546,-1.0,-1.0,-1.0,-1.0,-1.0
REQ-00101,2000,50,238.7430260181427,4.9853010177612305,['mobilenet_v3_small'],[],-1,0.0,FAILED,221645.62033303082,False,n02018795,3,0.9,[],2,ran_all,8.8,greedy,0.21999999999999997,adaptive,,,,,,,-1.0,-1.0,-1.0,-1.0,-1.0,-1.0,2.7298370855176546,-1.0,-1.0,-1.0,-1.0,-1.0
REQ-00103,2000,50,238.5962471961975,5.178382873535156,['mobilenet_v3_small'],[],-1,0.0,FAILED,221567.941167159,False,n01883070,3,0.9,[],2,ran_all,8.8,greedy,0.21999999999999997,adaptive,,,,,,,-1.0,-1.0,-1.0,-1.0,-1.0,-1.0,2.7298370855176546,-1.0,-1.0,-1.0,-1.0,-1.0
REQ-00114,2000,50,238.09851217269897,5.78601598739624,['mobilenet_v3_small'],[],-1,0.0,FAILED,221435.2034169715,False,n01984695,3,0.9,[],2,ran_all,8.8,greedy,0.21999999999999997,adaptive,,,,,,,-1.0,-1.0,-1.0,-1.0,-1.0,-1.0,2.7298370855176546,-1.0,-1.0,-1.0,-1.0,-1.0
REQ-00130,2000,50,237.76505613327026,6.635104656219482,['mobilenet_v3_small'],[],-1,0.0,FAILED,228027.9669589363,False,n01622779,3,0.9,[],2,ran_all,7.4,greedy,0.36,adaptive,,,,,,,-1.0,-1.0,-1.0,-1.0,-1.0,-1.0,2.7298370855176546,-1.0,-1.0,-1.0,-1.0,-1.0
REQ-00135,2000,50,237.4169201850891,7.116161823272705,['mobilenet_v3_small'],[],-1,0.0,FAILED,227617.63904197142,False,n01774384,3,0.9,[],2,ran_all,7.4,greedy,0.36,adaptive,,,,,,,-1.0,-1.0,-1.0,-1.0,-1.0,-1.0,2.7298370855176546,-1.0,-1.0,-1.0,-1.0,-1.0
REQ-00136,2000,50,237.32816004753113,7.2196948528289795,['mobilenet_v3_small'],[],-1,0.0,FAILED,227528.3532079775,False,n01735189,3,0.9,[],2,ran_all,7.6,greedy,0.3400000000000001,adaptive,,,,,,,-1.0,-1.0,-1.0,-1.0,-1.0,-1.0,2.7298370855176546,-1.0,-1.0,-1.0,-1.0,-1.0
REQ-00126,2000,50,238.17287397384644,6.427404880523682,['mobilenet_v3_small'],[],-1,0.0,FAILED,229108.8165419642,False,n01630670,3,0.9,[],2,ran_all,7.4,greedy,0.36,adaptive,,,,,,,-1.0,-1.0,-1.0,-1.0,-1.0,-1.0,2.665422928513868,-1.0,-1.0,-1.0,-1.0,-1.0
REQ-00151,2000,50,236.93694305419922,7.8053038120269775,['mobilenet_v3_small'],[],-1,0.0,FAILED,226370.80012494698,False,n01798484,3,0.9,[],2,ran_all,8.6,greedy,0.24,adaptive,,,,,,,-1.0,-1.0,-1.0,-1.0,-1.0,-1.0,2.7298370855176546,-1.0,-1.0,-1.0,-1.0,-1.0
REQ-00157,2000,50,236.5728940963745,8.18540072441101,['mobilenet_v3_small'],[],-1,0.0,FAILED,225996.3996668812,False,n01693334,3,0.9,[],2,ran_all,8.8,greedy,0.21999999999999997,adaptive,,,,,,,-1.0,-1.0,-1.0,-1.0,-1.0,-1.0,2.7298370855176546,-1.0,-1.0,-1.0,-1.0,-1.0
REQ-00122,2000,50,238.5744230747223,6.1985838413238525,['mobilenet_v3_small'],[],-1,0.0,FAILED,229683.97720810026,False,n01943899,3,0.9,[],2,ran_all,7.2,greedy,0.38,adaptive,,,,,,,-1.0,-1.0,-1.0,-1.0,-1.0,-1.0,2.588125940109324,-1.0,-1.0,-1.0,-1.0,-1.0
REQ-00171,2000,50,235.89612007141113,9.028820037841797,['mobilenet_v3_small'],[],-1,0.0,FAILED,224358.46345801838,False,n01687978,3,0.9,[],2,ran_all,8.4,greedy,0.2599999999999999,adaptive,,,,,,,-1.0,-1.0,-1.0,-1.0,-1.0,-1.0,2.7298370855176546,-1.0,-1.0,-1.0,-1.0,-1.0
REQ-00179,2000,50,235.58298778533936,9.371825933456421,['mobilenet_v3_small'],[],-1,0.0,FAILED,223500.38499990478,False,n01944390,3,0.9,[],2,ran_all,8.8,greedy,0.21999999999999997,adaptive,,,,,,,-1.0,-1.0,-1.0,-1.0,-1.0,-1.0,2.7298370855176546,-1.0,-1.0,-1.0,-1.0,-1.0
REQ-00165,2000,50,236.57664799690247,8.749648809432983,['mobilenet_v3_small'],[],-1,0.0,FAILED,225543.92075003125,False,n01667778,3,0.9,[],2,ran_all,8.4,greedy,0.2599999999999999,adaptive,,,,,,,-1.0,-1.0,-1.0,-1.0,-1.0,-1.0,2.7298370855176546,-1.0,-1.0,-1.0,-1.0,-1.0
REQ-00121,2000,50,239.23335719108582,6.148327827453613,['mobilenet_v3_small'],[],-1,0.0,FAILED,222827.7663339395,False,n01877812,3,0.9,[],2,ran_all,8.8,greedy,0.21999999999999997,adaptive,,,,,,,-1.0,-1.0,-1.0,-1.0,-1.0,-1.0,2.7298370855176546,-1.0,-1.0,-1.0,-1.0,-1.0
REQ-00153,2000,50,237.43219089508057,8.00414490699768,['mobilenet_v3_small'],[],-1,0.0,FAILED,226962.812082842,False,n01742172,3,0.9,[],2,ran_all,8.8,greedy,0.21999999999999997,adaptive,,,,,,,-1.0,-1.0,-1.0,-1.0,-1.0,-1.0,2.7298370855176546,-1.0,-1.0,-1.0,-1.0,-1.0
REQ-00110,2000,50,240.03365921974182,5.508213758468628,['mobilenet_v3_small'],[],-1,0.0,FAILED,223200.6536249537,False,n01986214,3,0.9,[],2,ran_all,8.8,greedy,0.21999999999999997,adaptive,,,,,,,-1.0,-1.0,-1.0,-1.0,-1.0,-1.0,2.7298370855176546,-1.0,-1.0,-1.0,-1.0,-1.0
REQ-00187,2000,50,235.79941606521606,9.818883895874023,['mobilenet_v3_small'],[],-1,0.0,FAILED,222419.15279091336,False,n01644900,3,0.9,[],2,ran_all,8.0,greedy,0.29999999999999993,adaptive,,,,,,,-1.0,-1.0,-1.0,-1.0,-1.0,-1.0,2.794251242521441,-1.0,-1.0,-1.0,-1.0,-1.0
REQ-00186,2000,50,235.8410623073578,9.799300909042358,['mobilenet_v3_small'],[],-1,0.0,FAILED,222613.68087492883,False,n01773797,3,0.9,[],2,ran_all,8.2,greedy,0.28,adaptive,,,,,,,-1.0,-1.0,-1.0,-1.0,-1.0,-1.0,2.7856626882542694,-1.0,-1.0,-1.0,-1.0,-1.0
REQ-00188,2000,50,235.82351803779602,9.829817771911621,['mobilenet_v3_small'],[],-1,0.0,FAILED,222262.95891706832,False,n01729977,3,0.9,[],2,ran_all,7.8,greedy,0.31999999999999995,adaptive,,,,,,,-1.0,-1.0,-1.0,-1.0,-1.0,-1.0,2.8071340739221986,-1.0,-1.0,-1.0,-1.0,-1.0
REQ-00185,2000,50,235.9286630153656,9.782951831817627,['mobilenet_v3_small'],[],-1,0.0,FAILED,222882.11779203266,False,n01667778,3,0.9,[],2,ran_all,8.6,greedy,0.24,adaptive,,,,,,,-1.0,-1.0,-1.0,-1.0,-1.0,-1.0,2.764191302586341,-1.0,-1.0,-1.0,-1.0,-1.0
REQ-00184,2000,50,236.0736861228943,9.757079839706421,['mobilenet_v3_small'],[],-1,0.0,FAILED,223173.04225009866,False,n01776313,3,0.9,[],2,ran_all,8.8,greedy,0.21999999999999997,adaptive,,,,,,,-1.0,-1.0,-1.0,-1.0,-1.0,-1.0,2.7341313626512402,-1.0,-1.0,-1.0,-1.0,-1.0
REQ-00192,2000,50,235.91535902023315,9.937508821487427,['mobilenet_v3_small'],[],-1,0.0,FAILED,221906.49908292107,False,n02028035,3,0.9,[],2,ran_all,7.4,greedy,0.36,adaptive,,,,,,,-1.0,-1.0,-1.0,-1.0,-1.0,-1.0,2.854371122391642,-1.0,-1.0,-1.0,-1.0,-1.0
REQ-00124,2000,50,239.55003309249878,6.379499673843384,['mobilenet_v3_small'],[],-1,0.0,FAILED,221782.16791688465,False,n01498041,3,0.9,[],2,ran_all,7.2,greedy,0.38,adaptive,,,,,,,-1.0,-1.0,-1.0,-1.0,-1.0,-1.0,2.8672539537923996,-1.0,-1.0,-1.0,-1.0,-1.0
REQ-00175,2000,50,237.16487503051758,9.232603788375854,['mobilenet_v3_small'],[],-1,0.0,FAILED,221241.71199998818,False,n01582220,3,0.9,[],2,ran_all,6.8,greedy,0.42000000000000004,adaptive,,,,,,,-1.0,-1.0,-1.0,-1.0,-1.0,-1.0,2.9316681107961866,-1.0,-1.0,-1.0,-1.0,-1.0
REQ-00174,2000,50,237.2953588962555,9.141074895858765,['mobilenet_v3_small'],[],-1,0.0,FAILED,221481.82662506588,False,n01440764,3,0.9,[],2,ran_all,6.8,greedy,0.42000000000000004,adaptive,,,,,,,-1.0,-1.0,-1.0,-1.0,-1.0,-1.0,2.9273738336626005,-1.0,-1.0,-1.0,-1.0,-1.0
REQ-00189,2000,50,236.60396695137024,9.855041742324829,['mobilenet_v3_small'],[],-1,0.0,FAILED,222881.01704209112,False,n01984695,3,0.9,[],2,ran_all,7.6,greedy,0.3400000000000001,adaptive,,,,,,,-1.0,-1.0,-1.0,-1.0,-1.0,-1.0,2.820016905322956,-1.0,-1.0,-1.0,-1.0,-1.0
REQ-00190,2000,50,236.59454226493835,9.873620986938477,['mobilenet_v3_small'],[],-1,0.0,FAILED,222717.36608282663,False,n01833805,3,0.9,[],2,ran_all,7.6,greedy,0.3400000000000001,adaptive,,,,,,,-1.0,-1.0,-1.0,-1.0,-1.0,-1.0,2.8328997367237134,-1.0,-1.0,-1.0,-1.0,-1.0
REQ-00166,2000,50,237.87172889709473,8.760015964508057,['mobilenet_v3_small'],[],-1,0.0,FAILED,226714.1250418499,False,n01751748,3,0.9,[],2,ran_all,8.4,greedy,0.2599999999999999,adaptive,,,,,,,-1.0,-1.0,-1.0,-1.0,-1.0,-1.0,2.7298370855176546,-1.0,-1.0,-1.0,-1.0,-1.0
REQ-00152,2000,50,238.84822297096252,7.843966960906982,['mobilenet_v3_small'],[],-1,0.0,FAILED,222128.46554117277,False,n01742172,3,0.9,[],2,ran_all,7.0,greedy,0.4,adaptive,,,,,,,-1.0,-1.0,-1.0,-1.0,-1.0,-1.0,2.8887253394603283,-1.0,-1.0,-1.0,-1.0,-1.0
REQ-00089,2000,50,242.3594310283661,4.394984006881714,['mobilenet_v3_small'],[],-1,0.0,FAILED,224796.2377090007,False,n01950731,3,0.9,[],2,ran_all,8.8,greedy,0.21999999999999997,adaptive,,,,,,,-1.0,-1.0,-1.0,-1.0,-1.0,-1.0,2.7298370855176546,-1.0,-1.0,-1.0,-1.0,-1.0
REQ-00191,2000,50,236.8626959323883,9.911767721176147,['mobilenet_v3_small'],[],-1,0.0,FAILED,221411.0699170269,False,n01751748,3,0.9,[],2,ran_all,6.6,greedy,0.43999999999999995,adaptive,,,,,,,-1.0,-1.0,-1.0,-1.0,-1.0,-1.0,2.935962387929772,-1.0,-1.0,-1.0,-1.0,-1.0
REQ-00142,2000,50,239.31927967071533,7.485391855239868,['mobilenet_v3_small'],[],-1,0.0,FAILED,222463.1273751147,False,n01978455,3,0.9,[],2,ran_all,7.2,greedy,0.38,adaptive,,,,,,,-1.0,-1.0,-1.0,-1.0,-1.0,-1.0,2.875842508059571,-1.0,-1.0,-1.0,-1.0,-1.0
REQ-00156,2000,50,238.6613733768463,8.174749851226807,['mobilenet_v3_small'],[],-1,0.0,FAILED,222067.52929184586,False,n01729322,3,0.9,[],2,ran_all,7.0,greedy,0.4,adaptive,,,,,,,-1.0,-1.0,-1.0,-1.0,-1.0,-1.0,2.9101967251282574,-1.0,-1.0,-1.0,-1.0,-1.0
REQ-00125,2000,50,240.8473129272461,6.415154933929443,['mobilenet_v3_small'],['mobilenet_v3_small'],wombat,0.43993690609931946,single_model,231924.41425006837,True,n01883070,3,0.9,[],2,ran_all,7.2,greedy,0.38,adaptive,wombat,,,,,,0.43993690609931946,-1.0,-1.0,-1.0,-1.0,-1.0,2.643951542845939,-1.0,-1.0,-1.0,-1.0,-1.0






REQ-00002,2000,1000,13.17629098892212,2.0676639080047607,"['vit_b_16', 'resnet50', 'resnet34', 'resnet18']",['vit_b_16'],spoonbill,0.9155604243278503,single_model,13152.428625151515,True,n02006656,4,0.9,[],2,early_exit_first_finished_pass=vit_b_16,0.6,greedy,1,adaptive,,,,,,spoonbill,-1.0,-1.0,-1.0,-1.0,-1.0,0.9155604243278503,-1.0,0.07359185372998517,0.1807759256910452,0.21586574488861368,-1.0,0.5481960957725613
REQ-00000,2000,1000,18.319463968276978,2.86102294921875e-06,"['vit_b_16', 'resnet50', 'resnet34', 'resnet18']","['vit_b_16', 'resnet50']",macaw,1.0,weighted_majority,18297.12212504819,True,n01818515,4,0.9,[],2,"early_exit_aggregate_pass_after_first_batch=['vit_b_16', 'resnet50']",0.2,greedy,1,adaptive,,,,macaw,,macaw,-1.0,-1.0,-1.0,0.9973227381706238,-1.0,0.8617401123046875,-1.0,0.07359185372998517,0.1807759256910452,0.21586574488861368,-1.0,0.5481960957725613
REQ-00001,2000,1000,18.39318084716797,0.06661796569824219,"['vit_b_16', 'resnet50', 'resnet34', 'resnet18']","['vit_b_16', 'resnet50']",horned_viper,1.0,weighted_majority,18311.464416095987,True,n01756291,4,0.9,[],2,"early_exit_aggregate_pass_after_first_batch=['vit_b_16', 'resnet50']",0.4,greedy,1,adaptive,,,,horned_viper,,horned_viper,-1.0,-1.0,-1.0,0.4294882118701935,-1.0,0.5589597225189209,-1.0,0.07359185372998517,0.1807759256910452,0.21586574488861368,-1.0,0.5481960957725613
REQ-00003,2000,1000,28.06699800491333,3.0871429443359375,"['vit_b_16', 'resnet50', 'resnet34', 'resnet18']","['vit_b_16', 'resnet50']",goldfish,1.0,weighted_majority,28050.52824993618,True,n01443537,4,0.9,[],2,"early_exit_aggregate_pass_after_first_batch=['vit_b_16', 'resnet50']",0.8,greedy,1,adaptive,,,,goldfish,,goldfish,-1.0,-1.0,-1.0,0.9992511868476868,-1.0,0.8976128101348877,-1.0,0.07972450820748393,0.19584058616529895,0.23385455696266483,-1.0,0.5938791037536081
REQ-00008,2000,1000,26.740950107574463,6.310876131057739,"['vit_b_16', 'resnet50', 'resnet34', 'resnet18']",['resnet50'],coucal,0.9999257326126099,single_model,25993.76579094678,True,n01824575,4,0.9,[],2,early_exit_first_finished_pass=resnet50,1.4,greedy,0.96,adaptive,,,,coucal,,,-1.0,-1.0,-1.0,0.9999257326126099,-1.0,-1.0,-1.0,0.6054998318051207,0.7216159097629358,0.8577780776884862,-1.0,1.6654365974374021
REQ-00004,2000,1000,32.201874017715454,3.1027660369873047,"['vit_b_16', 'resnet50', 'resnet34', 'resnet18']","['vit_b_16', 'resnet50']",whiptail,0.6342093991152353,weighted_majority,32093.57937495224,True,n01630670,4,0.9,[],2,deadline_stop_before_resnet34,1.0,greedy,1,adaptive,,,,whiptail,,common_newt,-1.0,-1.0,-1.0,0.7340418100357056,-1.0,0.4233705699443817,-1.0,0.49359133856564924,0.6097074165234643,0.6477213873208301,-1.0,1.0077459341117734
REQ-00005,2000,1000,33.352816104888916,3.276252031326294,"['vit_b_16', 'resnet50', 'resnet34', 'resnet18']","['vit_b_16', 'resnet50']",dungeness_crab,1.0,weighted_majority,33279.236250091344,True,n01978287,4,0.9,[],2,"early_exit_aggregate_pass_after_first_batch=['vit_b_16', 'resnet50']",1.2,greedy,0.98,adaptive,,,,dungeness_crab,,dungeness_crab,-1.0,-1.0,-1.0,0.7130596041679382,-1.0,0.8398683667182922,-1.0,0.4935913385656348,0.6097074165234498,0.6477213873208156,-1.0,1.007745934111759
REQ-00006,2000,1000,41.32575011253357,5.207490921020508,"['vit_b_16', 'resnet50', 'resnet101', 'resnet34']","['vit_b_16', 'resnet50']",indigo_bunting,1.0,weighted_majority,41310.85312506184,True,n01537544,4,0.9,[],2,"early_exit_aggregate_pass_after_first_batch=['vit_b_16', 'resnet50']",1.0,greedy,1,adaptive,,,,indigo_bunting,,indigo_bunting,-1.0,-1.0,-1.0,0.9995784163475037,-1.0,0.8883925676345825,-1.0,-1.0,0.5737049618443526,0.6117189326417184,1.7869734734303522,1.4193774523906342
REQ-00007,2000,1000,40.77931594848633,6.246680021286011,"['vit_b_16', 'resnet101', 'resnet50', 'resnet34']","['vit_b_16', 'resnet101']",pelican,1.0,weighted_majority,40763.897500000894,True,n02051845,4,0.9,[],2,"early_exit_aggregate_pass_after_first_batch=['vit_b_16', 'resnet101']",1.2,greedy,0.98,adaptive,,,,,pelican,pelican,-1.0,-1.0,-1.0,-1.0,0.9995574355125427,0.8892818093299866,-1.0,-1.0,0.6479390878895152,0.6859530586868811,1.8612075994755148,1.4936115784357968
REQ-00010,2000,1000,40.27861976623535,9.994922876358032,"['vit_b_16', 'resnet50', 'resnet34', 'resnet18']",['resnet50'],conch,0.9651466608047485,single_model,40254.0450419765,True,n01943899,4,0.9,[],2,early_exit_first_finished_pass=resnet50,1.0,greedy,1,adaptive,,,,conch,,,-1.0,-1.0,-1.0,0.9651466608047485,-1.0,-1.0,-1.0,0.7602284210308909,0.876344498988706,0.9143584697860719,-1.0,1.722016989534988
REQ-00009,2000,1000,45.73910999298096,6.3820109367370605,"['vit_b_16', 'resnet50', 'resnet34', 'resnet18']","['vit_b_16', 'resnet50']",hen,1.0,weighted_majority,44519.74412519485,True,n01514859,4,0.9,[],2,"early_exit_aggregate_pass_after_first_batch=['vit_b_16', 'resnet50']",1.4,greedy,0.96,adaptive,,,,hen,,hen,-1.0,-1.0,-1.0,0.8454015254974365,-1.0,0.8630152940750122,-1.0,0.7036480289333055,0.8197641068911204,0.8577780776884862,-1.0,1.6654365974374021
