REQ-00000,2000,50,3.131460189819336,1.9073486328125e-06,"['vit_b_16', 'resnet101', 'resnet50', 'resnet34']",['vit_b_16'],green_lizard,0.6958775520324707,single_model,3116.044291993603,True,n01693334,4,0.9,[],2,deadline_stop_before_resnet50,0.2,greedy,1,adaptive,,,,,,green_lizard,-1.0,-1.0,-1.0,-1.0,-1.0,0.6958775520324707,-1.0,-1.0,0.12427461300789408,0.19573259971662282,0.7130815010563863,0.38179891749776884
REQ-00002,2000,50,30.94023299217224,0.16804289817810059,"['resnet50', 'resnet34', 'resnet18', 'mobilenet_v3_small']",['resnet34'],drake,0.9995872378349304,single_model,30106.36870795861,True,n01847000,4,0.9,[],2,early_exit_first_finished_pass=resnet34,0.6,greedy,1,adaptive,,,drake,,,,-1.0,-1.0,0.9995872378349304,-1.0,-1.0,-1.0,0.05741020895481591,0.0805382115185754,0.12427461300789408,0.19573259971662282,-1.0,-1.0
REQ-00006,2000,50,65.06685304641724,0.44225502014160156,['mobilenet_v3_small'],['mobilenet_v3_small'],chiton,0.9972967505455017,single_model,62373.87437489815,True,n01955084,4,0.9,[],2,early_exit_first_pass=mobilenet_v3_small,1.4,greedy,0.96,adaptive,chiton,,,,,,0.9972967505455017,-1.0,-1.0,-1.0,-1.0,-1.0,11.969248678784382,-1.0,-1.0,-1.0,-1.0,-1.0
REQ-00009,2000,50,64.99457788467407,0.54317307472229,['mobilenet_v3_small'],['mobilenet_v3_small'],bald_eagle,0.9988613128662109,single_model,60689.249166985974,True,n01614925,4,0.9,[],2,early_exit_first_pass=mobilenet_v3_small,2.0,greedy,0.9,adaptive,bald_eagle,,,,,,0.9988613128662109,-1.0,-1.0,-1.0,-1.0,-1.0,10.827182011701048,-1.0,-1.0,-1.0,-1.0,-1.0
REQ-00011,2000,50,64.69664216041565,0.8953628540039062,['mobilenet_v3_small'],['mobilenet_v3_small'],great_white_shark,0.9994786381721497,single_model,59562.5707921572,True,n01484850,4,0.9,[],2,early_exit_first_pass=mobilenet_v3_small,2.0,greedy,0.9,adaptive,great_white_shark,,,,,,0.9994786381721497,-1.0,-1.0,-1.0,-1.0,-1.0,10.827182011701048,-1.0,-1.0,-1.0,-1.0,-1.0
REQ-00012,2000,50,64.69061970710754,0.9158098697662354,['mobilenet_v3_small'],['mobilenet_v3_small'],white_stork,0.93788743019104,single_model,58997.585207922384,True,n02002556,4,0.9,[],2,early_exit_first_pass=mobilenet_v3_small,1.8,greedy,0.92,adaptive,white_stork,,,,,,0.93788743019104,-1.0,-1.0,-1.0,-1.0,-1.0,10.827182011701048,-1.0,-1.0,-1.0,-1.0,-1.0
REQ-00007,2000,50,65.16172885894775,0.45546889305114746,['mobilenet_v3_small'],['mobilenet_v3_small'],goose,0.39799344539642334,single_model,61758.11679195613,True,n01855672,4,0.9,[],2,ran_all,1.6,greedy,0.94,adaptive,goose,,,,,,0.39799344539642334,-1.0,-1.0,-1.0,-1.0,-1.0,10.827182011701048,-1.0,-1.0,-1.0,-1.0,-1.0
REQ-00013,2000,50,64.7049560546875,0.9284608364105225,['mobilenet_v3_small'],['mobilenet_v3_small'],goldfish,0.9949548840522766,single_model,58055.319166975096,True,n01443537,4,0.9,[],2,early_exit_first_pass=mobilenet_v3_small,1.8,greedy,0.92,adaptive,goldfish,,,,,,0.9949548840522766,-1.0,-1.0,-1.0,-1.0,-1.0,10.827182011701048,-1.0,-1.0,-1.0,-1.0,-1.0
REQ-00008,2000,50,65.16331315040588,0.47599196434020996,['mobilenet_v3_small'],['mobilenet_v3_small'],indian_cobra,0.3944597542285919,single_model,61269.247042015195,True,n01751748,4,0.9,[],2,ran_all,1.8,greedy,0.92,adaptive,indian_cobra,,,,,,0.3944597542285919,-1.0,-1.0,-1.0,-1.0,-1.0,10.827182011701048,-1.0,-1.0,-1.0,-1.0,-1.0
REQ-00015,2000,50,64.61921000480652,1.0260651111602783,['mobilenet_v3_small'],['mobilenet_v3_small'],goose,0.9991556406021118,single_model,56643.326667137444,True,n01855672,4,0.9,[],2,early_exit_first_pass=mobilenet_v3_small,1.6,greedy,0.94,adaptive,goose,,,,,,0.9991556406021118,-1.0,-1.0,-1.0,-1.0,-1.0,10.827182011701048,-1.0,-1.0,-1.0,-1.0,-1.0
REQ-00001,2000,50,65.49458885192871,0.15607404708862305,"['resnet101', 'resnet50', 'resnet34', 'resnet18']",['resnet101'],bulbul,0.9986761212348938,single_model,65101.226875092834,True,n01560419,4,0.9,[],2,early_exit_first_finished_pass=resnet101,0.4,greedy,1,adaptive,,,,,bulbul,,-1.0,-1.0,-1.0,-1.0,0.9986761212348938,-1.0,-1.0,0.0805382115185754,0.12427461300789408,0.19573259971662282,0.7130815010563863,-1.0
REQ-00003,2000,50,65.41171503067017,0.24432706832885742,"['vit_b_16', 'resnet101', 'resnet50', 'resnet34']",['resnet101'],wallaby,0.7840344309806824,single_model,64059.95250004344,True,n01877812,4,0.9,[],2,deadline_stop_before_resnet50,0.8,greedy,1,adaptive,,,,,wallaby,,-1.0,-1.0,-1.0,-1.0,0.7840344309806824,-1.0,-1.0,-1.0,0.12427461300789408,0.19573259971662282,0.7098063509507477,0.424304725747992
REQ-00005,2000,50,65.28504180908203,0.37649083137512207,"['vit_b_16', 'resnet101', 'resnet50', 'resnet34']",['vit_b_16'],great_grey_owl,0.9080714583396912,single_model,62982.31554101221,True,n01622779,4,0.9,[],2,early_exit_first_finished_pass=vit_b_16,1.2,greedy,0.98,adaptive,,,,,,great_grey_owl,-1.0,-1.0,-1.0,-1.0,-1.0,0.9080714583396912,-1.0,-1.0,0.12427461300789408,0.19573259971662282,0.7098063509507477,0.424304725747992
REQ-00016,2000,50,64.4988329410553,1.17203688621521,['mobilenet_v3_small'],['mobilenet_v3_small'],indigo_bunting,0.9998778104782104,single_model,56086.24995802529,True,n01537544,4,0.9,[],2,early_exit_first_pass=mobilenet_v3_small,1.6,greedy,0.94,adaptive,indigo_bunting,,,,,,0.9998778104782104,-1.0,-1.0,-1.0,-1.0,-1.0,10.827182011701048,-1.0,-1.0,-1.0,-1.0,-1.0
REQ-00019,2000,50,66.18411016464233,1.391467809677124,['mobilenet_v3_small'],['mobilenet_v3_small'],indigo_bunting,0.9999681711196899,single_model,55455.542583949864,True,n01537544,4,0.9,[],2,early_exit_first_pass=mobilenet_v3_small,1.4,greedy,0.96,adaptive,indigo_bunting,,,,,,0.9999681711196899,-1.0,-1.0,-1.0,-1.0,-1.0,10.827182011701048,-1.0,-1.0,-1.0,-1.0,-1.0
REQ-00017,2000,50,66.41227984428406,1.18373703956604,['mobilenet_v3_small'],['mobilenet_v3_small'],black_and_gold_garden_spider,0.4987226724624634,single_model,57302.9150001239,True,n01773157,4,0.9,[],2,ran_all,1.6,greedy,0.94,adaptive,black_and_gold_garden_spider,,,,,,0.4987226724624634,-1.0,-1.0,-1.0,-1.0,-1.0,10.827182011701048,-1.0,-1.0,-1.0,-1.0,-1.0
REQ-00010,2000,50,67.03904509544373,0.8518397808074951,['mobilenet_v3_small'],['mobilenet_v3_small'],table_lamp,0.3340829610824585,single_model,62479.01566606015,True,n01910747,4,0.9,[],2,ran_all,2.0,greedy,0.9,adaptive,table_lamp,,,,,,0.3340829610824585,-1.0,-1.0,-1.0,-1.0,-1.0,10.827182011701048,-1.0,-1.0,-1.0,-1.0,-1.0
REQ-00018,2000,50,68.47256994247437,1.2609918117523193,['mobilenet_v3_small'],['mobilenet_v3_small'],banded_gecko,0.288656085729599,single_model,58448.30237491988,True,n01630670,4,0.9,[],2,ran_all,1.4,greedy,0.96,adaptive,banded_gecko,,,,,,0.288656085729599,-1.0,-1.0,-1.0,-1.0,-1.0,10.827182011701048,-1.0,-1.0,-1.0,-1.0,-1.0
REQ-00004,2000,50,75.43648409843445,0.30906105041503906,"['vit_b_16', 'resnet101', 'resnet50', 'resnet34']","['vit_b_16', 'resnet101']",great_grey_owl,1.0,weighted_majority,73689.79612505063,True,n01622779,4,0.9,[],2,"early_exit_aggregate_pass_after_first_batch=['vit_b_16', 'resnet101']",1.0,greedy,1,adaptive,,,,,great_grey_owl,great_grey_owl,-1.0,-1.0,-1.0,-1.0,0.9993038177490234,0.8937169909477234,-1.0,-1.0,0.12427461300789408,0.19573259971662282,0.7098063509507477,0.424304725747992
REQ-00020,2000,50,75.49310493469238,1.416978120803833,['mobilenet_v3_small'],['mobilenet_v3_small'],sea_anemone,0.9992114305496216,single_model,64134.15325013921,True,n01914609,4,0.9,[],2,early_exit_first_pass=mobilenet_v3_small,1.4,greedy,0.96,adaptive,sea_anemone,,,,,,0.9992114305496216,-1.0,-1.0,-1.0,-1.0,-1.0,10.827182011701048,-1.0,-1.0,-1.0,-1.0,-1.0
REQ-00021,2000,50,76.09913492202759,1.5043811798095703,['mobilenet_v3_small'],['mobilenet_v3_small'],alligator_lizard,0.469899445772171,single_model,64096.048708073795,True,n01685808,4,0.9,[],2,ran_all,1.4,greedy,0.96,adaptive,alligator_lizard,,,,,,0.469899445772171,-1.0,-1.0,-1.0,-1.0,-1.0,10.827182011701048,-1.0,-1.0,-1.0,-1.0,-1.0
REQ-00022,2000,50,76.16817116737366,1.5738060474395752,['mobilenet_v3_small'],['mobilenet_v3_small'],great_white_shark,0.9940967559814453,single_model,63449.56254190765,True,n01484850,4,0.9,[],2,early_exit_first_pass=mobilenet_v3_small,1.4,greedy,0.96,adaptive,great_white_shark,,,,,,0.9940967559814453,-1.0,-1.0,-1.0,-1.0,-1.0,10.827182011701048,-1.0,-1.0,-1.0,-1.0,-1.0
REQ-00023,2000,50,77.63237190246582,1.64674711227417,['mobilenet_v3_small'],['mobilenet_v3_small'],spoonbill,0.7009947896003723,single_model,64206.85337507166,True,n02006656,4,0.9,[],2,ran_all,1.4,greedy,0.96,adaptive,spoonbill,,,,,,0.7009947896003723,-1.0,-1.0,-1.0,-1.0,-1.0,10.827182011701048,-1.0,-1.0,-1.0,-1.0,-1.0
REQ-00028,2000,50,79.65352821350098,1.92787504196167,['mobilenet_v3_small'],['mobilenet_v3_small'],jellyfish,0.5812652111053467,single_model,64095.610624877736,True,n01910747,4,0.9,[],2,ran_all,1.4,greedy,0.96,adaptive,jellyfish,,,,,,0.5812652111053467,-1.0,-1.0,-1.0,-1.0,-1.0,10.827182011701048,-1.0,-1.0,-1.0,-1.0,-1.0
REQ-00034,2000,50,82.52098393440247,2.0617809295654297,['mobilenet_v3_small'],['mobilenet_v3_small'],rhinoceros_beetle,0.2910865247249603,single_model,64240.506042027846,True,n01833805,4,0.9,[],2,ran_all,1.6,greedy,0.94,adaptive,rhinoceros_beetle,,,,,,0.2910865247249603,-1.0,-1.0,-1.0,-1.0,-1.0,10.827182011701048,-1.0,-1.0,-1.0,-1.0,-1.0
REQ-00031,2000,50,84.84794116020203,2.036505937576294,['mobilenet_v3_small'],['mobilenet_v3_small'],common_newt,0.46898582577705383,single_model,67909.58920796402,True,n01630670,4,0.9,[],2,ran_all,1.4,greedy,0.96,adaptive,common_newt,,,,,,0.46898582577705383,-1.0,-1.0,-1.0,-1.0,-1.0,10.827182011701048,-1.0,-1.0,-1.0,-1.0,-1.0
REQ-00029,2000,50,85.69276714324951,2.006932020187378,['mobilenet_v3_small'],['mobilenet_v3_small'],common_newt,0.728829562664032,single_model,69434.38150011934,True,n01630670,4,0.9,[],2,ran_all,1.4,greedy,0.96,adaptive,common_newt,,,,,,0.728829562664032,-1.0,-1.0,-1.0,-1.0,-1.0,10.827182011701048,-1.0,-1.0,-1.0,-1.0,-1.0
REQ-00026,2000,50,85.93364357948303,1.829206943511963,['mobilenet_v3_small'],['mobilenet_v3_small'],green_mamba,0.3712299168109894,single_model,71036.50179086253,True,n01749939,4,0.9,[],2,ran_all,1.4,greedy,0.96,adaptive,green_mamba,,,,,,0.3712299168109894,-1.0,-1.0,-1.0,-1.0,-1.0,10.827182011701048,-1.0,-1.0,-1.0,-1.0,-1.0
REQ-00033,2000,50,86.56529188156128,2.0559709072113037,['mobilenet_v3_small'],['mobilenet_v3_small'],wolf_spider,0.7113606929779053,single_model,68755.47254201956,True,n01775062,4,0.9,[],2,ran_all,1.6,greedy,0.94,adaptive,wolf_spider,,,,,,0.7113606929779053,-1.0,-1.0,-1.0,-1.0,-1.0,10.827182011701048,-1.0,-1.0,-1.0,-1.0,-1.0
REQ-00032,2000,50,87.2969663143158,2.043660879135132,['mobilenet_v3_small'],['mobilenet_v3_small'],spiny_lobster,0.5655444860458374,single_model,69991.72258283943,True,n01984695,4,0.9,[],2,ran_all,1.4,greedy,0.96,adaptive,spiny_lobster,,,,,,0.5655444860458374,-1.0,-1.0,-1.0,-1.0,-1.0,10.827182011701048,-1.0,-1.0,-1.0,-1.0,-1.0
REQ-00037,2000,50,88.36283111572266,2.2245731353759766,['mobilenet_v3_small'],['mobilenet_v3_small'],hognose_snake,0.4182829260826111,single_model,68830.40758292191,True,n01729322,4,0.9,[],2,ran_all,1.8,greedy,0.92,adaptive,hognose_snake,,,,,,0.4182829260826111,-1.0,-1.0,-1.0,-1.0,-1.0,10.827182011701048,-1.0,-1.0,-1.0,-1.0,-1.0
REQ-00024,2000,50,89.93163871765137,1.7511961460113525,['mobilenet_v3_small'],['mobilenet_v3_small'],bulbul,0.997643768787384,single_model,75794.79012498632,True,n01560419,4,0.9,[],2,early_exit_first_pass=mobilenet_v3_small,1.4,greedy,0.96,adaptive,bulbul,,,,,,0.997643768787384,-1.0,-1.0,-1.0,-1.0,-1.0,10.446493122673271,-1.0,-1.0,-1.0,-1.0,-1.0
REQ-00042,2000,50,90.13445973396301,2.4612581729888916,['mobilenet_v3_small'],['mobilenet_v3_small'],frilled_lizard,0.1638210266828537,single_model,68756.57612504438,True,n02077923,4,0.9,[],2,ran_all,2.2,greedy,0.88,adaptive,frilled_lizard,,,,,,0.1638210266828537,-1.0,-1.0,-1.0,-1.0,-1.0,11.96924867878438,-1.0,-1.0,-1.0,-1.0,-1.0
REQ-00040,2000,50,91.44127893447876,2.4096570014953613,['mobilenet_v3_small'],['mobilenet_v3_small'],peacock,0.9977044463157654,single_model,71111.73666687682,True,n01806143,4,0.9,[],2,early_exit_first_pass=mobilenet_v3_small,2.0,greedy,0.9,adaptive,peacock,,,,,,0.9977044463157654,-1.0,-1.0,-1.0,-1.0,-1.0,11.96924867878438,-1.0,-1.0,-1.0,-1.0,-1.0
REQ-00043,2000,50,92.21231579780579,2.481450080871582,['mobilenet_v3_small'],['mobilenet_v3_small'],komodo_dragon,0.9846530556678772,single_model,70400.50662495196,True,n01695060,4,0.9,[],2,early_exit_first_pass=mobilenet_v3_small,2.2,greedy,0.88,adaptive,komodo_dragon,,,,,,0.9846530556678772,-1.0,-1.0,-1.0,-1.0,-1.0,11.96924867878438,-1.0,-1.0,-1.0,-1.0,-1.0
REQ-00035,2000,50,94.03125190734863,2.1164040565490723,['mobilenet_v3_small'],['mobilenet_v3_small'],ptarmigan,0.9961667656898499,single_model,75344.70604197122,True,n01796340,4,0.9,[],2,early_exit_first_pass=mobilenet_v3_small,1.8,greedy,0.92,adaptive,ptarmigan,,,,,,0.9961667656898499,-1.0,-1.0,-1.0,-1.0,-1.0,10.827182011701048,-1.0,-1.0,-1.0,-1.0,-1.0
REQ-00045,2000,50,94.13758492469788,2.5796329975128174,['mobilenet_v3_small'],['mobilenet_v3_small'],goldfish,0.981274425983429,single_model,71114.35575014912,True,n01443537,4,0.9,[],2,early_exit_first_pass=mobilenet_v3_small,2.0,greedy,0.9,adaptive,goldfish,,,,,,0.981274425983429,-1.0,-1.0,-1.0,-1.0,-1.0,11.96924867878438,-1.0,-1.0,-1.0,-1.0,-1.0
REQ-00044,2000,50,94.47444605827332,2.5338010787963867,['mobilenet_v3_small'],['mobilenet_v3_small'],hognose_snake,0.667415976524353,single_model,71960.51145810634,True,n01729322,4,0.9,[],2,ran_all,2.0,greedy,0.9,adaptive,hognose_snake,,,,,,0.667415976524353,-1.0,-1.0,-1.0,-1.0,-1.0,11.96924867878438,-1.0,-1.0,-1.0,-1.0,-1.0
REQ-00036,2000,50,94.8608329296112,2.202108144760132,['mobilenet_v3_small'],['mobilenet_v3_small'],platypus,0.33659589290618896,single_model,75766.42258302309,True,n01944390,4,0.9,[],2,ran_all,1.8,greedy,0.92,adaptive,platypus,,,,,,0.33659589290618896,-1.0,-1.0,-1.0,-1.0,-1.0,10.827182011701048,-1.0,-1.0,-1.0,-1.0,-1.0
REQ-00039,2000,50,94.87978911399841,2.358704090118408,['mobilenet_v3_small'],['mobilenet_v3_small'],black_grouse,0.7303693294525146,single_model,75007.70708406344,True,n01796340,4,0.9,[],2,ran_all,2.0,greedy,0.9,adaptive,black_grouse,,,,,,0.7303693294525146,-1.0,-1.0,-1.0,-1.0,-1.0,11.96924867878438,-1.0,-1.0,-1.0,-1.0,-1.0
REQ-00047,2000,50,97.7505350112915,2.8265509605407715,['mobilenet_v3_small'],['mobilenet_v3_small'],crane,0.5485199093818665,single_model,73972.35845797695,True,n02012849,4,0.9,[],2,ran_all,2.0,greedy,0.9,adaptive,crane,,,,,,0.5485199093818665,-1.0,-1.0,-1.0,-1.0,-1.0,11.96924867878438,-1.0,-1.0,-1.0,-1.0,-1.0
REQ-00041,2000,50,98.77093291282654,2.4429500102996826,['mobilenet_v3_small'],['mobilenet_v3_small'],thunder_snake,0.9306895136833191,single_model,77933.89241606928,True,n01728572,4,0.9,[],2,early_exit_first_pass=mobilenet_v3_small,2.0,greedy,0.9,adaptive,thunder_snake,,,,,,0.9306895136833191,-1.0,-1.0,-1.0,-1.0,-1.0,11.96924867878438,-1.0,-1.0,-1.0,-1.0,-1.0
REQ-00052,2000,50,99.62738585472107,3.0235228538513184,['mobilenet_v3_small'],['mobilenet_v3_small'],spotted_salamander,0.9989277720451355,single_model,74028.78308296204,True,n01632458,4,0.9,[],2,early_exit_first_pass=mobilenet_v3_small,2.0,greedy,0.9,adaptive,spotted_salamander,,,,,,0.9989277720451355,-1.0,-1.0,-1.0,-1.0,-1.0,11.96924867878438,-1.0,-1.0,-1.0,-1.0,-1.0
REQ-00014,2000,50,103.63477396965027,0.9571108818054199,['mobilenet_v3_small'],['mobilenet_v3_small'],sea_anemone,0.9926214218139648,single_model,96204.13524983451,True,n01914609,4,0.9,[],2,early_exit_first_pass=mobilenet_v3_small,1.6,greedy,0.94,adaptive,sea_anemone,,,,,,0.9926214218139648,-1.0,-1.0,-1.0,-1.0,-1.0,10.827182011701048,-1.0,-1.0,-1.0,-1.0,-1.0
REQ-00046,2000,50,103.05851316452026,2.766525983810425,['mobilenet_v3_small'],['mobilenet_v3_small'],flamingo,0.9995013475418091,single_model,79713.41149997897,True,n02007558,4,0.9,[],2,early_exit_first_pass=mobilenet_v3_small,2.0,greedy,0.9,adaptive,flamingo,,,,,,0.9995013475418091,-1.0,-1.0,-1.0,-1.0,-1.0,11.96924867878438,-1.0,-1.0,-1.0,-1.0,-1.0
REQ-00049,2000,50,103.35815501213074,2.9808778762817383,['mobilenet_v3_small'],['mobilenet_v3_small'],bittern,0.7971502542495728,single_model,79280.70812509395,True,n02011460,4,0.9,[],2,ran_all,2.0,greedy,0.9,adaptive,bittern,,,,,,0.7971502542495728,-1.0,-1.0,-1.0,-1.0,-1.0,11.96924867878438,-1.0,-1.0,-1.0,-1.0,-1.0
REQ-00027,2000,50,104.7342278957367,1.912079095840454,['mobilenet_v3_small'],['mobilenet_v3_small'],whiptail,0.9668644666671753,single_model,77024.02966702357,True,n01685808,4,0.9,[],2,early_exit_first_pass=mobilenet_v3_small,2.2,greedy,0.88,adaptive,whiptail,,,,,,0.9668644666671753,-1.0,-1.0,-1.0,-1.0,-1.0,11.96924867878438,-1.0,-1.0,-1.0,-1.0,-1.0
REQ-00050,2000,50,103.77281093597412,2.9921209812164307,['mobilenet_v3_small'],['mobilenet_v3_small'],black_and_gold_garden_spider,0.7674494981765747,single_model,79236.08808289282,True,n01773157,4,0.9,[],2,ran_all,2.0,greedy,0.9,adaptive,black_and_gold_garden_spider,,,,,,0.7674494981765747,-1.0,-1.0,-1.0,-1.0,-1.0,11.96924867878438,-1.0,-1.0,-1.0,-1.0,-1.0
REQ-00051,2000,50,104.04610896110535,3.0082850456237793,['mobilenet_v3_small'],['mobilenet_v3_small'],green_mamba,0.47773900628089905,single_model,78991.92862492055,True,n01749939,4,0.9,[],2,ran_all,2.0,greedy,0.9,adaptive,green_mamba,,,,,,0.47773900628089905,-1.0,-1.0,-1.0,-1.0,-1.0,11.96924867878438,-1.0,-1.0,-1.0,-1.0,-1.0
REQ-00053,2000,50,107.79923987388611,3.045506000518799,['mobilenet_v3_small'],['mobilenet_v3_small'],leatherback_turtle,0.9941232800483704,single_model,81714.30824999698,True,n01665541,4,0.9,[],2,early_exit_first_pass=mobilenet_v3_small,2.0,greedy,0.9,adaptive,leatherback_turtle,,,,,,0.9941232800483704,-1.0,-1.0,-1.0,-1.0,-1.0,11.96924867878438,-1.0,-1.0,-1.0,-1.0,-1.0
REQ-00025,2000,50,109.44392395019531,1.7723958492279053,['mobilenet_v3_small'],['mobilenet_v3_small'],lorikeet,0.9742161631584167,single_model,81926.57362483442,True,n01820546,4,0.9,[],2,early_exit_first_pass=mobilenet_v3_small,2.2,greedy,0.88,adaptive,lorikeet,,,,,,0.9742161631584167,-1.0,-1.0,-1.0,-1.0,-1.0,11.96924867878438,-1.0,-1.0,-1.0,-1.0,-1.0
REQ-00055,2000,50,111.4650468826294,3.169827938079834,"['resnet18', 'mobilenet_v3_small']",['mobilenet_v3_small'],snail,0.9989758729934692,single_model,83259.70841594972,True,n01944390,4,0.9,[],2,early_exit_first_finished_pass=mobilenet_v3_small,2.6,greedy,0.84,adaptive,snail,,,,,,0.9989758729934692,-1.0,-1.0,-1.0,-1.0,-1.0,1.4404843297038352,1.4655396658145747,-1.0,-1.0,-1.0,-1.0
REQ-00030,2000,50,113.59422993659973,2.0142900943756104,['mobilenet_v3_small'],['mobilenet_v3_small'],common_iguana,0.9963770508766174,single_model,85635.62337495387,True,n01677366,4,0.9,[],2,early_exit_first_pass=mobilenet_v3_small,2.4,greedy,0.86,adaptive,common_iguana,,,,,,0.9963770508766174,-1.0,-1.0,-1.0,-1.0,-1.0,11.96924867878438,-1.0,-1.0,-1.0,-1.0,-1.0
REQ-00038,2000,50,113.82389998435974,2.34828782081604,['mobilenet_v3_small'],['mobilenet_v3_small'],lorikeet,0.12589849531650543,single_model,85863.60416701064,True,n01514668,4,0.9,[],2,ran_all,2.4,greedy,0.86,adaptive,lorikeet,,,,,,0.12589849531650543,-1.0,-1.0,-1.0,-1.0,-1.0,11.96924867878438,-1.0,-1.0,-1.0,-1.0,-1.0
REQ-00048,2000,50,113.93413209915161,2.8834989070892334,['mobilenet_v3_small'],['mobilenet_v3_small'],limpkin,0.9999902248382568,single_model,86111.11904215068,True,n02013706,4,0.9,[],2,early_exit_first_pass=mobilenet_v3_small,2.4,greedy,0.86,adaptive,limpkin,,,,,,0.9999902248382568,-1.0,-1.0,-1.0,-1.0,-1.0,4.072675416973972,-1.0,-1.0,-1.0,-1.0,-1.0
REQ-00054,2000,50,113.74839401245117,3.137603998184204,['mobilenet_v3_small'],['mobilenet_v3_small'],bulbul,0.9894968271255493,single_model,85775.13937512413,True,n01560419,4,0.9,[],2,early_exit_first_pass=mobilenet_v3_small,2.6,greedy,0.84,adaptive,bulbul,,,,,,0.9894968271255493,-1.0,-1.0,-1.0,-1.0,-1.0,2.4933607646118903,-1.0,-1.0,-1.0,-1.0,-1.0
REQ-00058,2000,50,121.78568601608276,3.403900146484375,"['resnet18', 'mobilenet_v3_small']",['resnet18'],boa_constrictor,0.9989404082298279,single_model,92954.92612500675,True,n01742172,4,0.9,[],2,early_exit_first_finished_pass=resnet18,2.8,greedy,0.8200000000000001,adaptive,,boa_constrictor,,,,,-1.0,0.9989404082298279,-1.0,-1.0,-1.0,-1.0,1.1529233724846568,1.193527306853992,-1.0,-1.0,-1.0,-1.0
REQ-00056,2000,50,122.34348392486572,3.2508599758148193,"['resnet18', 'mobilenet_v3_small']","['resnet18', 'mobilenet_v3_small']",white_stork,1.0,weighted_majority,93967.70670893602,True,n02002556,4,0.9,[],2,"early_exit_aggregate_pass_after_first_batch=['resnet18', 'mobilenet_v3_small']",2.6,greedy,0.84,adaptive,white_stork,white_stork,,,,,0.42729464173316956,0.7868666648864746,-1.0,-1.0,-1.0,-1.0,1.1114604437950684,1.1416986459920064,-1.0,-1.0,-1.0,-1.0
REQ-00057,2000,50,123.42407488822937,3.3936071395874023,"['resnet18', 'mobilenet_v3_small']","['resnet18', 'mobilenet_v3_small']",crayfish,1.0,weighted_majority,94912.05887496471,True,n01985128,4,0.9,[],2,"early_exit_aggregate_pass_after_first_batch=['resnet18', 'mobilenet_v3_small']",2.8,greedy,0.8200000000000001,adaptive,crayfish,crayfish,,,,,0.9072242975234985,0.7209451198577881,-1.0,-1.0,-1.0,-1.0,1.127009042053664,1.1520643781644035,-1.0,-1.0,-1.0,-1.0
REQ-00060,2000,50,128.10902976989746,3.5007991790771484,"['resnet18', 'mobilenet_v3_small']",['resnet18'],drake,0.9999815225601196,single_model,98724.51104177162,True,n01847000,4,0.9,[],2,early_exit_first_finished_pass=resnet18,3.0,greedy,0.8,adaptive,,drake,,,,,-1.0,0.9999815225601196,-1.0,-1.0,-1.0,-1.0,1.225483497691437,1.2505388338021766,-1.0,-1.0,-1.0,-1.0
REQ-00059,2000,50,130.65489387512207,3.4325239658355713,"['resnet18', 'mobilenet_v3_small']","['resnet18', 'mobilenet_v3_small']",leatherback_turtle,1.0,weighted_majority,101492.84741701558,True,n01665541,4,0.9,[],2,"early_exit_aggregate_pass_after_first_batch=['resnet18', 'mobilenet_v3_small']",2.8,greedy,0.8200000000000001,adaptive,leatherback_turtle,leatherback_turtle,,,,,0.8405666351318359,0.7916292548179626,-1.0,-1.0,-1.0,-1.0,1.1995691672604443,1.2298073694573821,-1.0,-1.0,-1.0,-1.0
REQ-00061,2000,50,133.34552097320557,3.51107120513916,"['resnet18', 'mobilenet_v3_small']","['resnet18', 'mobilenet_v3_small']",diamondback,1.0,weighted_majority,103656.74691693857,True,n01753488,4,0.9,[],2,"early_exit_aggregate_pass_after_first_batch=['resnet18', 'mobilenet_v3_small']",3.0,greedy,0.8,adaptive,diamondback,diamondback,,,,,0.6006867289543152,0.44913530349731445,-1.0,-1.0,-1.0,-1.0,1.2565806942086288,1.2868188964055667,-1.0,-1.0,-1.0,-1.0
REQ-00064,2000,50,137.02845215797424,3.5665700435638428,"['resnet18', 'mobilenet_v3_small']",['resnet18'],goldfinch,0.9893769025802612,single_model,106315.85933291353,True,n01531178,4,0.9,[],2,early_exit_first_finished_pass=resnet18,3.2,greedy,0.78,adaptive,,goldfinch,,,,,-1.0,0.9893769025802612,-1.0,-1.0,-1.0,-1.0,1.303226488984416,1.3282818250951556,-1.0,-1.0,-1.0,-1.0
REQ-00062,2000,50,137.53562712669373,3.5175111293792725,"['resnet18', 'mobilenet_v3_small']","['resnet18', 'mobilenet_v3_small']",hen,0.5046010822306898,weighted_majority,107472.70837496035,True,n01514859,4,0.9,[],2,ran_all,3.2,greedy,0.78,adaptive,cock,hen,,,,,0.6857566237449646,0.6984947323799133,-1.0,-1.0,-1.0,-1.0,1.2824950246396216,1.3127332268365597,-1.0,-1.0,-1.0,-1.0
REQ-00063,2000,50,139.4683392047882,3.553713083267212,"['resnet18', 'mobilenet_v3_small']","['resnet18', 'mobilenet_v3_small']",red-backed_sandpiper,1.0,weighted_majority,109064.38816688024,True,n02027492,4,0.9,[],2,"early_exit_aggregate_pass_after_first_batch=['resnet18', 'mobilenet_v3_small']",3.2,greedy,0.78,adaptive,red-backed_sandpiper,red-backed_sandpiper,,,,,0.7925853729248047,0.7034347057342529,-1.0,-1.0,-1.0,-1.0,1.303226488984416,1.3282818250951556,-1.0,-1.0,-1.0,-1.0
REQ-00066,2000,50,142.32560515403748,3.741608142852783,"['resnet18', 'mobilenet_v3_small']",['resnet18'],wolf_spider,0.9147151112556458,single_model,111155.78537504189,True,n01775062,4,0.9,[],2,early_exit_first_finished_pass=resnet18,3.2,greedy,0.78,adaptive,,wolf_spider,,,,,-1.0,0.9147151112556458,-1.0,-1.0,-1.0,-1.0,1.303226488984416,1.3282818250951556,-1.0,-1.0,-1.0,-1.0
REQ-00069,2000,50,148.1750361919403,3.837597131729126,"['resnet18', 'mobilenet_v3_small']",['resnet18'],tarantula,0.9986845850944519,single_model,116150.51749977283,True,n01774750,4,0.9,[],2,early_exit_first_finished_pass=resnet18,3.2,greedy,0.78,adaptive,,tarantula,,,,,-1.0,0.9986845850944519,-1.0,-1.0,-1.0,-1.0,1.303226488984416,1.3282818250951556,-1.0,-1.0,-1.0,-1.0
REQ-00068,2000,50,148.27881717681885,3.8256359100341797,"['resnet18', 'mobilenet_v3_small']",['resnet18'],wallaby,0.9994716048240662,single_model,116552.38354206085,True,n01877812,4,0.9,[],2,early_exit_first_finished_pass=resnet18,3.2,greedy,0.78,adaptive,,wallaby,,,,,-1.0,0.9994716048240662,-1.0,-1.0,-1.0,-1.0,1.303226488984416,1.3282818250951556,-1.0,-1.0,-1.0,-1.0
REQ-00067,2000,50,149.06060981750488,3.774807929992676,"['resnet18', 'mobilenet_v3_small']","['resnet18', 'mobilenet_v3_small']",tiger_shark,1.0,weighted_majority,117626.13304215483,True,n01491361,4,0.9,[],2,"early_exit_aggregate_pass_after_first_batch=['resnet18', 'mobilenet_v3_small']",3.2,greedy,0.78,adaptive,tiger_shark,tiger_shark,,,,,0.6743620038032532,0.6754692196846008,-1.0,-1.0,-1.0,-1.0,1.303226488984416,1.3282818250951556,-1.0,-1.0,-1.0,-1.0
REQ-00074,2000,50,150.51973509788513,3.951313018798828,"['resnet18', 'mobilenet_v3_small']",['mobilenet_v3_small'],bald_eagle,0.9633231163024902,single_model,117220.45337501913,True,n01614925,4,0.9,[],2,early_exit_first_finished_pass=mobilenet_v3_small,3.0,greedy,0.8,adaptive,bald_eagle,,,,,,0.9633231163024902,-1.0,-1.0,-1.0,-1.0,-1.0,1.303226488984416,1.3282818250951556,-1.0,-1.0,-1.0,-1.0
REQ-00070,2000,50,151.28879809379578,3.8572299480438232,"['resnet18', 'mobilenet_v3_small']",['resnet18'],sea_snake,0.9998140931129456,single_model,118854.37154211104,True,n01751748,4,0.9,[],2,early_exit_first_finished_pass=resnet18,3.2,greedy,0.78,adaptive,,sea_snake,,,,,-1.0,0.9998140931129456,-1.0,-1.0,-1.0,-1.0,1.303226488984416,1.3282818250951556,-1.0,-1.0,-1.0,-1.0
REQ-00075,2000,50,152.76324486732483,3.961452007293701,"['resnet34', 'resnet18', 'mobilenet_v3_small']",['resnet18'],sea_anemone,0.9692355990409851,single_model,119148.75304186717,True,n01914609,4,0.9,[],2,early_exit_first_finished_pass=resnet18,3.2,greedy,0.78,adaptive,,sea_anemone,,,,,-1.0,0.9692355990409851,-1.0,-1.0,-1.0,-1.0,0.3109719651719162,0.3360273012826557,1.6429204864868958,-1.0,-1.0,-1.0
REQ-00071,2000,50,155.74568104743958,3.8643009662628174,"['resnet18', 'mobilenet_v3_small']","['mobilenet_v3_small', 'resnet18']",prairie_chicken,0.545782851062157,weighted_majority,122953.41420802288,True,n01806143,4,0.9,[],2,ran_all,3.0,greedy,0.8,adaptive,prairie_chicken,peacock,,,,,0.29231902956962585,0.24327681958675385,-1.0,-1.0,-1.0,-1.0,1.303226488984416,1.3282818250951556,-1.0,-1.0,-1.0,-1.0
REQ-00073,2000,50,157.75609803199768,3.9285778999328613,"['resnet18', 'mobilenet_v3_small']","['resnet18', 'mobilenet_v3_small']",kite,1.0,weighted_majority,124726.07187507674,True,n02058221,4,0.9,[],2,"early_exit_aggregate_pass_after_first_batch=['resnet18', 'mobilenet_v3_small']",3.0,greedy,0.8,adaptive,kite,kite,,,,,0.9175143241882324,0.750116765499115,-1.0,-1.0,-1.0,-1.0,1.303226488984416,1.3282818250951556,-1.0,-1.0,-1.0,-1.0
REQ-00076,2000,50,162.7612280845642,4.03016996383667,"['resnet34', 'resnet18', 'mobilenet_v3_small']",['resnet18'],stingray,0.9126930832862854,single_model,128875.81183412112,True,n01498041,4,0.9,[],2,early_exit_first_finished_pass=resnet18,3.0,greedy,0.8,adaptive,,stingray,,,,,-1.0,0.9126930832862854,-1.0,-1.0,-1.0,-1.0,0.3109719651719162,0.3360273012826557,1.6429204864868958,-1.0,-1.0,-1.0
REQ-00079,2000,50,172.04153990745544,4.098326921463013,"['resnet34', 'resnet18', 'mobilenet_v3_small']",['resnet18'],great_white_shark,0.9928858876228333,single_model,137358.29845815897,True,n01484850,4,0.9,[],2,early_exit_first_finished_pass=resnet18,3.2,greedy,0.78,adaptive,,great_white_shark,,,,,-1.0,0.9928858876228333,-1.0,-1.0,-1.0,-1.0,0.3109719651719162,0.3360273012826557,1.6429204864868958,-1.0,-1.0,-1.0
REQ-00077,2000,50,174.7750859260559,4.05992579460144,"['resnet34', 'resnet18', 'mobilenet_v3_small']","['resnet18', 'resnet34']",great_white_shark,1.0,weighted_majority,140588.90812494792,True,n01484850,4,0.9,[],2,"early_exit_aggregate_pass_after_first_batch=['resnet18', 'resnet34']",3.0,greedy,0.8,adaptive,,great_white_shark,great_white_shark,,,,-1.0,0.8359183669090271,0.8729420304298401,-1.0,-1.0,-1.0,0.3109719651719162,0.3360273012826557,1.6429204864868958,-1.0,-1.0,-1.0
REQ-00080,2000,50,176.12071704864502,4.150943040847778,"['resnet34', 'resnet18', 'mobilenet_v3_small']",['resnet18'],wombat,0.9999217987060547,single_model,141236.17895902134,True,n01883070,4,0.9,[],2,early_exit_first_finished_pass=resnet18,3.2,greedy,0.78,adaptive,,wombat,,,,,-1.0,0.9999217987060547,-1.0,-1.0,-1.0,-1.0,0.3109719651719162,0.3360273012826557,1.6429204864868958,-1.0,-1.0,-1.0
REQ-00078,2000,50,179.78602004051208,4.069322824478149,"['resnet34', 'resnet18', 'mobilenet_v3_small']","['resnet18', 'resnet34']",scuba_diver,0.6577446757687719,weighted_majority,145301.0682919994,True,n02077923,4,0.9,[],2,deadline_stop_before_mobilenet_v3_small,3.2,greedy,0.78,adaptive,,scuba_diver,snorkel,,,,-1.0,0.7357812523841858,0.3828614056110382,-1.0,-1.0,-1.0,0.3109719651719162,0.3360273012826557,1.6429204864868958,-1.0,-1.0,-1.0
REQ-00083,2000,50,181.25980401039124,4.34772801399231,"['resnet34', 'resnet18', 'mobilenet_v3_small']","['resnet34', 'resnet18']",great_white_shark,1.0,weighted_majority,145863.78245800734,True,n01484850,4,0.9,[],2,"early_exit_aggregate_pass_after_first_batch=['resnet34', 'resnet18']",3.4,greedy,0.76,adaptive,,great_white_shark,great_white_shark,,,,-1.0,0.8436248302459717,0.8179947137832642,-1.0,-1.0,-1.0,0.3109719651719162,0.3360273012826557,1.6429204864868958,-1.0,-1.0,-1.0
REQ-00082,2000,50,182.4078631401062,4.314129114151001,"['resnet34', 'resnet18', 'mobilenet_v3_small']","['resnet34', 'resnet18']",mud_turtle,0.5991925385922731,weighted_majority,147220.18900001422,True,n01667114,4,0.9,[],2,deadline_stop_before_mobilenet_v3_small,3.4,greedy,0.76,adaptive,,terrapin,mud_turtle,,,,-1.0,0.4109954535961151,0.6144232153892517,-1.0,-1.0,-1.0,0.3109719651719162,0.3360273012826557,1.6429204864868958,-1.0,-1.0,-1.0
REQ-00085,2000,50,186.04968404769897,4.561250925064087,"['resnet34', 'resnet18', 'mobilenet_v3_small']",['resnet34'],oystercatcher,0.9942408800125122,single_model,150281.0011249967,True,n02037110,4,0.9,[],2,early_exit_first_finished_pass=resnet34,3.4,greedy,0.76,adaptive,,,oystercatcher,,,,-1.0,-1.0,0.9942408800125122,-1.0,-1.0,-1.0,0.3109719651719162,0.3360273012826557,1.6429204864868958,-1.0,-1.0,-1.0
REQ-00081,2000,50,186.9583511352539,4.2666919231414795,"['resnet34', 'resnet18', 'mobilenet_v3_small']",['resnet34'],toucan,0.9993811845779419,single_model,151912.99570794217,True,n01843383,4,0.9,[],2,early_exit_first_finished_pass=resnet34,3.2,greedy,0.78,adaptive,,,toucan,,,,-1.0,-1.0,0.9993811845779419,-1.0,-1.0,-1.0,0.3109719651719162,0.3360273012826557,1.6429204864868958,-1.0,-1.0,-1.0
REQ-00084,2000,50,188.41292214393616,4.454113006591797,"['resnet34', 'resnet18', 'mobilenet_v3_small']",['resnet18'],limpkin,0.9931852221488953,single_model,152838.35624996573,True,n02013706,4,0.9,[],2,early_exit_first_finished_pass=resnet18,3.4,greedy,0.76,adaptive,,limpkin,,,,,-1.0,0.9931852221488953,-1.0,-1.0,-1.0,-1.0,0.3109719651719162,0.3360273012826557,1.6429204864868958,-1.0,-1.0,-1.0
REQ-00087,2000,50,189.06047010421753,4.7282280921936035,"['resnet34', 'resnet18', 'mobilenet_v3_small']",['resnet34'],tiger_shark,0.9619470238685608,single_model,153025.38650017232,True,n01491361,4,0.9,[],2,early_exit_first_finished_pass=resnet34,3.6,greedy,0.74,adaptive,,,tiger_shark,,,,-1.0,-1.0,0.9619470238685608,-1.0,-1.0,-1.0,0.3109719651719162,0.3360273012826557,1.6429204864868958,-1.0,-1.0,-1.0
REQ-00086,2000,50,193.17704892158508,4.609929084777832,"['resnet34', 'resnet18', 'mobilenet_v3_small']","['resnet34', 'resnet18']",common_newt,1.0,weighted_majority,157226.92320798524,True,n01630670,4,0.9,[],2,"early_exit_aggregate_pass_after_first_batch=['resnet34', 'resnet18']",3.4,greedy,0.76,adaptive,,common_newt,common_newt,,,,-1.0,0.9551357626914978,0.7010793685913086,-1.0,-1.0,-1.0,0.3109719651719162,0.3360273012826557,1.6429204864868958,-1.0,-1.0,-1.0
REQ-00088,2000,50,196.00031685829163,4.804423093795776,"['resnet34', 'resnet18', 'mobilenet_v3_small']",['resnet34'],hummingbird,0.9993834495544434,single_model,159763.3611659985,True,n01833805,4,0.9,[],2,early_exit_first_finished_pass=resnet34,3.6,greedy,0.74,adaptive,,,hummingbird,,,,-1.0,-1.0,0.9993834495544434,-1.0,-1.0,-1.0,0.3109719651719162,0.3360273012826557,1.6429204864868958,-1.0,-1.0,-1.0
REQ-00089,2000,50,200.73977613449097,4.873018980026245,"['resnet34', 'resnet18']","['resnet18', 'resnet34']",corn,1.0,weighted_majority,164106.9264591206,True,n01753488,4,0.9,[],2,"early_exit_aggregate_pass_after_first_batch=['resnet18', 'resnet34']",3.6,greedy,0.74,adaptive,,corn,corn,,,,-1.0,0.3547806441783905,0.34758105874061584,-1.0,-1.0,-1.0,-1.0,0.330844435196457,1.637737620400697,-1.0,-1.0,-1.0
REQ-00090,2000,50,201.87401700019836,4.9229631423950195,"['resnet34', 'resnet18']",['resnet34'],leatherback_turtle,0.9889657497406006,single_model,165044.01862504892,True,n01665541,4,0.9,[],2,early_exit_first_finished_pass=resnet34,3.6,greedy,0.74,adaptive,,,leatherback_turtle,,,,-1.0,-1.0,0.9889657497406006,-1.0,-1.0,-1.0,-1.0,0.330844435196457,1.637737620400697,-1.0,-1.0,-1.0
REQ-00091,2000,50,203.66270208358765,4.979771137237549,"['resnet34', 'resnet18']",['resnet18'],white_stork,0.9849686026573181,single_model,166579.42037517205,True,n02002556,4,0.9,[],2,early_exit_first_finished_pass=resnet18,3.6,greedy,0.74,adaptive,,white_stork,,,,,-1.0,0.9849686026573181,-1.0,-1.0,-1.0,-1.0,-1.0,0.330844435196457,1.637737620400697,-1.0,-1.0,-1.0
REQ-00092,2000,50,207.66493201255798,5.066137075424194,"['resnet34', 'resnet18']",['resnet18'],diamondback,0.9532496929168701,single_model,170429.29604183882,True,n01755581,4,0.9,[],2,early_exit_first_finished_pass=resnet18,3.6,greedy,0.74,adaptive,,diamondback,,,,,-1.0,0.9532496929168701,-1.0,-1.0,-1.0,-1.0,-1.0,0.330844435196457,1.637737620400697,-1.0,-1.0,-1.0
REQ-00095,2000,50,210.45929789543152,5.120589971542358,"['resnet34', 'resnet18']",['resnet34'],conch,0.9991939663887024,single_model,172694.71104093827,True,n01943899,4,0.9,[],2,early_exit_first_finished_pass=resnet34,3.8,greedy,0.72,adaptive,,,conch,,,,-1.0,-1.0,0.9991939663887024,-1.0,-1.0,-1.0,-1.0,0.330844435196457,1.637737620400697,-1.0,-1.0,-1.0
REQ-00094,2000,50,210.59350609779358,5.102763891220093,"['resnet34', 'resnet18']",['resnet18'],chickadee,0.9993101358413696,single_model,173106.06241691858,True,n01592084,4,0.9,[],2,early_exit_first_finished_pass=resnet18,3.6,greedy,0.74,adaptive,,chickadee,,,,,-1.0,0.9993101358413696,-1.0,-1.0,-1.0,-1.0,-1.0,0.330844435196457,1.637737620400697,-1.0,-1.0,-1.0
REQ-00097,2000,50,212.58659982681274,5.267277956008911,"['resnet34', 'resnet18']",['resnet34'],agama,0.9958972930908203,single_model,174436.2719580531,True,n01687978,4,0.9,[],2,early_exit_first_finished_pass=resnet34,3.8,greedy,0.72,adaptive,,,agama,,,,-1.0,-1.0,0.9958972930908203,-1.0,-1.0,-1.0,-1.0,0.330844435196457,1.637737620400697,-1.0,-1.0,-1.0
REQ-00096,2000,50,213.455384016037,5.1581950187683105,"['resnet34', 'resnet18']",['resnet34'],garter_snake,0.9938880801200867,single_model,175481.69508296996,True,n01735189,4,0.9,[],2,early_exit_first_finished_pass=resnet34,3.8,greedy,0.72,adaptive,,,garter_snake,,,,-1.0,-1.0,0.9938880801200867,-1.0,-1.0,-1.0,-1.0,0.330844435196457,1.637737620400697,-1.0,-1.0,-1.0
REQ-00099,2000,50,213.18316888809204,5.456607103347778,"['resnet34', 'resnet18']",['resnet18'],oystercatcher,0.99835604429245,single_model,174670.68183398806,True,n02037110,4,0.9,[],2,early_exit_first_finished_pass=resnet18,3.8,greedy,0.72,adaptive,,oystercatcher,,,,,-1.0,0.99835604429245,-1.0,-1.0,-1.0,-1.0,-1.0,0.330844435196457,1.637737620400697,-1.0,-1.0,-1.0
REQ-00098,2000,50,219.37680006027222,5.411690950393677,"['resnet34', 'resnet18']",['resnet18'],bald_eagle,0.992756187915802,single_model,181105.75158381835,True,n01614925,4,0.9,[],2,early_exit_first_finished_pass=resnet18,3.8,greedy,0.72,adaptive,,bald_eagle,,,,,-1.0,0.992756187915802,-1.0,-1.0,-1.0,-1.0,-1.0,0.330844435196457,1.637737620400697,-1.0,-1.0,-1.0
REQ-00100,2000,50,224.55196690559387,5.640638113021851,"['resnet34', 'resnet18']",['resnet18'],cock,0.9006207585334778,single_model,185815.5252910219,True,n01514668,4,0.9,[],2,early_exit_first_finished_pass=resnet18,3.6,greedy,0.74,adaptive,,cock,,,,,-1.0,0.9006207585334778,-1.0,-1.0,-1.0,-1.0,-1.0,0.330844435196457,1.637737620400697,-1.0,-1.0,-1.0
REQ-00101,2000,50,224.5546019077301,5.707996129989624,"['resnet34', 'resnet18']",['resnet18'],hummingbird,0.9999347925186157,single_model,185614.66516600922,True,n01833805,4,0.9,[],2,early_exit_first_finished_pass=resnet18,3.6,greedy,0.74,adaptive,,hummingbird,,,,,-1.0,0.9999347925186157,-1.0,-1.0,-1.0,-1.0,-1.0,0.330844435196457,1.637737620400697,-1.0,-1.0,-1.0
REQ-00102,2000,50,226.32198905944824,6.073219060897827,"['resnet34', 'resnet18']",['resnet18'],boa_constrictor,0.9913290739059448,single_model,187529.52604182065,True,n01742172,4,0.9,[],2,early_exit_first_finished_pass=resnet18,3.6,greedy,0.74,adaptive,,boa_constrictor,,,,,-1.0,0.9913290739059448,-1.0,-1.0,-1.0,-1.0,-1.0,0.330844435196457,1.637737620400697,-1.0,-1.0,-1.0
REQ-00105,2000,50,231.56331086158752,6.1571290493011475,"['resnet34', 'resnet18']",['resnet34'],crayfish,0.9256592988967896,single_model,192111.51591711678,True,n01985128,4,0.9,[],2,early_exit_first_finished_pass=resnet34,3.6,greedy,0.74,adaptive,,,crayfish,,,,-1.0,-1.0,0.9256592988967896,-1.0,-1.0,-1.0,-1.0,0.330844435196457,1.637737620400697,-1.0,-1.0,-1.0
REQ-00104,2000,50,231.7033610343933,6.1501359939575195,"['resnet34', 'resnet18']",['resnet18'],banded_gecko,0.9717804193496704,single_model,192479.44408399053,True,n01675722,4,0.9,[],2,early_exit_first_finished_pass=resnet18,3.6,greedy,0.74,adaptive,,banded_gecko,,,,,-1.0,0.9717804193496704,-1.0,-1.0,-1.0,-1.0,-1.0,0.330844435196457,1.637737620400697,-1.0,-1.0,-1.0
REQ-00106,2000,50,236.81982374191284,6.238197088241577,"['resnet34', 'resnet18']",['resnet34'],rock_crab,0.9809117317199707,single_model,197206.8737919908,True,n01978455,4,0.9,[],2,early_exit_first_finished_pass=resnet34,3.6,greedy,0.74,adaptive,,,rock_crab,,,,-1.0,-1.0,0.9809117317199707,-1.0,-1.0,-1.0,-1.0,0.330844435196457,1.637737620400697,-1.0,-1.0,-1.0
REQ-00103,2000,50,237.13015913963318,6.14014196395874,"['resnet34', 'resnet18']","['resnet18', 'resnet34']",garter_snake,1.0,weighted_majority,198160.78058304265,True,n01735189,4,0.9,[],2,"early_exit_aggregate_pass_after_first_batch=['resnet18', 'resnet34']",3.6,greedy,0.74,adaptive,,garter_snake,garter_snake,,,,-1.0,0.8971964120864868,0.9804136157035828,-1.0,-1.0,-1.0,-1.0,0.330844435196457,1.637737620400697,-1.0,-1.0,-1.0
REQ-00108,2000,50,237.8014898300171,6.266952037811279,"['resnet34', 'resnet18']",['resnet34'],chambered_nautilus,0.9942051768302917,single_model,197710.77112480998,True,n01968897,4,0.9,[],2,early_exit_first_finished_pass=resnet34,3.8,greedy,0.72,adaptive,,,chambered_nautilus,,,,-1.0,-1.0,0.9942051768302917,-1.0,-1.0,-1.0,-1.0,0.32566156911025834,1.6325547543144985,-1.0,-1.0,-1.0
REQ-00107,2000,50,238.712219953537,6.256319999694824,"['resnet34', 'resnet18']",['resnet18'],diamondback,0.9165840148925781,single_model,198878.38475010358,True,n01755581,4,0.9,[],2,early_exit_first_finished_pass=resnet18,3.6,greedy,0.74,adaptive,,diamondback,,,,,-1.0,0.9165840148925781,-1.0,-1.0,-1.0,-1.0,-1.0,0.330844435196457,1.637737620400697,-1.0,-1.0,-1.0
REQ-00109,2000,50,244.77410006523132,6.274837970733643,"['resnet34', 'resnet18']",['resnet18'],sea_lion,0.9214417934417725,single_model,204358.69587492198,True,n02077923,4,0.9,[],2,early_exit_first_finished_pass=resnet18,3.8,greedy,0.72,adaptive,,sea_lion,,,,,-1.0,0.9214417934417725,-1.0,-1.0,-1.0,-1.0,-1.0,0.32566156911025834,1.6325547543144985,-1.0,-1.0,-1.0
REQ-00111,2000,50,246.58455085754395,6.291807174682617,"['resnet34', 'resnet18']",['resnet18'],sea_slug,0.9968087077140808,single_model,205480.61225004494,True,n01950731,4,0.9,[],2,early_exit_first_finished_pass=resnet18,3.6,greedy,0.74,adaptive,,sea_slug,,,,,-1.0,0.9968087077140808,-1.0,-1.0,-1.0,-1.0,-1.0,0.32566156911025834,1.6325547543144985,-1.0,-1.0,-1.0
REQ-00110,2000,50,250.8944809436798,6.280060052871704,"['resnet34', 'resnet18']","['resnet18', 'resnet34']",wallaby,1.0,weighted_majority,210134.7631670069,True,n01877812,4,0.9,[],2,"early_exit_aggregate_pass_after_first_batch=['resnet18', 'resnet34']",3.8,greedy,0.72,adaptive,,wallaby,wallaby,,,,-1.0,0.8011537790298462,0.998505711555481,-1.0,-1.0,-1.0,-1.0,0.32566156911025834,1.6325547543144985,-1.0,-1.0,-1.0
REQ-00112,2000,50,252.78466701507568,6.297703981399536,"['resnet34', 'resnet18']","['resnet18', 'resnet34']",wombat,0.51066725319683,weighted_majority,211401.3935830444,True,n01883070,4,0.9,[],2,ran_all,3.6,greedy,0.74,adaptive,,tusker,wombat,,,,-1.0,0.5796865820884705,0.6049604415893555,-1.0,-1.0,-1.0,-1.0,0.32566156911025834,1.6325547543144985,-1.0,-1.0,-1.0
REQ-00117,2000,50,255.0391960144043,6.575165033340454,"['resnet34', 'resnet18']",['resnet34'],drake,0.9996901750564575,single_model,212495.33741595224,True,n01847000,4,0.9,[],2,early_exit_first_finished_pass=resnet34,3.4,greedy,0.76,adaptive,,,drake,,,,-1.0,-1.0,0.9996901750564575,-1.0,-1.0,-1.0,-1.0,0.32566156911025834,1.6325547543144985,-1.0,-1.0,-1.0
REQ-00116,2000,50,258.3432939052582,6.461611986160278,"['resnet34', 'resnet18']",['resnet18'],dungeness_crab,0.995288610458374,single_model,215940.08733308874,True,n01978287,4,0.9,[],2,early_exit_first_finished_pass=resnet18,3.4,greedy,0.76,adaptive,,dungeness_crab,,,,,-1.0,0.995288610458374,-1.0,-1.0,-1.0,-1.0,-1.0,0.32566156911025834,1.6325547543144985,-1.0,-1.0,-1.0
REQ-00114,2000,50,259.2311279773712,6.35774302482605,"['resnet34', 'resnet18']","['resnet18', 'resnet34']",terrapin,1.0,weighted_majority,217611.94945895113,True,n01667778,4,0.9,[],2,"early_exit_aggregate_pass_after_first_batch=['resnet18', 'resnet34']",3.6,greedy,0.74,adaptive,,terrapin,terrapin,,,,-1.0,0.7281221747398376,0.8678109645843506,-1.0,-1.0,-1.0,-1.0,0.32566156911025834,1.6325547543144985,-1.0,-1.0,-1.0
REQ-00119,2000,50,261.84402322769165,6.695071220397949,"['resnet34', 'resnet18']",['resnet34'],common_iguana,0.9987082481384277,single_model,218914.91504199803,True,n01677366,4,0.9,[],2,early_exit_first_finished_pass=resnet34,3.6,greedy,0.74,adaptive,,,common_iguana,,,,-1.0,-1.0,0.9987082481384277,-1.0,-1.0,-1.0,-1.0,0.32566156911025834,1.6325547543144985,-1.0,-1.0,-1.0
REQ-00118,2000,50,262.1411020755768,6.614619970321655,"['resnet34', 'resnet18']",['resnet34'],wombat,0.9944984316825867,single_model,219325.6790000014,True,n01883070,4,0.9,[],2,early_exit_first_finished_pass=resnet34,3.4,greedy,0.76,adaptive,,,wombat,,,,-1.0,-1.0,0.9944984316825867,-1.0,-1.0,-1.0,-1.0,0.32566156911025834,1.6325547543144985,-1.0,-1.0,-1.0
REQ-00115,2000,50,262.42329621315,6.388792991638184,"['resnet34', 'resnet18']","['resnet18', 'resnet34']",electric_ray,1.0,weighted_majority,220571.74091716297,True,n01496331,4,0.9,[],2,"early_exit_aggregate_pass_after_first_batch=['resnet18', 'resnet34']",3.6,greedy,0.74,adaptive,,electric_ray,electric_ray,,,,-1.0,0.2073563188314438,0.8827602863311768,-1.0,-1.0,-1.0,-1.0,0.32566156911025834,1.6325547543144985,-1.0,-1.0,-1.0
REQ-00121,2000,50,264.63895297050476,6.980647087097168,"['resnet34', 'resnet18']",['resnet34'],hornbill,0.9999566078186035,single_model,221457.53733301535,True,n01829413,4,0.9,[],2,early_exit_first_finished_pass=resnet34,3.4,greedy,0.76,adaptive,,,hornbill,,,,-1.0,-1.0,0.9999566078186035,-1.0,-1.0,-1.0,-1.0,0.3204787030240597,1.6273718882282997,-1.0,-1.0,-1.0
REQ-00120,2000,50,265.75438380241394,6.882201910018921,"['resnet34', 'resnet18']",['resnet34'],harvestman,0.9113646745681763,single_model,222855.17966700718,True,n01770081,4,0.9,[],2,early_exit_first_finished_pass=resnet34,3.6,greedy,0.74,adaptive,,,harvestman,,,,-1.0,-1.0,0.9113646745681763,-1.0,-1.0,-1.0,-1.0,0.32566156911025834,1.6273718882282997,-1.0,-1.0,-1.0
REQ-00124,2000,50,273.5195028781891,7.093410015106201,"['resnet34', 'resnet18']",['resnet18'],tick,0.9750637412071228,single_model,229941.46220898256,True,n01776313,4,0.9,[],2,early_exit_first_finished_pass=resnet18,3.4,greedy,0.76,adaptive,,tick,,,,,-1.0,0.9750637412071228,-1.0,-1.0,-1.0,-1.0,-1.0,0.315295836937861,1.6221890221421011,-1.0,-1.0,-1.0
REQ-00125,2000,50,276.07569217681885,7.156638145446777,"['resnet34', 'resnet18']",['resnet18'],conch,0.9999784231185913,single_model,232363.7569581624,True,n01943899,4,0.9,[],2,early_exit_first_finished_pass=resnet18,3.4,greedy,0.76,adaptive,,conch,,,,,-1.0,0.9999784231185913,-1.0,-1.0,-1.0,-1.0,-1.0,0.315295836937861,1.6221890221421011,-1.0,-1.0,-1.0
REQ-00122,2000,50,277.78727412223816,7.047075986862183,"['resnet34', 'resnet18']","['resnet18', 'resnet34']",sea_cucumber,0.5711816021328899,weighted_majority,234427.91137495078,True,n01496331,4,0.9,[],2,ran_all,3.4,greedy,0.76,adaptive,,eel,sea_cucumber,,,,-1.0,0.37777864933013916,0.503197193145752,-1.0,-1.0,-1.0,-1.0,0.3204787030240597,1.6273718882282997,-1.0,-1.0,-1.0
REQ-00126,2000,50,278.48009300231934,7.1649980545043945,"['resnet34', 'resnet18']",['resnet18'],green_mamba,0.9773628115653992,single_model,234556.6604579799,True,n01749939,4,0.9,[],2,early_exit_first_finished_pass=resnet18,3.6,greedy,0.74,adaptive,,green_mamba,,,,,-1.0,0.9773628115653992,-1.0,-1.0,-1.0,-1.0,-1.0,0.315295836937861,1.6221890221421011,-1.0,-1.0,-1.0
REQ-00128,2000,50,283.34414529800415,7.227906942367554,"['resnet34', 'resnet18']",['resnet18'],sulphur-crested_cockatoo,0.9999849796295166,single_model,238960.36916598678,True,n01819313,4,0.9,[],2,early_exit_first_finished_pass=resnet18,3.6,greedy,0.74,adaptive,,sulphur-crested_cockatoo,,,,,-1.0,0.9999849796295166,-1.0,-1.0,-1.0,-1.0,-1.0,0.315295836937861,1.6170061560559026,-1.0,-1.0,-1.0
REQ-00130,2000,50,285.06445598602295,7.335691928863525,"['resnet34', 'resnet18']",['resnet18'],green_snake,0.9906815886497498,single_model,240370.6545829773,True,n01729977,4,0.9,[],2,early_exit_first_finished_pass=resnet18,3.8,greedy,0.72,adaptive,,green_snake,,,,,-1.0,0.9906815886497498,-1.0,-1.0,-1.0,-1.0,-1.0,0.3101129708516623,1.6170061560559026,-1.0,-1.0,-1.0
REQ-00129,2000,50,287.44370198249817,7.328274965286255,"['resnet34', 'resnet18']",['resnet18'],jellyfish,0.9975407123565674,single_model,242944.62774996646,True,n01910747,4,0.9,[],2,early_exit_first_finished_pass=resnet18,3.6,greedy,0.74,adaptive,,jellyfish,,,,,-1.0,0.9975407123565674,-1.0,-1.0,-1.0,-1.0,-1.0,0.3101129708516623,1.6170061560559026,-1.0,-1.0,-1.0
REQ-00127,2000,50,290.5792338848114,7.217468023300171,"['resnet34', 'resnet18']","['resnet18', 'resnet34']",american_chameleon,1.0,weighted_majority,246466.6807090398,True,n01693334,4,0.9,[],2,"early_exit_aggregate_pass_after_first_batch=['resnet18', 'resnet34']",3.6,greedy,0.74,adaptive,,american_chameleon,american_chameleon,,,,-1.0,0.6176308393478394,0.5682097673416138,-1.0,-1.0,-1.0,-1.0,0.315295836937861,1.6221890221421011,-1.0,-1.0,-1.0
REQ-00132,2000,50,292.6394350528717,7.547676086425781,"['resnet34', 'resnet18']",['resnet34'],peacock,0.9999819993972778,single_model,247664.89216615446,True,n01806143,4,0.9,[],2,early_exit_first_finished_pass=resnet34,3.8,greedy,0.72,adaptive,,,peacock,,,,-1.0,-1.0,0.9999819993972778,-1.0,-1.0,-1.0,-1.0,0.3101129708516623,1.6170061560559026,-1.0,-1.0,-1.0
REQ-00131,2000,50,296.47819685935974,7.494182109832764,"['resnet34', 'resnet18']","['resnet18', 'resnet34']",great_white_shark,1.0,weighted_majority,251724.91729212925,True,n01484850,4,0.9,[],2,"early_exit_aggregate_pass_after_first_batch=['resnet18', 'resnet34']",3.8,greedy,0.72,adaptive,,great_white_shark,great_white_shark,,,,-1.0,0.5123701095581055,0.8752780556678772,-1.0,-1.0,-1.0,-1.0,0.3101129708516623,1.6170061560559026,-1.0,-1.0,-1.0
REQ-00133,2000,50,299.0413839817047,7.56885290145874,"['resnet34', 'resnet18']",['resnet18'],spotted_salamander,0.9753279089927673,single_model,253833.26283399947,True,n01632458,4,0.9,[],2,early_exit_first_finished_pass=resnet18,3.8,greedy,0.72,adaptive,,spotted_salamander,,,,,-1.0,0.9753279089927673,-1.0,-1.0,-1.0,-1.0,-1.0,0.3101129708516623,1.6170061560559026,-1.0,-1.0,-1.0
REQ-00137,2000,50,300.92644810676575,7.772856950759888,"['resnet34', 'resnet18']",['resnet18'],sea_snake,0.9957347512245178,single_model,255281.49899980053,True,n01751748,4,0.9,[],2,early_exit_first_finished_pass=resnet18,4.0,greedy,0.7,adaptive,,sea_snake,,,,,-1.0,0.9957347512245178,-1.0,-1.0,-1.0,-1.0,-1.0,0.3101129708516623,1.6170061560559026,-1.0,-1.0,-1.0
REQ-00136,2000,50,301.2248659133911,7.6935670375823975,"['resnet34', 'resnet18']",['resnet18'],flatworm,0.9382613301277161,single_model,255742.17941705137,True,n01924916,4,0.9,[],2,early_exit_first_finished_pass=resnet18,4.0,greedy,0.7,adaptive,,flatworm,,,,,-1.0,0.9382613301277161,-1.0,-1.0,-1.0,-1.0,-1.0,0.3101129708516623,1.6170061560559026,-1.0,-1.0,-1.0
REQ-00134,2000,50,303.5292422771454,7.60844087600708,"['resnet34', 'resnet18']","['resnet18', 'resnet34']",terrapin,1.0,weighted_majority,258172.64174995944,True,n01667778,4,0.9,[],2,"early_exit_aggregate_pass_after_first_batch=['resnet18', 'resnet34']",4.0,greedy,0.7,adaptive,,terrapin,terrapin,,,,-1.0,0.3919895589351654,0.7175253033638,-1.0,-1.0,-1.0,-1.0,0.3101129708516623,1.6170061560559026,-1.0,-1.0,-1.0
REQ-00140,2000,50,308.31382513046265,8.25052785873413,"['resnet34', 'resnet18']",['resnet18'],chambered_nautilus,0.9999940395355225,single_model,262498.84000001475,True,n01968897,4,0.9,[],2,early_exit_first_finished_pass=resnet18,4.4,greedy,0.6599999999999999,adaptive,,chambered_nautilus,,,,,-1.0,0.9999940395355225,-1.0,-1.0,-1.0,-1.0,-1.0,0.3101129708516623,1.6170061560559026,-1.0,-1.0,-1.0
REQ-00139,2000,50,310.54061675071716,8.173044204711914,"['resnet34', 'resnet18']","['resnet18', 'resnet34']",diamondback,1.0,weighted_majority,264858.32262504846,True,n01755581,4,0.9,[],2,"early_exit_aggregate_pass_after_first_batch=['resnet18', 'resnet34']",4.4,greedy,0.6599999999999999,adaptive,,diamondback,diamondback,,,,-1.0,0.7257189750671387,0.6450750231742859,-1.0,-1.0,-1.0,-1.0,0.3101129708516623,1.6170061560559026,-1.0,-1.0,-1.0
REQ-00138,2000,50,313.04080390930176,8.02344298362732,"['resnet34', 'resnet18']","['resnet18', 'resnet34']",wombat,1.0,weighted_majority,267414.4944171421,True,n01883070,4,0.9,[],2,"early_exit_aggregate_pass_after_first_batch=['resnet18', 'resnet34']",4.2,greedy,0.6799999999999999,adaptive,,wombat,wombat,,,,-1.0,0.7070209383964539,0.9540438652038574,-1.0,-1.0,-1.0,-1.0,0.3101129708516623,1.6170061560559026,-1.0,-1.0,-1.0
REQ-00142,2000,50,313.0033619403839,8.340928792953491,"['resnet34', 'resnet18']",['resnet18'],sea_snake,0.9705495238304138,single_model,266806.0288329143,True,n01751748,4,0.9,[],2,early_exit_first_finished_pass=resnet18,4.4,greedy,0.6599999999999999,adaptive,,sea_snake,,,,,-1.0,0.9705495238304138,-1.0,-1.0,-1.0,-1.0,-1.0,0.3101129708516623,1.6170061560559026,-1.0,-1.0,-1.0
REQ-00147,2000,50,313.87759470939636,8.522923946380615,"['resnet34', 'resnet18']",['resnet34'],black_widow,0.9992732405662537,single_model,266860.4441250209,True,n01774384,4,0.9,[],2,early_exit_first_finished_pass=resnet34,4.4,greedy,0.6599999999999999,adaptive,,,black_widow,,,,-1.0,-1.0,0.9992732405662537,-1.0,-1.0,-1.0,-1.0,0.3101129708516623,1.6170061560559026,-1.0,-1.0,-1.0
REQ-00141,2000,50,314.5901119709015,8.32184100151062,"['resnet34', 'resnet18']",['resnet18'],black_widow,0.9821785092353821,single_model,268589.72516609356,True,n01774384,4,0.9,[],2,early_exit_first_finished_pass=resnet18,4.4,greedy,0.6599999999999999,adaptive,,black_widow,,,,,-1.0,0.9821785092353821,-1.0,-1.0,-1.0,-1.0,-1.0,0.3101129708516623,1.6170061560559026,-1.0,-1.0,-1.0
REQ-00143,2000,50,316.57569122314453,8.38527798652649,"['resnet34', 'resnet18']","['resnet18', 'resnet34']",scorpion,1.0,weighted_majority,270062.5297089573,True,n01770393,4,0.9,[],2,"early_exit_aggregate_pass_after_first_batch=['resnet18', 'resnet34']",4.2,greedy,0.6799999999999999,adaptive,,scorpion,scorpion,,,,-1.0,0.6876027584075928,0.48075878620147705,-1.0,-1.0,-1.0,-1.0,0.3101129708516623,1.6170061560559026,-1.0,-1.0,-1.0
REQ-00150,2000,50,321.41309809684753,8.632319211959839,"['resnet34', 'resnet18']",['resnet18'],harvestman,0.9935708045959473,single_model,274007.52658303827,True,n01770081,4,0.9,[],2,early_exit_first_finished_pass=resnet18,4.4,greedy,0.6599999999999999,adaptive,,harvestman,,,,,-1.0,0.9935708045959473,-1.0,-1.0,-1.0,-1.0,-1.0,0.3101129708516623,1.6170061560559026,-1.0,-1.0,-1.0
REQ-00148,2000,50,323.8036799430847,8.5312340259552,"['resnet34', 'resnet18']",['resnet18'],hermit_crab,0.999933123588562,single_model,276583.58658407815,True,n01986214,4,0.9,[],2,early_exit_first_finished_pass=resnet18,4.4,greedy,0.6599999999999999,adaptive,,hermit_crab,,,,,-1.0,0.999933123588562,-1.0,-1.0,-1.0,-1.0,-1.0,0.3101129708516623,1.6170061560559026,-1.0,-1.0,-1.0
REQ-00152,2000,50,328.55505204200745,8.694604873657227,"['resnet34', 'resnet18']",['resnet18'],scorpion,0.9998736381530762,single_model,280781.484792009,True,n01770393,4,0.9,[],2,early_exit_first_finished_pass=resnet18,4.4,greedy,0.6599999999999999,adaptive,,scorpion,,,,,-1.0,0.9998736381530762,-1.0,-1.0,-1.0,-1.0,-1.0,0.2945643725930663,1.6014575577973065,-1.0,-1.0,-1.0
REQ-00155,2000,50,328.68231987953186,8.804834842681885,"['resnet34', 'resnet18']",['resnet34'],macaw,0.998488187789917,single_model,280253.5219581332,True,n01818515,4,0.9,[],2,early_exit_first_finished_pass=resnet34,4.2,greedy,0.6799999999999999,adaptive,,,macaw,,,,-1.0,-1.0,0.998488187789917,-1.0,-1.0,-1.0,-1.0,0.2945643725930663,1.6014575577973065,-1.0,-1.0,-1.0
REQ-00153,2000,50,330.1456470489502,8.738542079925537,"['resnet34', 'resnet18']","['resnet18', 'resnet34']",kite,1.0,weighted_majority,282131.69629196636,True,n01608432,4,0.9,[],2,"early_exit_aggregate_pass_after_first_batch=['resnet18', 'resnet34']",4.4,greedy,0.6599999999999999,adaptive,,kite,kite,,,,-1.0,0.8773751258850098,0.9946358799934387,-1.0,-1.0,-1.0,-1.0,0.2945643725930663,1.6014575577973065,-1.0,-1.0,-1.0
REQ-00151,2000,50,330.228392124176,8.670844078063965,"['resnet34', 'resnet18']",['resnet18'],loggerhead,0.950154185295105,single_model,282661.71487490647,True,n01664065,4,0.9,[],2,early_exit_first_finished_pass=resnet18,4.4,greedy,0.6599999999999999,adaptive,,loggerhead,,,,,-1.0,0.950154185295105,-1.0,-1.0,-1.0,-1.0,-1.0,0.3101129708516623,1.6170061560559026,-1.0,-1.0,-1.0
REQ-00145,2000,50,335.6213140487671,8.437124967575073,"['resnet34', 'resnet18']",['resnet18'],limpkin,0.9884782433509827,single_model,288763.63170892,True,n02013706,4,0.9,[],2,early_exit_first_finished_pass=resnet18,4.4,greedy,0.6599999999999999,adaptive,,limpkin,,,,,-1.0,0.9884782433509827,-1.0,-1.0,-1.0,-1.0,-1.0,0.3101129708516623,1.6170061560559026,-1.0,-1.0,-1.0
REQ-00144,2000,50,342.8544578552246,8.430948972702026,"['resnet34', 'resnet18']","['resnet18', 'resnet34']",white_stork,1.0,weighted_majority,296177.65304096974,True,n02002556,4,0.9,[],2,"early_exit_aggregate_pass_after_first_batch=['resnet18', 'resnet34']",4.4,greedy,0.6599999999999999,adaptive,,white_stork,white_stork,,,,-1.0,0.7294190526008606,0.8564395904541016,-1.0,-1.0,-1.0,-1.0,0.3101129708516623,1.6170061560559026,-1.0,-1.0,-1.0
REQ-00158,2000,50,345.0006160736084,8.941890001296997,"['resnet34', 'resnet18']",['resnet18'],redshank,0.999011754989624,single_model,295401.39824990183,True,n02028035,4,0.9,[],2,early_exit_first_finished_pass=resnet18,3.6,greedy,0.74,adaptive,,redshank,,,,,-1.0,0.999011754989624,-1.0,-1.0,-1.0,-1.0,-1.0,0.2945643725930663,1.6014575577973065,-1.0,-1.0,-1.0
REQ-00157,2000,50,348.0484800338745,8.922189950942993,"['resnet34', 'resnet18']","['resnet18', 'resnet34']",black_and_gold_garden_spider,1.0,weighted_majority,299110.77145813033,True,n01773797,4,0.9,[],2,"early_exit_aggregate_pass_after_first_batch=['resnet18', 'resnet34']",4.0,greedy,0.7,adaptive,,black_and_gold_garden_spider,black_and_gold_garden_spider,,,,-1.0,0.5087079405784607,0.58451247215271,-1.0,-1.0,-1.0,-1.0,0.2945643725930663,1.6014575577973065,-1.0,-1.0,-1.0
REQ-00159,2000,50,349.12720489501953,8.975293159484863,"['resnet34', 'resnet18']",['resnet18'],indigo_bunting,0.9999603033065796,single_model,299257.11054191925,True,n01537544,4,0.9,[],2,early_exit_first_finished_pass=resnet18,3.6,greedy,0.74,adaptive,,indigo_bunting,,,,,-1.0,0.9999603033065796,-1.0,-1.0,-1.0,-1.0,-1.0,0.2945643725930663,1.6014575577973065,-1.0,-1.0,-1.0
REQ-00156,2000,50,350.7589590549469,8.83345913887024,"['resnet34', 'resnet18']","['resnet18', 'resnet34']",spotted_salamander,1.0,weighted_majority,302092.7794999443,True,n01632458,4,0.9,[],2,"early_exit_aggregate_pass_after_first_batch=['resnet18', 'resnet34']",4.2,greedy,0.6799999999999999,adaptive,,spotted_salamander,spotted_salamander,,,,-1.0,0.5972681045532227,0.8546953797340393,-1.0,-1.0,-1.0,-1.0,0.2945643725930663,1.6014575577973065,-1.0,-1.0,-1.0
REQ-00160,2000,50,355.8081440925598,9.044917821884155,"['resnet34', 'resnet18']",['resnet18'],flatworm,0.9486587643623352,single_model,305827.8810419142,True,n01924916,4,0.9,[],2,early_exit_first_finished_pass=resnet18,3.6,greedy,0.74,adaptive,,flatworm,,,,,-1.0,0.9486587643623352,-1.0,-1.0,-1.0,-1.0,-1.0,0.2945643725930663,1.6014575577973065,-1.0,-1.0,-1.0
REQ-00162,2000,50,359.7502791881561,9.110805988311768,"['resnet34', 'resnet18']","['resnet18', 'resnet34']",black_and_gold_garden_spider,1.0,weighted_majority,309665.7482080627,True,n01773157,4,0.9,[],2,"early_exit_aggregate_pass_after_first_batch=['resnet18', 'resnet34']",3.6,greedy,0.74,adaptive,,black_and_gold_garden_spider,black_and_gold_garden_spider,,,,-1.0,0.5808640718460083,0.8962293267250061,-1.0,-1.0,-1.0,-1.0,0.2945643725930663,1.6014575577973065,-1.0,-1.0,-1.0
REQ-00164,2000,50,360.50144386291504,9.207775115966797,"['resnet34', 'resnet18']",['resnet18'],sulphur-crested_cockatoo,0.998389482498169,single_model,310169.9491669424,True,n01819313,4,0.9,[],2,early_exit_first_finished_pass=resnet18,3.6,greedy,0.74,adaptive,,sulphur-crested_cockatoo,,,,,-1.0,0.998389482498169,-1.0,-1.0,-1.0,-1.0,-1.0,0.2945643725930663,1.6014575577973065,-1.0,-1.0,-1.0
REQ-00163,2000,50,363.48165798187256,9.200291872024536,"['resnet34', 'resnet18']",['resnet34'],limpkin,0.9995858073234558,single_model,313330.83287486807,True,n02013706,4,0.9,[],2,early_exit_first_finished_pass=resnet34,3.6,greedy,0.74,adaptive,,,limpkin,,,,-1.0,-1.0,0.9995858073234558,-1.0,-1.0,-1.0,-1.0,0.2945643725930663,1.6014575577973065,-1.0,-1.0,-1.0
REQ-00166,2000,50,367.3867919445038,9.285408973693848,"['resnet34', 'resnet18']",['resnet18'],white_stork,0.9918311238288879,single_model,316814.20650007203,True,n02002556,4,0.9,[],2,early_exit_first_finished_pass=resnet18,4.0,greedy,0.7,adaptive,,white_stork,,,,,-1.0,0.9918311238288879,-1.0,-1.0,-1.0,-1.0,-1.0,0.2945643725930663,1.6014575577973065,-1.0,-1.0,-1.0
REQ-00165,2000,50,367.9565761089325,9.268795013427734,"['resnet34', 'resnet18']","['resnet18', 'resnet34']",spiny_lobster,1.0,weighted_majority,317507.8301250469,True,n01985128,4,0.9,[],2,"early_exit_aggregate_pass_after_first_batch=['resnet18', 'resnet34']",3.8,greedy,0.72,adaptive,,spiny_lobster,spiny_lobster,,,,-1.0,0.48757314682006836,0.8256245255470276,-1.0,-1.0,-1.0,-1.0,0.2945643725930663,1.6014575577973065,-1.0,-1.0,-1.0
REQ-00168,2000,50,371.5446240901947,9.306724071502686,"['resnet34', 'resnet18']",['resnet18'],lorikeet,0.9999600648880005,single_model,320583.6884160526,True,n01820546,4,0.9,[],2,early_exit_first_finished_pass=resnet18,4.0,greedy,0.7,adaptive,,lorikeet,,,,,-1.0,0.9999600648880005,-1.0,-1.0,-1.0,-1.0,-1.0,0.2893815065068676,1.5962746917111077,-1.0,-1.0,-1.0
REQ-00169,2000,50,374.5169289112091,9.348822832107544,"['resnet34', 'resnet18']",['resnet18'],great_grey_owl,0.9999336004257202,single_model,323394.43133282475,True,n01622779,4,0.9,[],2,early_exit_first_finished_pass=resnet18,4.0,greedy,0.7,adaptive,,great_grey_owl,,,,,-1.0,0.9999336004257202,-1.0,-1.0,-1.0,-1.0,-1.0,0.2893815065068676,1.5962746917111077,-1.0,-1.0,-1.0
REQ-00173,2000,50,376.1483430862427,9.538272857666016,"['resnet34', 'resnet18']",['resnet18'],toucan,0.9995988011360168,single_model,324632.94758298434,True,n01843383,4,0.9,[],2,early_exit_first_finished_pass=resnet18,4.2,greedy,0.6799999999999999,adaptive,,toucan,,,,,-1.0,0.9995988011360168,-1.0,-1.0,-1.0,-1.0,-1.0,0.284198640420669,1.5910918256249091,-1.0,-1.0,-1.0
REQ-00170,2000,50,378.6218571662903,9.42014193534851,"['resnet34', 'resnet18']",['resnet18'],sea_lion,0.9767027497291565,single_model,327425.50175008364,True,n02077923,4,0.9,[],2,early_exit_first_finished_pass=resnet18,4.0,greedy,0.7,adaptive,,sea_lion,,,,,-1.0,0.9767027497291565,-1.0,-1.0,-1.0,-1.0,-1.0,0.284198640420669,1.5910918256249091,-1.0,-1.0,-1.0
REQ-00177,2000,50,380.69856882095337,9.640982866287231,"['resnet34', 'resnet18']",['resnet18'],goldfish,0.9223616719245911,single_model,328939.01429185644,True,n01443537,4,0.9,[],2,early_exit_first_finished_pass=resnet18,4.4,greedy,0.6599999999999999,adaptive,,goldfish,,,,,-1.0,0.9223616719245911,-1.0,-1.0,-1.0,-1.0,-1.0,0.284198640420669,1.5910918256249091,-1.0,-1.0,-1.0
REQ-00172,2000,50,381.44642996788025,9.51303482055664,"['resnet34', 'resnet18']",['resnet18'],ptarmigan,0.9266151189804077,single_model,330058.7100421544,True,n01796340,4,0.9,[],2,early_exit_first_finished_pass=resnet18,4.2,greedy,0.6799999999999999,adaptive,,ptarmigan,,,,,-1.0,0.9266151189804077,-1.0,-1.0,-1.0,-1.0,-1.0,0.284198640420669,1.5910918256249091,-1.0,-1.0,-1.0
REQ-00171,2000,50,386.73712277412415,9.48163390159607,"['resnet34', 'resnet18']","['resnet18', 'resnet34']",agama,0.678103001732731,weighted_majority,335486.5734579507,True,n01687978,4,0.9,[],2,ran_all,4.2,greedy,0.6799999999999999,adaptive,,common_iguana,agama,,,,-1.0,0.4588823616504669,0.9666741490364075,-1.0,-1.0,-1.0,-1.0,0.284198640420669,1.5910918256249091,-1.0,-1.0,-1.0
REQ-00175,2000,50,388.99929308891296,9.593361139297485,"['resnet34', 'resnet18']","['resnet18', 'resnet34']",mud_turtle,1.0,weighted_majority,337381.19079195894,True,n01667778,4,0.9,[],2,"early_exit_aggregate_pass_after_first_batch=['resnet18', 'resnet34']",4.4,greedy,0.6599999999999999,adaptive,,mud_turtle,mud_turtle,,,,-1.0,0.4774428606033325,0.6801263689994812,-1.0,-1.0,-1.0,-1.0,0.284198640420669,1.5910918256249091,-1.0,-1.0,-1.0
REQ-00179,2000,50,392.2853088378906,9.798334121704102,"['resnet34', 'resnet18']",['resnet18'],mud_turtle,0.9691949486732483,single_model,340321.0992908571,True,n01667114,4,0.9,[],2,early_exit_first_finished_pass=resnet18,4.4,greedy,0.6599999999999999,adaptive,,mud_turtle,,,,,-1.0,0.9691949486732483,-1.0,-1.0,-1.0,-1.0,-1.0,0.2790157743344703,1.5859089595387104,-1.0,-1.0,-1.0
REQ-00072,2000,50,399.5887358188629,3.9169270992279053,['resnet18'],['resnet18'],flatworm,0.9409515261650085,single_model,341195.31987491064,True,n01924916,4,0.9,[],2,early_exit_first_pass=resnet18,4.6,greedy,0.64,adaptive,,flatworm,,,,,-1.0,0.9409515261650085,-1.0,-1.0,-1.0,-1.0,-1.0,1.642552619266147,-1.0,-1.0,-1.0,-1.0
REQ-00123,2000,50,398.3410768508911,7.080678939819336,['mobilenet_v3_small'],['mobilenet_v3_small'],diamondback,0.5818288922309875,single_model,342141.74654101953,True,n01755581,4,0.9,[],2,ran_all,4.8,greedy,0.62,adaptive,diamondback,,,,,,0.5818288922309875,-1.0,-1.0,-1.0,-1.0,-1.0,15.868804356522581,-1.0,-1.0,-1.0,-1.0,-1.0
REQ-00135,2000,50,397.8461630344391,7.624145984649658,['mobilenet_v3_small'],['mobilenet_v3_small'],butcher_shop,0.36513617634773254,single_model,341932.6979999896,True,n01978287,4,0.9,[],2,ran_all,5.0,greedy,0.6000000000000001,adaptive,butcher_shop,,,,,,0.36513617634773254,-1.0,-1.0,-1.0,-1.0,-1.0,17.919832973977037,-1.0,-1.0,-1.0,-1.0,-1.0
REQ-00149,2000,50,396.89620876312256,8.620517015457153,['mobilenet_v3_small'],['mobilenet_v3_small'],cock,0.8460556864738464,single_model,341418.3215829544,True,n01514668,4,0.9,[],2,ran_all,4.8,greedy,0.62,adaptive,cock,,,,,,0.8460556864738464,-1.0,-1.0,-1.0,-1.0,-1.0,20.91561787004242,-1.0,-1.0,-1.0,-1.0,-1.0
REQ-00154,2000,50,396.7989158630371,8.794278144836426,['mobilenet_v3_small'],['mobilenet_v3_small'],spiny_lobster,0.9998644590377808,single_model,341202.31566694565,True,n01984695,4,0.9,[],2,early_exit_first_pass=mobilenet_v3_small,4.6,greedy,0.64,adaptive,spiny_lobster,,,,,,0.9998644590377808,-1.0,-1.0,-1.0,-1.0,-1.0,21.293236841678137,-1.0,-1.0,-1.0,-1.0,-1.0
REQ-00161,2000,50,398.5015780925751,9.09349799156189,['mobilenet_v3_small'],['mobilenet_v3_small'],bustard,0.9998664855957031,single_model,342905.3647920955,True,n02018795,4,0.9,[],2,early_exit_first_pass=mobilenet_v3_small,4.6,greedy,0.64,adaptive,bustard,,,,,,0.9998664855957031,-1.0,-1.0,-1.0,-1.0,-1.0,21.641772570265477,-1.0,-1.0,-1.0,-1.0,-1.0
REQ-00065,2000,50,404.4996600151062,3.6306209564208984,"['resnet18', 'mobilenet_v3_small']","['resnet18', 'mobilenet_v3_small']",king_snake,1.0,weighted_majority,373534.5129999332,True,n01734418,4,0.9,[],2,"early_exit_aggregate_pass_after_first_batch=['resnet18', 'mobilenet_v3_small']",3.2,greedy,0.78,adaptive,king_snake,king_snake,,,,,0.7296350598335266,0.5123089551925659,-1.0,-1.0,-1.0,-1.0,1.303226488984416,1.3282818250951556,-1.0,-1.0,-1.0,-1.0
REQ-00180,2000,50,399.29994082450867,9.842658042907715,"['resnet34', 'resnet18']","['resnet18', 'resnet34']",green_mamba,1.0,weighted_majority,347184.18354098685,True,n01749939,4,0.9,[],2,"early_exit_aggregate_pass_after_first_batch=['resnet18', 'resnet34']",4.6,greedy,0.64,adaptive,,green_mamba,green_mamba,,,,-1.0,0.8451142907142639,0.9230527877807617,-1.0,-1.0,-1.0,-1.0,0.2790157743344703,1.5859089595387104,-1.0,-1.0,-1.0
REQ-00176,2000,50,400.04762601852417,9.603408098220825,['mobilenet_v3_small'],['mobilenet_v3_small'],sea_lion,0.8784328699111938,single_model,344508.6980420165,True,n02077923,4,0.9,[],2,ran_all,4.4,greedy,0.6599999999999999,adaptive,sea_lion,,,,,,0.8784328699111938,-1.0,-1.0,-1.0,-1.0,-1.0,22.142840928859073,-1.0,-1.0,-1.0,-1.0,-1.0
REQ-00113,2000,50,405.73742389678955,6.322489976882935,['mobilenet_v3_small'],['mobilenet_v3_small'],anemone_fish,0.5879449248313904,single_model,349143.10612506233,True,n01914609,4,0.9,[],2,ran_all,4.6,greedy,0.64,adaptive,anemone_fish,,,,,,0.5879449248313904,-1.0,-1.0,-1.0,-1.0,-1.0,13.812592872981927,-1.0,-1.0,-1.0,-1.0,-1.0
REQ-00167,2000,50,403.80716705322266,9.29849886894226,"['resnet34', 'resnet18']","['resnet18', 'resnet34']",flamingo,1.0,weighted_majority,353068.02379200235,True,n02007558,4,0.9,[],2,"early_exit_aggregate_pass_after_first_batch=['resnet18', 'resnet34']",4.0,greedy,0.7,adaptive,,flamingo,flamingo,,,,-1.0,0.3735520541667938,0.9722938537597656,-1.0,-1.0,-1.0,-1.0,0.2893815065068676,1.5962746917111077,-1.0,-1.0,-1.0
REQ-00181,2000,50,407.9357690811157,9.903550148010254,['mobilenet_v3_small'],['mobilenet_v3_small'],peacock,0.8709165453910828,single_model,352522.96574995853,True,n01806143,4,0.9,[],2,ran_all,4.4,greedy,0.6599999999999999,adaptive,peacock,,,,,,0.8709165453910828,-1.0,-1.0,-1.0,-1.0,-1.0,22.513189089732695,-1.0,-1.0,-1.0,-1.0,-1.0
REQ-00093,2000,50,416.87951612472534,5.089855194091797,['mobilenet_v3_small'],['mobilenet_v3_small'],snail,0.9983935952186584,single_model,359390.78595791943,True,n01944390,4,0.9,[],2,early_exit_first_pass=mobilenet_v3_small,4.6,greedy,0.64,adaptive,snail,,,,,,0.9983935952186584,-1.0,-1.0,-1.0,-1.0,-1.0,11.741839767917085,-1.0,-1.0,-1.0,-1.0,-1.0
REQ-00174,2000,50,413.2987060546875,9.559888124465942,['mobilenet_v3_small'],['mobilenet_v3_small'],dung_beetle,0.2697095274925232,single_model,357938.8296250254,True,n01775062,4,0.9,[],2,ran_all,4.4,greedy,0.6599999999999999,adaptive,dung_beetle,,,,,,0.2697095274925232,-1.0,-1.0,-1.0,-1.0,-1.0,21.89594215494332,-1.0,-1.0,-1.0,-1.0,-1.0
REQ-00178,2000,50,413.1870861053467,9.749492168426514,"['resnet34', 'resnet18']","['resnet18', 'resnet34']",spotted_salamander,0.5184241039623468,weighted_majority,361339.796083048,True,n01632458,4,0.9,[],2,ran_all,4.4,greedy,0.6599999999999999,adaptive,,common_newt,spotted_salamander,,,,-1.0,0.5442004799842834,0.5858404636383057,-1.0,-1.0,-1.0,-1.0,0.2790157743344703,1.5859089595387104,-1.0,-1.0,-1.0
REQ-00146,2000,50,415.427344083786,8.463346004486084,['mobilenet_v3_small'],['mobilenet_v3_small'],garden_spider,0.8542050719261169,single_model,360074.99800017104,True,n01773797,4,0.9,[],2,ran_all,4.8,greedy,0.62,adaptive,garden_spider,,,,,,0.8542050719261169,-1.0,-1.0,-1.0,-1.0,-1.0,18.61977842334811,-1.0,-1.0,-1.0,-1.0,-1.0






REQ-00004,2000,500,14.485125064849854,0.6938719749450684,"['resnet101', 'resnet34', 'resnet18', 'mobilenet_v3_small']",['resnet34'],cock,0.931228518486023,single_model,13726.690583862364,True,n01514668,4,0.9,[],2,early_exit_first_finished_pass=resnet34,1.0,greedy,1,adaptive,,,cock,,,,-1.0,-1.0,0.931228518486023,-1.0,-1.0,-1.0,0.06181236657945826,0.09760225826718955,0.16573096638116647,-1.0,0.6816341737453842,-1.0
REQ-00000,2000,500,16.9517080783844,2.86102294921875e-06,"['vit_b_16', 'resnet50', 'resnet101', 'resnet34']","['vit_b_16', 'resnet50']",drake,1.0,weighted_majority,16926.208541961387,True,n01847000,4,0.9,[],2,"early_exit_aggregate_pass_after_first_batch=['vit_b_16', 'resnet50']",0.2,greedy,1,adaptive,,,,drake,,drake,-1.0,-1.0,-1.0,0.9894324541091919,-1.0,0.8892807960510254,-1.0,-1.0,0.15298243050569213,0.19291786818224,0.62920077576497,0.28444443097433214
REQ-00001,2000,500,20.527363061904907,0.023949146270751953,"['vit_b_16', 'resnet50', 'resnet101', 'resnet34']",['resnet50'],boa_constrictor,0.9888567328453064,single_model,20162.58016694337,True,n01742172,4,0.9,[],2,early_exit_first_finished_pass=resnet50,0.4,greedy,1,adaptive,,,,boa_constrictor,,,-1.0,-1.0,-1.0,0.9888567328453064,-1.0,-1.0,-1.0,-1.0,0.15298243050569213,0.19291786818224,0.62920077576497,0.28444443097433214
REQ-00002,2000,500,32.58765506744385,0.3424649238586426,"['vit_b_16', 'resnet50', 'resnet101', 'resnet34']","['vit_b_16', 'resnet50']",sea_anemone,1.0,weighted_majority,32143.751458032057,True,n01914609,4,0.9,[],2,"early_exit_aggregate_pass_after_first_batch=['vit_b_16', 'resnet50']",0.6,greedy,1,adaptive,,,,sea_anemone,,sea_anemone,-1.0,-1.0,-1.0,0.9705995917320251,-1.0,0.8718421459197998,-1.0,-1.0,0.15298243050569213,0.19291786818224,0.62920077576497,0.28444443097433214
REQ-00005,2000,500,35.60283899307251,0.810528039932251,"['resnet101', 'resnet34', 'resnet18', 'mobilenet_v3_small']",['resnet34'],hermit_crab,0.9999902248382568,single_model,34629.30562486872,True,n01986214,4,0.9,[],2,early_exit_first_finished_pass=resnet34,1.2,greedy,0.98,adaptive,,,hermit_crab,,,,-1.0,-1.0,0.9999902248382568,-1.0,-1.0,-1.0,0.06181236657945826,0.09760225826718955,0.16573096638116647,-1.0,0.6816341737453842,-1.0
REQ-00008,2000,500,49.064419746398926,1.6818649768829346,"['resnet101', 'resnet34', 'resnet18', 'mobilenet_v3_small']",['resnet34'],bee_eater,0.9935346841812134,single_model,47726.765458937734,True,n01828970,4,0.9,[],2,deadline_stop_before_resnet18,1.8,greedy,0.92,adaptive,,,bee_eater,,,,-1.0,-1.0,0.9935346841812134,-1.0,-1.0,-1.0,0.4854949366427379,0.5212848283304692,0.5894135364444462,-1.0,1.105316743808664,-1.0
REQ-00003,2000,500,53.75649571418762,0.6389420032501221,"['resnet101', 'resnet34', 'resnet18', 'mobilenet_v3_small']","['resnet34', 'resnet101']",european_fire_salamander,0.6345554557512968,weighted_majority,53313.13804187812,True,n01630670,4,0.9,[],2,deadline_stop_before_resnet18,0.8,greedy,1,adaptive,,,common_newt,,european_fire_salamander,,-1.0,-1.0,0.4552919268608093,-1.0,0.7905658483505249,-1.0,0.06181236657945826,0.09760225826718955,0.16573096638116647,-1.0,0.6816341737453842,-1.0
REQ-00010,2000,500,61.60682511329651,2.857131004333496,"['resnet101', 'resnet34', 'resnet18', 'mobilenet_v3_small']",['resnet34'],thunder_snake,0.9863355159759521,single_model,60645.629124948755,True,n01728572,4,0.9,[],2,early_exit_first_finished_pass=resnet34,2.2,greedy,0.88,adaptive,,,thunder_snake,,,,-1.0,-1.0,0.9863355159759521,-1.0,-1.0,-1.0,0.4425030026957183,0.5918985900076803,0.6600272981216572,-1.0,1.175930505485875,-1.0
REQ-00011,2000,500,63.458264112472534,2.95455002784729,"['resnet101', 'resnet34', 'resnet18', 'mobilenet_v3_small']",['resnet34'],peacock,0.9914041757583618,single_model,62064.338207943365,True,n01806143,4,0.9,[],2,early_exit_first_finished_pass=resnet34,2.4,greedy,0.86,adaptive,,,peacock,,,,-1.0,-1.0,0.9914041757583618,-1.0,-1.0,-1.0,0.556108698319949,0.5918985900076803,0.6600272981216572,-1.0,1.175930505485875,-1.0
REQ-00006,2000,500,65.97700810432434,0.9475650787353516,"['resnet101', 'resnet34', 'resnet18', 'mobilenet_v3_small']","['resnet34', 'resnet101']",garden_spider,1.0,weighted_majority,64805.91291701421,True,n01773797,4,0.9,[],2,"early_exit_aggregate_pass_after_first_batch=['resnet34', 'resnet101']",1.4,greedy,0.96,adaptive,,,garden_spider,,garden_spider,,-1.0,-1.0,0.888426661491394,-1.0,0.9281290769577026,-1.0,0.06181236657945826,0.09760225826718955,0.16573096638116647,-1.0,0.6816341737453842,-1.0
REQ-00009,2000,500,88.10560703277588,2.0229709148406982,"['resnet101', 'resnet34', 'resnet18', 'mobilenet_v3_small']","['resnet34', 'resnet101']",black_grouse,1.0,weighted_majority,86735.29945802875,True,n01795545,4,0.9,[],2,"early_exit_aggregate_pass_after_first_batch=['resnet34', 'resnet101']",2.0,greedy,0.9,adaptive,,,black_grouse,,black_grouse,,-1.0,-1.0,0.897357165813446,-1.0,0.9710245132446289,-1.0,0.4854949366427379,0.5212848283304692,0.5894135364444462,-1.0,1.105316743808664,-1.0
REQ-00007,2000,500,95.64756202697754,1.279155969619751,"['resnet101', 'resnet34', 'resnet18', 'mobilenet_v3_small']","['resnet34', 'resnet101']",goblet,1.0,weighted_majority,94423.22070896626,True,n01443537,4,0.9,[],2,"early_exit_aggregate_pass_after_first_batch=['resnet34', 'resnet101']",1.6,greedy,0.94,adaptive,,,goblet,,goblet,,-1.0,-1.0,0.6055548787117004,-1.0,0.284115195274353,-1.0,0.4854949366427379,0.5212848283304692,0.5894135364444462,-1.0,1.105316743808664,-1.0
REQ-00013,2000,500,92.21274614334106,6.476629018783569,"['resnet101', 'resnet34', 'resnet18', 'mobilenet_v3_small']",['resnet34'],chickadee,0.9246192574501038,single_model,92185.23991596885,True,n01592084,4,0.9,[],2,early_exit_first_finished_pass=resnet34,1.8,greedy,0.92,adaptive,,,chickadee,,,,-1.0,-1.0,0.9246192574501038,-1.0,-1.0,-1.0,0.7679499833515868,0.8037398750393181,0.871868583153295,-1.0,1.3877717905175126,-1.0
REQ-00014,2000,500,97.19488906860352,6.489869832992554,"['resnet101', 'resnet34', 'resnet18', 'mobilenet_v3_small']",['resnet34'],toucan,0.9999803304672241,single_model,96725.35487497225,True,n01843383,4,0.9,[],2,early_exit_first_finished_pass=resnet34,1.8,greedy,0.92,adaptive,,,toucan,,,,-1.0,-1.0,0.9999803304672241,-1.0,-1.0,-1.0,0.8385637450287993,0.8743536367165305,0.9424823448305075,-1.0,1.458385552194725,-1.0
REQ-00012,2000,500,109.5938937664032,4.3254759311676025,"['resnet101', 'resnet34', 'resnet18', 'mobilenet_v3_small']","['resnet34', 'resnet101']",garden_spider,1.0,weighted_majority,109102.57070790976,True,n01773549,4,0.9,[],2,"early_exit_aggregate_pass_after_first_batch=['resnet34', 'resnet101']",2.6,greedy,0.84,adaptive,,,garden_spider,,garden_spider,,-1.0,-1.0,0.41022413969039917,-1.0,0.35596132278442383,-1.0,0.556108698319949,0.5918985900076803,0.6600272981216572,-1.0,1.3033471149752027,-1.0
REQ-00017,2000,500,107.73785614967346,7.31537389755249,"['resnet101', 'resnet34', 'resnet18', 'mobilenet_v3_small']",['resnet34'],coucal,0.9988746047019958,single_model,106418.96999999881,True,n01824575,4,0.9,[],2,early_exit_first_finished_pass=resnet34,1.6,greedy,0.94,adaptive,,,coucal,,,,-1.0,-1.0,0.9988746047019958,-1.0,-1.0,-1.0,0.9797912683832241,1.0155811600709554,1.0837098681849322,-1.0,1.5996130755491498,-1.0
REQ-00018,2000,500,119.44018197059631,8.733075857162476,"['resnet101', 'resnet34', 'resnet18', 'mobilenet_v3_small']",['resnet34'],albatross,0.9999418258666992,single_model,118902.6675419882,True,n02058221,4,0.9,[],2,early_exit_first_finished_pass=resnet34,1.6,greedy,0.94,adaptive,,,albatross,,,,-1.0,-1.0,0.9999418258666992,-1.0,-1.0,-1.0,1.121018791737649,1.1568086834253803,1.224937391539357,-1.0,1.7408405989035751,-1.0
REQ-00015,2000,500,129.2565529346466,6.76788592338562,"['resnet101', 'resnet34', 'resnet18', 'mobilenet_v3_small']","['resnet34', 'resnet101']",wolf_spider,0.5515873268052163,weighted_majority,128460.38229204714,True,n01773157,4,0.9,[],2,deadline_stop_before_resnet18,1.6,greedy,0.94,adaptive,,,wolf_spider,,barn_spider,,-1.0,-1.0,0.43974772095680237,-1.0,0.35749271512031555,-1.0,0.9091775067060117,0.944967398393743,1.01309610650772,-1.0,1.5289993138719378,-1.0
REQ-00021,2000,500,135.44036722183228,9.053571939468384,"['resnet101', 'resnet34', 'resnet18', 'mobilenet_v3_small']",['resnet34'],tarantula,0.9976321458816528,single_model,133100.45120795257,True,n01774750,4,0.9,[],2,early_exit_first_finished_pass=resnet34,1.8,greedy,0.92,adaptive,,,tarantula,,,,-1.0,-1.0,0.9976321458816528,-1.0,-1.0,-1.0,1.319049162904189,1.3548390545919204,1.4229677627058974,-1.0,1.938870970070115,-1.0
REQ-00020,2000,500,136.09418988227844,8.85053014755249,"['resnet101', 'resnet34', 'resnet18', 'mobilenet_v3_small']",['resnet34'],kite,0.955912709236145,single_model,134300.64979195595,True,n01608432,4,0.9,[],2,early_exit_first_finished_pass=resnet34,1.6,greedy,0.94,adaptive,,,kite,,,,-1.0,-1.0,0.955912709236145,-1.0,-1.0,-1.0,1.121018791737649,1.1568086834253803,1.224937391539357,-1.0,1.7408405989035751,-1.0
REQ-00016,2000,500,140.00893092155457,7.112342119216919,"['resnet101', 'resnet34', 'resnet18', 'mobilenet_v3_small']","['resnet34', 'resnet101']",garden_spider,1.0,weighted_majority,138997.17558315024,True,n01773797,4,0.9,[],2,"early_exit_aggregate_pass_after_first_batch=['resnet34', 'resnet101']",1.6,greedy,0.94,adaptive,,,garden_spider,,garden_spider,,-1.0,-1.0,0.6998435854911804,-1.0,0.5090607404708862,-1.0,0.9797912683832241,1.0155811600709554,1.0837098681849322,-1.0,1.5996130755491498,-1.0
REQ-00022,2000,500,138.77788019180298,9.582382917404175,"['resnet34', 'resnet18', 'mobilenet_v3_small']",['resnet18'],pelican,0.9952781200408936,single_model,136181.5277498681,True,n02051845,4,0.9,[],2,early_exit_first_finished_pass=resnet18,1.6,greedy,0.94,adaptive,,pelican,,,,,-1.0,0.9952781200408936,-1.0,-1.0,-1.0,-1.0,1.3896629245814016,1.4254528162691327,1.4935815243831099,-1.0,-1.0,-1.0
REQ-00019,2000,500,151.66731691360474,8.821933031082153,"['resnet101', 'resnet34', 'resnet18', 'mobilenet_v3_small']","['resnet34', 'resnet101']",wallaby,1.0,weighted_majority,150529.92945793085,True,n01877812,4,0.9,[],2,"early_exit_aggregate_pass_after_first_batch=['resnet34', 'resnet101']",1.4,greedy,0.96,adaptive,,,wallaby,,wallaby,,-1.0,-1.0,0.23430049419403076,-1.0,0.9804725050926208,-1.0,1.121018791737649,1.1568086834253803,1.224937391539357,-1.0,1.7408405989035751,-1.0



REQ-00002,2000,1000,13.17629098892212,2.0676639080047607,"['vit_b_16', 'resnet50', 'resnet34', 'resnet18']",['vit_b_16'],spoonbill,0.9155604243278503,single_model,13152.428625151515,True,n02006656,4,0.9,[],2,early_exit_first_finished_pass=vit_b_16,0.6,greedy,1,adaptive,,,,,,spoonbill,-1.0,-1.0,-1.0,-1.0,-1.0,0.9155604243278503,-1.0,0.07359185372998517,0.1807759256910452,0.21586574488861368,-1.0,0.5481960957725613
REQ-00000,2000,1000,18.319463968276978,2.86102294921875e-06,"['vit_b_16', 'resnet50', 'resnet34', 'resnet18']","['vit_b_16', 'resnet50']",macaw,1.0,weighted_majority,18297.12212504819,True,n01818515,4,0.9,[],2,"early_exit_aggregate_pass_after_first_batch=['vit_b_16', 'resnet50']",0.2,greedy,1,adaptive,,,,macaw,,macaw,-1.0,-1.0,-1.0,0.9973227381706238,-1.0,0.8617401123046875,-1.0,0.07359185372998517,0.1807759256910452,0.21586574488861368,-1.0,0.5481960957725613
REQ-00001,2000,1000,18.39318084716797,0.06661796569824219,"['vit_b_16', 'resnet50', 'resnet34', 'resnet18']","['vit_b_16', 'resnet50']",horned_viper,1.0,weighted_majority,18311.464416095987,True,n01756291,4,0.9,[],2,"early_exit_aggregate_pass_after_first_batch=['vit_b_16', 'resnet50']",0.4,greedy,1,adaptive,,,,horned_viper,,horned_viper,-1.0,-1.0,-1.0,0.4294882118701935,-1.0,0.5589597225189209,-1.0,0.07359185372998517,0.1807759256910452,0.21586574488861368,-1.0,0.5481960957725613
REQ-00003,2000,1000,28.06699800491333,3.0871429443359375,"['vit_b_16', 'resnet50', 'resnet34', 'resnet18']","['vit_b_16', 'resnet50']",goldfish,1.0,weighted_majority,28050.52824993618,True,n01443537,4,0.9,[],2,"early_exit_aggregate_pass_after_first_batch=['vit_b_16', 'resnet50']",0.8,greedy,1,adaptive,,,,goldfish,,goldfish,-1.0,-1.0,-1.0,0.9992511868476868,-1.0,0.8976128101348877,-1.0,0.07972450820748393,0.19584058616529895,0.23385455696266483,-1.0,0.5938791037536081
REQ-00008,2000,1000,26.740950107574463,6.310876131057739,"['vit_b_16', 'resnet50', 'resnet34', 'resnet18']",['resnet50'],coucal,0.9999257326126099,single_model,25993.76579094678,True,n01824575,4,0.9,[],2,early_exit_first_finished_pass=resnet50,1.4,greedy,0.96,adaptive,,,,coucal,,,-1.0,-1.0,-1.0,0.9999257326126099,-1.0,-1.0,-1.0,0.6054998318051207,0.7216159097629358,0.8577780776884862,-1.0,1.6654365974374021
REQ-00004,2000,1000,32.201874017715454,3.1027660369873047,"['vit_b_16', 'resnet50', 'resnet34', 'resnet18']","['vit_b_16', 'resnet50']",whiptail,0.6342093991152353,weighted_majority,32093.57937495224,True,n01630670,4,0.9,[],2,deadline_stop_before_resnet34,1.0,greedy,1,adaptive,,,,whiptail,,common_newt,-1.0,-1.0,-1.0,0.7340418100357056,-1.0,0.4233705699443817,-1.0,0.49359133856564924,0.6097074165234643,0.6477213873208301,-1.0,1.0077459341117734
REQ-00005,2000,1000,33.352816104888916,3.276252031326294,"['vit_b_16', 'resnet50', 'resnet34', 'resnet18']","['vit_b_16', 'resnet50']",dungeness_crab,1.0,weighted_majority,33279.236250091344,True,n01978287,4,0.9,[],2,"early_exit_aggregate_pass_after_first_batch=['vit_b_16', 'resnet50']",1.2,greedy,0.98,adaptive,,,,dungeness_crab,,dungeness_crab,-1.0,-1.0,-1.0,0.7130596041679382,-1.0,0.8398683667182922,-1.0,0.4935913385656348,0.6097074165234498,0.6477213873208156,-1.0,1.007745934111759
REQ-00006,2000,1000,41.32575011253357,5.207490921020508,"['vit_b_16', 'resnet50', 'resnet101', 'resnet34']","['vit_b_16', 'resnet50']",indigo_bunting,1.0,weighted_majority,41310.85312506184,True,n01537544,4,0.9,[],2,"early_exit_aggregate_pass_after_first_batch=['vit_b_16', 'resnet50']",1.0,greedy,1,adaptive,,,,indigo_bunting,,indigo_bunting,-1.0,-1.0,-1.0,0.9995784163475037,-1.0,0.8883925676345825,-1.0,-1.0,0.5737049618443526,0.6117189326417184,1.7869734734303522,1.4193774523906342
REQ-00007,2000,1000,40.77931594848633,6.246680021286011,"['vit_b_16', 'resnet101', 'resnet50', 'resnet34']","['vit_b_16', 'resnet101']",pelican,1.0,weighted_majority,40763.897500000894,True,n02051845,4,0.9,[],2,"early_exit_aggregate_pass_after_first_batch=['vit_b_16', 'resnet101']",1.2,greedy,0.98,adaptive,,,,,pelican,pelican,-1.0,-1.0,-1.0,-1.0,0.9995574355125427,0.8892818093299866,-1.0,-1.0,0.6479390878895152,0.6859530586868811,1.8612075994755148,1.4936115784357968
REQ-00010,2000,1000,40.27861976623535,9.994922876358032,"['vit_b_16', 'resnet50', 'resnet34', 'resnet18']",['resnet50'],conch,0.9651466608047485,single_model,40254.0450419765,True,n01943899,4,0.9,[],2,early_exit_first_finished_pass=resnet50,1.0,greedy,1,adaptive,,,,conch,,,-1.0,-1.0,-1.0,0.9651466608047485,-1.0,-1.0,-1.0,0.7602284210308909,0.876344498988706,0.9143584697860719,-1.0,1.722016989534988
REQ-00009,2000,1000,45.73910999298096,6.3820109367370605,"['vit_b_16', 'resnet50', 'resnet34', 'resnet18']","['vit_b_16', 'resnet50']",hen,1.0,weighted_majority,44519.74412519485,True,n01514859,4,0.9,[],2,"early_exit_aggregate_pass_after_first_batch=['vit_b_16', 'resnet50']",1.4,greedy,0.96,adaptive,,,,hen,,hen,-1.0,-1.0,-1.0,0.8454015254974365,-1.0,0.8630152940750122,-1.0,0.7036480289333055,0.8197641068911204,0.8577780776884862,-1.0,1.6654365974374021
