REQ-00004,2000,50,10.424033164978027,0.24162936210632324,"['resnet18', 'mobilenet_v3_small']",['resnet18'],thunder_snake,0.9612109661102295,single_model,17766.06316678226,True,n01728572,3,0.9,[],2,early_exit_first_pass=resnet18,1.0,greedy,0.8,adaptive,,thunder_snake,,,,,-1.0,0.9612109661102295,-1.0,-1.0,-1.0,-1.0,0.04716189570291968,0.08563856534834427,-1.0,-1.0,-1.0,-1.0
REQ-00000,2000,50,9.263765811920166,2.1457672119140625e-06,"['vit_b_16', 'resnet50', 'resnet34']","['vit_b_16', 'resnet50']",horned_viper,1.0,weighted_majority,19243.214333197102,True,n01753488,3,0.9,[],2,deadline_stop_before_resnet34,0.2,greedy,0.8,adaptive,,,,horned_viper,,horned_viper,-1.0,-1.0,-1.0,0.5158330798149109,-1.0,0.664593517780304,-1.0,-1.0,0.15349931376863069,0.18754044366296932,-1.0,0.18001414881066108
REQ-00008,2000,50,9.166122913360596,0.31880927085876465,"['resnet18', 'mobilenet_v3_small']",['resnet18'],hornbill,0.979662299156189,single_model,22996.497333981097,True,n01829413,3,0.9,[],2,early_exit_first_pass=resnet18,1.6,greedy,0.76,adaptive,,hornbill,,,,,-1.0,0.979662299156189,-1.0,-1.0,-1.0,-1.0,0.04716189570291968,0.08563856534834427,-1.0,-1.0,-1.0,-1.0
REQ-00003,2000,50,8.271719932556152,0.22679805755615234,"['resnet18', 'mobilenet_v3_small']",['resnet18'],flamingo,0.9971089959144592,single_model,23838.061125017703,True,n02007558,3,0.9,[],2,early_exit_first_pass=resnet18,0.8,greedy,0.8,adaptive,,flamingo,,,,,-1.0,0.9971089959144592,-1.0,-1.0,-1.0,-1.0,0.04353405757192586,0.08563856534834427,-1.0,-1.0,-1.0,-1.0
REQ-00012,2000,50,11.912503957748413,0.542067289352417,"['resnet18', 'mobilenet_v3_small']",['resnet18'],red-backed_sandpiper,0.9888906478881836,single_model,25295.262707863003,True,n02027492,3,0.9,[],2,early_exit_first_pass=resnet18,2.4,greedy,0.7066666666666667,adaptive,,red-backed_sandpiper,,,,,-1.0,0.9888906478881836,-1.0,-1.0,-1.0,-1.0,0.04716189570291968,0.08563856534834427,-1.0,-1.0,-1.0,-1.0
REQ-00001,2000,50,12.42679715156555,0.09485816955566406,"['resnet101', 'resnet50', 'resnet34']",['resnet101'],komodo_dragon,0.9997144341468811,single_model,27282.756333006546,True,n01695060,3,0.9,[],2,early_exit_first_pass=resnet101,0.4,greedy,0.8,adaptive,,,,,komodo_dragon,,-1.0,-1.0,-1.0,-1.0,0.9997144341468811,-1.0,-1.0,-1.0,0.15349931376863069,0.18754044366296932,0.6950906560986988,-1.0
REQ-00005,2000,50,10.576048851013184,0.2561452388763428,"['resnet18', 'mobilenet_v3_small']",['resnet18'],bittern,0.9984971284866333,single_model,29725.700291106477,True,n02011460,3,0.9,[],2,early_exit_first_pass=resnet18,1.2,greedy,0.7866666666666667,adaptive,,bittern,,,,,-1.0,0.9984971284866333,-1.0,-1.0,-1.0,-1.0,0.04716189570291968,0.08563856534834427,-1.0,-1.0,-1.0,-1.0
REQ-00007,2000,50,9.531487703323364,0.2967221736907959,"['resnet18', 'mobilenet_v3_small']","['resnet18', 'mobilenet_v3_small']",loggerhead,0.5739310131967451,weighted_majority,33499.47216687724,True,n01665541,3,0.9,[],2,ran_all,1.4,greedy,0.7733333333333334,adaptive,leatherback_turtle,loggerhead,,,,,0.6050918698310852,0.8150815963745117,-1.0,-1.0,-1.0,-1.0,0.04716189570291968,0.08563856534834427,-1.0,-1.0,-1.0,-1.0
REQ-00014,2000,50,10.846980810165405,0.6184561252593994,"['resnet18', 'mobilenet_v3_small']",['resnet18'],hermit_crab,0.9996683597564697,single_model,33872.566167032346,True,n01986214,3,0.9,[],2,early_exit_first_pass=resnet18,2.8,greedy,0.68,adaptive,,hermit_crab,,,,,-1.0,0.9996683597564697,-1.0,-1.0,-1.0,-1.0,0.04716189570291968,0.08563856534834427,-1.0,-1.0,-1.0,-1.0
REQ-00009,2000,50,7.37939405441284,0.41751718521118164,"['resnet18', 'mobilenet_v3_small']",['mobilenet_v3_small'],american_coot,0.9938676953315735,single_model,36085.452124942094,True,n02018207,3,0.9,[],2,ran_all,1.8,greedy,0.7466666666666667,adaptive,american_coot,,,,,,0.9938676953315735,-1.0,-1.0,-1.0,-1.0,-1.0,0.04716189570291968,0.08563856534834427,-1.0,-1.0,-1.0,-1.0
REQ-00013,2000,50,9.49287796020508,0.6089892387390137,"['resnet18', 'mobilenet_v3_small']",['resnet18'],bee_eater,0.9248259663581848,single_model,35710.578167112544,True,n01828970,3,0.9,[],2,early_exit_first_pass=resnet18,2.6,greedy,0.6933333333333334,adaptive,,bee_eater,,,,,-1.0,0.9248259663581848,-1.0,-1.0,-1.0,-1.0,0.04716189570291968,0.08563856534834427,-1.0,-1.0,-1.0,-1.0
REQ-00006,2000,50,7.573662996292114,0.28577113151550293,"['resnet18', 'mobilenet_v3_small']",['resnet18'],coucal,0.9987046718597412,single_model,37555.97524996847,True,n01824575,3,0.9,[],2,early_exit_first_pass=resnet18,3.6,greedy,0.6266666666666667,adaptive,,coucal,,,,,-1.0,0.9987046718597412,-1.0,-1.0,-1.0,-1.0,0.11356212622855166,0.15203879587397626,-1.0,-1.0,-1.0,-1.0
REQ-00015,2000,50,8.76306390762329,0.6266334056854248,"['resnet18', 'mobilenet_v3_small']",['resnet18'],komodo_dragon,0.9994363188743591,single_model,41650.56970785372,True,n01695060,3,0.9,[],2,early_exit_first_pass=resnet18,3.0,greedy,0.6666666666666667,adaptive,,komodo_dragon,,,,,-1.0,0.9994363188743591,-1.0,-1.0,-1.0,-1.0,0.04716189570291968,0.08563856534834427,-1.0,-1.0,-1.0,-1.0
REQ-00016,2000,50,9.24752426147461,0.6380579471588135,"['resnet18', 'mobilenet_v3_small']",['resnet18'],terrapin,0.9383749961853027,single_model,42966.95595909841,True,n01667778,3,0.9,[],2,early_exit_first_pass=resnet18,3.2,greedy,0.6533333333333333,adaptive,,terrapin,,,,,-1.0,0.9383749961853027,-1.0,-1.0,-1.0,-1.0,0.04716189570291968,0.08563856534834427,-1.0,-1.0,-1.0,-1.0
REQ-00011,2000,50,12.96741795539856,0.4836690425872803,"['resnet18', 'mobilenet_v3_small']","['resnet18', 'mobilenet_v3_small']",american_alligator,1.0,weighted_majority,50463.97245791741,True,n01698640,3,0.9,[],2,"early_exit_second_pass_aggregate=(resnet18,mobilenet_v3_small)",2.2,greedy,0.72,adaptive,american_alligator,american_alligator,,,,,0.9284613132476807,0.8757882118225098,-1.0,-1.0,-1.0,-1.0,0.04716189570291968,0.08563856534834427,-1.0,-1.0,-1.0,-1.0
REQ-00017,2000,50,8.61349678039551,0.6453003883361816,"['resnet18', 'mobilenet_v3_small']",['resnet18'],toucan,0.9999704360961914,single_model,50200.20212512463,True,n01843383,3,0.9,[],2,early_exit_first_pass=resnet18,3.4,greedy,0.64,adaptive,,toucan,,,,,-1.0,0.9999704360961914,-1.0,-1.0,-1.0,-1.0,0.04716189570291968,0.08563856534834427,-1.0,-1.0,-1.0,-1.0
REQ-00002,2000,50,10.59192609786987,0.1766190528869629,"['resnet101', 'resnet34', 'resnet18']",['resnet101'],dungeness_crab,0.9836764931678772,single_model,53331.55450015329,True,n01978287,3,0.9,[],2,early_exit_first_pass=resnet101,0.6,greedy,0.8,adaptive,,,,,dungeness_crab,,-1.0,-1.0,-1.0,-1.0,0.9836764931678772,-1.0,-1.0,0.07905098339847164,0.15349931376863069,-1.0,0.6950906560986988,-1.0
REQ-00010,2000,50,13.474446058273315,0.4667830467224121,"['resnet18', 'mobilenet_v3_small']","['resnet18', 'mobilenet_v3_small']",chiton,0.6631138607113973,weighted_majority,58090.235834009945,True,n01955084,3,0.9,[],2,"early_exit_second_pass_aggregate=(resnet18,mobilenet_v3_small)",2.0,greedy,0.7333333333333334,adaptive,chiton,manhole_cover,,,,,0.9665289521217346,0.49103212356567383,-1.0,-1.0,-1.0,-1.0,0.04716189570291968,0.08563856534834427,-1.0,-1.0,-1.0,-1.0
REQ-00019,2000,50,13.837093114852905,0.6915011405944824,"['resnet18', 'mobilenet_v3_small']",['resnet18'],american_coot,0.9952776432037354,single_model,56350.02458305098,True,n02018207,3,0.9,[],2,early_exit_first_pass=resnet18,4.0,greedy,0.6000000000000001,adaptive,,american_coot,,,,,-1.0,0.9952776432037354,-1.0,-1.0,-1.0,-1.0,0.1188089448165641,0.1572856144619887,-1.0,-1.0,-1.0,-1.0
REQ-00018,2000,50,5.264262199401855,0.6736271381378174,"['resnet18', 'mobilenet_v3_small']",['resnet18'],bulbul,0.9998811483383179,single_model,57007.18295900151,True,n01560419,3,0.9,[],2,early_exit_first_pass=resnet18,3.8,greedy,0.6133333333333333,adaptive,,bulbul,,,,,-1.0,0.9998811483383179,-1.0,-1.0,-1.0,-1.0,0.1188089448165641,0.1572856144619887,-1.0,-1.0,-1.0,-1.0
REQ-00023,2000,50,7.66056799888611,0.7899739742279053,"['resnet18', 'mobilenet_v3_small']",['resnet18'],albatross,0.9891270995140076,single_model,60578.400457976386,True,n02058221,3,0.9,[],2,early_exit_first_pass=resnet18,4.6,greedy,0.56,adaptive,,albatross,,,,,-1.0,0.9891270995140076,-1.0,-1.0,-1.0,-1.0,0.13104160959039443,0.16951827923581902,-1.0,-1.0,-1.0,-1.0
REQ-00021,2000,50,13.81953930854797,0.7687132358551025,"['resnet18', 'mobilenet_v3_small']",['resnet18'],harvestman,0.9992942810058594,single_model,62149.65029200539,True,n01770081,3,0.9,[],2,early_exit_first_pass=resnet18,4.2,greedy,0.5866666666666667,adaptive,,harvestman,,,,,-1.0,0.9992942810058594,-1.0,-1.0,-1.0,-1.0,0.1188089448165641,0.1584515741482137,-1.0,-1.0,-1.0,-1.0
REQ-00022,2000,50,8.31984806060791,0.7782151699066162,"['resnet18', 'mobilenet_v3_small']",['resnet18'],lorikeet,0.9973384737968445,single_model,63431.08983291313,True,n01820546,3,0.9,[],2,early_exit_first_pass=resnet18,4.4,greedy,0.5733333333333333,adaptive,,lorikeet,,,,,-1.0,0.9973384737968445,-1.0,-1.0,-1.0,-1.0,0.1271114516151511,0.16951827923581902,-1.0,-1.0,-1.0,-1.0
REQ-00025,2000,50,10.62930011749268,0.8610653877258301,"['resnet18', 'mobilenet_v3_small']",['resnet18'],goldfish,0.9999815225601196,single_model,66288.25404192321,True,n01443537,3,0.9,[],2,early_exit_first_pass=resnet18,4.8,greedy,0.5466666666666666,adaptive,,goldfish,,,,,-1.0,0.9999815225601196,-1.0,-1.0,-1.0,-1.0,0.14531470381511846,0.18772153143578635,-1.0,-1.0,-1.0,-1.0
REQ-00024,2000,50,11.7906608581543,0.8462920188903809,"['resnet18', 'mobilenet_v3_small']",['resnet18'],sulphur-crested_cockatoo,0.9998893737792969,single_model,68598.40325010009,True,n01819313,3,0.9,[],2,early_exit_first_pass=resnet18,4.6,greedy,0.56,adaptive,,sulphur-crested_cockatoo,,,,,-1.0,0.9998893737792969,-1.0,-1.0,-1.0,-1.0,0.13817815670275643,0.17665482634818103,-1.0,-1.0,-1.0,-1.0
REQ-00028,2000,50,13.5107958316803,0.9475860595703125,"['resnet18', 'mobilenet_v3_small']","['resnet18', 'mobilenet_v3_small']",american_chameleon,1.0,weighted_majority,68718.43908401206,True,n01693334,3,0.9,[],2,ran_all,4.6,greedy,0.56,adaptive,american_chameleon,american_chameleon,,,,,0.5449694991111755,0.6999846696853638,-1.0,-1.0,-1.0,-1.0,0.20137199809126968,0.23984866773669428,-1.0,-1.0,-1.0,-1.0
REQ-00027,2000,50,12.64860391616821,0.9385771751403809,"['resnet18', 'mobilenet_v3_small']",['resnet18'],garter_snake,0.9997891783714294,single_model,70033.59087510034,True,n01735189,3,0.9,[],2,early_exit_first_pass=resnet18,4.6,greedy,0.56,adaptive,,garter_snake,,,,,-1.0,0.9997891783714294,-1.0,-1.0,-1.0,-1.0,0.17458466110269114,0.21306133074811573,-1.0,-1.0,-1.0,-1.0
REQ-00029,2000,50,10.67629194259644,0.9742641448974609,"['resnet18', 'mobilenet_v3_small']","['resnet18', 'mobilenet_v3_small']",crane,1.0,weighted_majority,76236.27749993466,True,n02012849,3,0.9,[],2,ran_all,4.4,greedy,0.5733333333333333,adaptive,crane,crane,,,,,0.766038715839386,0.8475456237792969,-1.0,-1.0,-1.0,-1.0,0.25742929236742096,0.3030425091252075,-1.0,-1.0,-1.0,-1.0
REQ-00026,2000,50,11.80494904518127,0.9078330993652344,"['resnet18', 'mobilenet_v3_small']","['resnet18', 'mobilenet_v3_small']",echidna,0.6400658663552787,weighted_majority,76457.62220909819,True,n01847000,3,0.9,[],2,ran_all,4.4,greedy,0.5733333333333333,adaptive,echidna,drake,,,,,0.5112630724906921,0.28750327229499817,-1.0,-1.0,-1.0,-1.0,0.22422917710460494,0.2666360047252728,-1.0,-1.0,-1.0,-1.0
REQ-00020,2000,50,12.8592140674591,0.71586012840271,"['resnet18', 'mobilenet_v3_small']",['resnet18'],coucal,0.9935504198074341,single_model,76915.99174984731,True,n01824575,3,0.9,[],2,early_exit_first_pass=resnet18,4.4,greedy,0.5733333333333333,adaptive,,coucal,,,,,-1.0,0.9935504198074341,-1.0,-1.0,-1.0,-1.0,0.283492860517875,0.3330362352509049,-1.0,-1.0,-1.0,-1.0


REQ-00000,2000,60,5.501853942871094,1.9073486328125e-06,"['vit_b_16', 'resnet101', 'resnet50']","['vit_b_16', 'resnet101']",tick,1.0,weighted_majority,5485.847332980484,True,n01776313,3,0.9,[],2,"early_exit_second_pass_aggregate=(vit_b_16,resnet101)",0.2,greedy,0.8,adaptive,,,,,tick,tick,-1.0,-1.0,-1.0,-1.0,0.9913613200187683,0.8467204570770264,-1.0,-1.0,-1.0,0.6222425337579309,0.7250272809586699,0.5979691894543715
REQ-00003,2000,60,10.4425048828125,0.04123997688293457,"['vit_b_16', 'resnet101', 'resnet50']","['vit_b_16', 'resnet101']",cock,1.0,weighted_majority,22155.936499824747,True,n01514668,3,0.9,[],2,"early_exit_second_pass_aggregate=(vit_b_16,resnet101)",0.8,greedy,0.8,adaptive,,,,,cock,cock,-1.0,-1.0,-1.0,-1.0,0.9048921465873718,0.8608786463737488,-1.0,-1.0,-1.0,0.6222425337579309,0.6858744528628029,0.5565332705089343
REQ-00004,2000,60,5.18612813949585,0.06654191017150879,"['vit_b_16', 'resnet101', 'resnet50']",['vit_b_16'],kite,0.8702970743179321,single_model,25730.876042041928,True,n01608432,3,0.9,[],2,deadline_stop_before_resnet50,1.0,greedy,0.8,adaptive,,,,,,kite,-1.0,-1.0,-1.0,-1.0,-1.0,0.8702970743179321,-1.0,-1.0,-1.0,0.6222425337579309,0.6858744528628029,0.5565332705089343
REQ-00005,2000,60,8.51868224143982,0.07555389404296875,"['vit_b_16', 'resnet101', 'resnet50']",['vit_b_16'],bulbul,0.8960002660751343,single_model,29438.79475002177,True,n01560419,3,0.9,[],2,deadline_stop_before_resnet50,1.2,greedy,0.7866666666666667,adaptive,,,,,,bulbul,-1.0,-1.0,-1.0,-1.0,-1.0,0.8960002660751343,-1.0,-1.0,-1.0,0.6222425337579309,0.6858744528628029,0.5565332705089343
REQ-00001,2000,60,12.16842079162598,0.011214017868041992,"['vit_b_16', 'resnet101', 'resnet50']","['vit_b_16', 'resnet101']",pelican,1.0,weighted_majority,40838.34308292717,True,n02051845,3,0.9,[],2,"early_exit_second_pass_aggregate=(vit_b_16,resnet101)",0.4,greedy,0.8,adaptive,,,,,pelican,pelican,-1.0,-1.0,-1.0,-1.0,0.9963955283164978,0.8648598790168762,-1.0,-1.0,-1.0,0.6222425337579309,0.7250272809586699,0.5565332705089343
REQ-00008,2000,60,8.29371190071106,0.28468799591064453,"['vit_b_16', 'resnet101', 'resnet50']",['vit_b_16'],prairie_chicken,0.898905336856842,single_model,38470.71829205379,True,n01798484,3,0.9,[],2,deadline_stop_before_resnet50,1.6,greedy,0.76,adaptive,,,,,,prairie_chicken,-1.0,-1.0,-1.0,-1.0,-1.0,0.898905336856842,-1.0,-1.0,-1.0,0.6222425337579309,0.6858744528628029,0.5565332705089343
REQ-00002,2000,60,10.82743287086487,0.03170919418334961,"['vit_b_16', 'resnet101', 'resnet50']","['vit_b_16', 'resnet101']",whiptail,1.0,weighted_majority,41954.090957995504,True,n01685808,3,0.9,[],2,"early_exit_second_pass_aggregate=(vit_b_16,resnet101)",0.6,greedy,0.8,adaptive,,,,,whiptail,whiptail,-1.0,-1.0,-1.0,-1.0,0.9943676590919495,0.8912339806556702,-1.0,-1.0,-1.0,0.6222425337579309,0.7250272809586699,0.5565332705089343
REQ-00007,2000,60,9.74536180496216,0.23613810539245605,"['vit_b_16', 'resnet101', 'resnet50']","['vit_b_16', 'resnet101']",common_newt,1.0,weighted_majority,43472.95079194009,True,n01630670,3,0.9,[],2,"early_exit_second_pass_aggregate=(vit_b_16,resnet101)",1.4,greedy,0.7733333333333334,adaptive,,,,,common_newt,common_newt,-1.0,-1.0,-1.0,-1.0,0.9646947383880615,0.879435122013092,-1.0,-1.0,-1.0,0.6222425337579309,0.6858744528628029,0.5565332705089343
REQ-00011,2000,60,13.51776599884033,0.3389248847961426,"['vit_b_16', 'resnet101', 'resnet50']","['vit_b_16', 'resnet101']",coucal,1.0,weighted_majority,62343.26900006272,True,n01824575,3,0.9,[],2,"early_exit_second_pass_aggregate=(vit_b_16,resnet101)",2.0,greedy,0.7333333333333334,adaptive,,,,,coucal,coucal,-1.0,-1.0,-1.0,-1.0,0.9960057139396667,0.8678941130638123,-1.0,-1.0,-1.0,1.347066928397444,1.416001507427722,1.275881893211031
REQ-00012,2000,60,12.55084204673767,0.3482651710510254,"['vit_b_16', 'resnet101', 'resnet50']",['vit_b_16'],prairie_chicken,0.8871127367019653,single_model,70170.69658380933,True,n01798484,3,0.9,[],2,deadline_stop_before_resnet50,2.2,greedy,0.72,adaptive,,,,,,prairie_chicken,-1.0,-1.0,-1.0,-1.0,-1.0,0.8871127367019653,-1.0,-1.0,-1.0,1.347066928397444,1.416001507427722,1.275881893211031
REQ-00009,2000,60,10.25207185745239,0.3048858642578125,"['vit_b_16', 'resnet101', 'resnet50']","['vit_b_16', 'resnet101']",garden_spider,1.0,weighted_majority,72235.02558283508,True,n01773797,3,0.9,[],2,"early_exit_second_pass_aggregate=(vit_b_16,resnet101)",1.8,greedy,0.7466666666666667,adaptive,,,,,garden_spider,garden_spider,-1.0,-1.0,-1.0,-1.0,0.9776716828346252,0.809302031993866,-1.0,-1.0,-1.0,0.6222425337579309,0.6858744528628029,0.5565332705089343
REQ-00010,2000,60,9.7692060470581,0.3262062072753906,"['vit_b_16', 'resnet101', 'resnet50']","['vit_b_16', 'resnet101']",indigo_bunting,1.0,weighted_majority,73491.74758396111,True,n01537544,3,0.9,[],2,"early_exit_second_pass_aggregate=(vit_b_16,resnet101)",2.0,greedy,0.7333333333333334,adaptive,,,,,indigo_bunting,indigo_bunting,-1.0,-1.0,-1.0,-1.0,0.9838464260101318,0.8884243965148926,-1.0,-1.0,-1.0,0.6222425337579309,0.6858744528628029,0.5565332705089343
REQ-00006,2000,60,10.40333795547485,0.17659997940063477,"['vit_b_16', 'resnet101', 'resnet50']","['vit_b_16', 'resnet101']",hen,1.0,weighted_majority,75773.42937490903,True,n01514859,3,0.9,[],2,"early_exit_second_pass_aggregate=(vit_b_16,resnet101)",2.2,greedy,0.72,adaptive,,,,,hen,hen,-1.0,-1.0,-1.0,-1.0,0.9011566042900085,0.8851780295372009,-1.0,-1.0,-1.0,1.347066928397441,1.416001507427719,1.2758818932110298
REQ-00013,2000,60,8.74710869789124,0.3542320728302002,"['vit_b_16', 'resnet101', 'resnet50']","['vit_b_16', 'resnet101']",drake,1.0,weighted_majority,75176.80845898576,True,n01847000,3,0.9,[],2,"early_exit_second_pass_aggregate=(vit_b_16,resnet101)",2.2,greedy,0.72,adaptive,,,,,drake,drake,-1.0,-1.0,-1.0,-1.0,0.9933131337165833,0.8543370366096497,-1.0,-1.0,-1.0,1.408986149836447,1.477920728866725,1.3378011146500342
REQ-00014,2000,60,9.60641193389893,0.37413597106933594,"['vit_b_16', 'resnet101', 'resnet50']",['vit_b_16'],leatherback_turtle,0.8822508454322815,single_model,82772.84212503582,True,n01665541,3,0.9,[],2,deadline_stop_before_resnet50,2.4,greedy,0.7066666666666667,adaptive,,,,,,leatherback_turtle,-1.0,-1.0,-1.0,-1.0,-1.0,0.8822508454322815,-1.0,-1.0,-1.0,1.4592287367573926,1.5281633157876704,1.3880437015709792
REQ-00016,2000,60,9.42770981788635,0.447098970413208,"['vit_b_16', 'resnet101', 'resnet50']",['vit_b_16'],boa_constrictor,0.9230941534042358,single_model,83292.88266599178,True,n01742172,3,0.9,[],2,early_exit_first_pass=vit_b_16,2.2,greedy,0.72,adaptive,,,,,,boa_constrictor,-1.0,-1.0,-1.0,-1.0,-1.0,0.9230941534042358,-1.0,-1.0,-1.0,1.4592287367573926,1.5281633157876704,1.3880437015709792
REQ-00017,2000,60,10.96844100952148,0.5242879390716553,"['vit_b_16', 'resnet101', 'resnet50']","['vit_b_16', 'resnet101']",sea_slug,1.0,weighted_majority,91713.95195787773,True,n01950731,3,0.9,[],2,"early_exit_second_pass_aggregate=(vit_b_16,resnet101)",2.4,greedy,0.7066666666666667,adaptive,,,,,sea_slug,sea_slug,-1.0,-1.0,-1.0,-1.0,0.9998041987419128,0.8782853484153748,-1.0,-1.0,-1.0,1.4592287367573926,1.5281633157876704,1.3880437015709792
REQ-00020,2000,60,11.79318380355835,0.6716582775115967,"['vit_b_16', 'resnet101', 'resnet50']","['vit_b_16', 'resnet101']",komodo_dragon,1.0,weighted_majority,109198.3473750297,True,n01695060,3,0.9,[],2,deadline_stop_before_resnet50,2.8,greedy,0.68,adaptive,,,,,komodo_dragon,komodo_dragon,-1.0,-1.0,-1.0,-1.0,0.7375101447105408,0.8766891360282898,-1.0,-1.0,-1.0,1.4592287367573926,1.5281633157876704,1.3880437015709792
REQ-00018,2000,60,9.99504017829895,0.6077311038970947,"['vit_b_16', 'resnet101', 'resnet50']","['vit_b_16', 'resnet101']",vine_snake,1.0,weighted_majority,119681.58745788969,True,n01739381,3,0.9,[],2,"early_exit_second_pass_aggregate=(vit_b_16,resnet101)",2.6,greedy,0.6933333333333334,adaptive,,,,,vine_snake,vine_snake,-1.0,-1.0,-1.0,-1.0,0.9837194085121155,0.8540353178977966,-1.0,-1.0,-1.0,1.4592287367573926,1.5281633157876704,1.3880437015709792



REQ-00003,2000,100,5.920737981796265,0.44779300689697266,"['resnet18', 'mobilenet_v3_small']",['resnet18'],goldfinch,0.9582616090774536,single_model,5892.827875213698,True,n01531178,3,0.9,[],2,early_exit_first_pass=resnet18,0.8,greedy,0.8,adaptive,,goldfinch,,,,,-1.0,0.9582616090774536,-1.0,-1.0,-1.0,-1.0,0.29658154652722607,0.23279344908246488,-1.0,-1.0,-1.0,-1.0
REQ-00002,2000,100,5.337611198425293,0.17481184005737305,"['resnet101', 'resnet34', 'resnet18']","['resnet101', 'resnet34']",terrapin,0.5334658505939808,weighted_majority,12209.379290929064,True,n01667778,3,0.9,[],2,deadline_stop_before_resnet18,0.6,greedy,0.8,adaptive,,,box_turtle,,terrapin,,-1.0,-1.0,0.4884547293186188,-1.0,0.5585312843322754,-1.0,-1.0,0.21488626069150604,0.19487604321267155,-1.0,0.968886520489817,-1.0
REQ-00000,2000,100,4.534641981124878,4.76837158203125e-06,"['vit_b_16', 'resnet50', 'resnet34']",['vit_b_16'],american_coot,0.9079407453536987,single_model,12515.407083090395,True,n02018207,3,0.9,[],2,early_exit_first_pass=vit_b_16,0.2,greedy,0.8,adaptive,,,,,,american_coot,-1.0,-1.0,-1.0,-1.0,-1.0,0.9079407453536987,-1.0,-1.0,0.19487604321267155,0.3014278510742096,-1.0,0.2815969292353318
REQ-00004,2000,100,9.260474920272827,0.4634666442871094,"['resnet18', 'mobilenet_v3_small']",['resnet18'],spoonbill,0.9742974042892456,single_model,15133.619125001132,True,n02006656,3,0.9,[],2,early_exit_first_pass=resnet18,1.0,greedy,0.8,adaptive,,spoonbill,,,,,-1.0,0.9742974042892456,-1.0,-1.0,-1.0,-1.0,0.5293749956096919,0.4655868981649307,-1.0,-1.0,-1.0,-1.0
REQ-00006,2000,100,7.437700986862183,0.8985280990600586,"['resnet18', 'mobilenet_v3_small']",['resnet18'],sea_snake,0.9803451895713806,single_model,17422.50595893711,True,n01751748,3,0.9,[],2,early_exit_first_pass=resnet18,1.4,greedy,0.7733333333333334,adaptive,,sea_snake,,,,,-1.0,0.9803451895713806,-1.0,-1.0,-1.0,-1.0,0.5548902345875956,0.49110213714283446,-1.0,-1.0,-1.0,-1.0
REQ-00008,2000,100,8.295268297195435,1.0782978534698486,"['resnet18', 'mobilenet_v3_small']",['resnet18'],red-backed_sandpiper,0.9994290471076965,single_model,17988.14916680567,True,n02027492,3,0.9,[],2,early_exit_first_pass=resnet18,1.8,greedy,0.7466666666666667,adaptive,,red-backed_sandpiper,,,,,-1.0,0.9994290471076965,-1.0,-1.0,-1.0,-1.0,0.5612690443320716,0.4974809468873105,-1.0,-1.0,-1.0,-1.0
REQ-00005,2000,100,9.975029945373535,0.6257517337799072,"['resnet18', 'mobilenet_v3_small']",['resnet18'],night_snake,0.9698114395141602,single_model,19883.597041945904,True,n01740131,3,0.9,[],2,early_exit_first_pass=resnet18,1.2,greedy,0.7866666666666667,adaptive,,night_snake,,,,,-1.0,0.9698114395141602,-1.0,-1.0,-1.0,-1.0,0.5612690443320721,0.4868495973131838,-1.0,-1.0,-1.0,-1.0
REQ-00007,2000,100,7.612377882003784,0.9798669815063477,"['resnet18', 'mobilenet_v3_small']","['resnet18', 'mobilenet_v3_small']",garter_snake,0.7937767421912442,weighted_majority,27393.801332917064,True,n01735189,3,0.9,[],2,ran_all,1.6,greedy,0.76,adaptive,leatherback_turtle,garter_snake,,,,,0.1708148717880249,0.657485842704773,-1.0,-1.0,-1.0,-1.0,0.5612690443320717,0.4974809468873105,-1.0,-1.0,-1.0,-1.0
REQ-00010,2000,100,7.44054889678955,1.171633005142212,"['resnet18', 'mobilenet_v3_small']",['resnet18'],sulphur-crested_cockatoo,0.9951211810112,single_model,26962.475666077808,True,n01819313,3,0.9,[],2,early_exit_first_pass=resnet18,2.2,greedy,0.72,adaptive,,sulphur-crested_cockatoo,,,,,-1.0,0.9951211810112,-1.0,-1.0,-1.0,-1.0,0.5612690443320716,0.4974809468873105,-1.0,-1.0,-1.0,-1.0
REQ-00011,2000,100,9.073920011520386,1.3011589050292969,"['resnet18', 'mobilenet_v3_small']",['resnet18'],hermit_crab,0.9517177939414978,single_model,30601.597750093788,True,n01986214,3,0.9,[],2,early_exit_first_pass=resnet18,2.4,greedy,0.7066666666666667,adaptive,,hermit_crab,,,,,-1.0,0.9517177939414978,-1.0,-1.0,-1.0,-1.0,0.557725261140696,0.4939371636959348,-1.0,-1.0,-1.0,-1.0
REQ-00012,2000,100,9.5701379776001,1.8350498676300049,"['resnet18', 'mobilenet_v3_small']",['resnet18'],great_white_shark,0.9315808415412903,single_model,32428.859625011683,True,n01484850,3,0.9,[],2,early_exit_first_pass=resnet18,2.6,greedy,0.6933333333333334,adaptive,,great_white_shark,,,,,-1.0,0.9315808415412903,-1.0,-1.0,-1.0,-1.0,0.5859841732093406,0.5415955298547848,-1.0,-1.0,-1.0,-1.0
REQ-00009,2000,100,8.52735114097595,1.104722023010254,"['resnet18', 'mobilenet_v3_small']","['resnet18', 'mobilenet_v3_small']",flatworm,0.5532389568600263,weighted_majority,33122.849124949425,True,n01955084,3,0.9,[],2,ran_all,2.0,greedy,0.7333333333333334,adaptive,chiton,flatworm,,,,,0.3798414170742035,0.47037017345428467,-1.0,-1.0,-1.0,-1.0,0.5612690443320716,0.4974809468873105,-1.0,-1.0,-1.0,-1.0
REQ-00001,2000,100,8.74555420875549,0.10476398468017578,"['resnet101', 'resnet50', 'resnet34']","['resnet101', 'resnet50']",macaw,1.0,weighted_majority,36669.43508386612,True,n01818515,3,0.9,[],2,"early_exit_second_pass_aggregate=(resnet101,resnet50)",0.4,greedy,0.8,adaptive,,,,macaw,macaw,,-1.0,-1.0,-1.0,0.9056379199028015,0.8146889209747314,-1.0,-1.0,-1.0,0.19487604321267155,0.3014278510742096,0.968886520489817,-1.0
REQ-00014,2000,100,8.534152030944824,1.8594028949737549,"['resnet18', 'mobilenet_v3_small']",['resnet18'],goldfinch,0.9862940907478333,single_model,35011.875374941155,True,n01531178,3,0.9,[],2,early_exit_first_pass=resnet18,3.0,greedy,0.6666666666666667,adaptive,,goldfinch,,,,,-1.0,0.9862940907478333,-1.0,-1.0,-1.0,-1.0,0.6936127932344944,0.6298246957897332,-1.0,-1.0,-1.0,-1.0
REQ-00013,2000,100,7.4612820148468,1.8497936725616455,"['resnet18', 'mobilenet_v3_small']",['resnet18'],black_widow,0.9383369088172913,single_model,37153.563250089064,True,n01774384,3,0.9,[],2,early_exit_first_pass=resnet18,2.8,greedy,0.68,adaptive,,black_widow,,,,,-1.0,0.9383369088172913,-1.0,-1.0,-1.0,-1.0,0.6936127932344944,0.6298246957897332,-1.0,-1.0,-1.0,-1.0




REQ-00002,2000,250,2.0845870971679688,0.23146414756774902,"['resnet101', 'resnet34', 'resnet18']",['resnet101'],nematode,0.9999871253967285,single_model,2018.3183329645544,True,n01930112,3,0.9,[],2,early_exit_first_pass=resnet101,0.6,greedy,0.8,adaptive,,,,,nematode,,-1.0,-1.0,-1.0,-1.0,0.9999871253967285,-1.0,-1.0,0.17383614229173425,0.1918059488118723,-1.0,0.9371755385438469,-1.0
REQ-00003,2000,250,8.859512090682983,0.28243494033813477,"['resnet18', 'mobilenet_v3_small']","['resnet18', 'mobilenet_v3_small']",crane,0.6064089563847237,weighted_majority,8628.922959091142,True,n02012849,3,0.9,[],2,ran_all,0.8,greedy,0.8,adaptive,crane,golf_ball,,,,,0.2619198262691498,0.1699996292591095,-1.0,-1.0,-1.0,-1.0,0.2476925593479246,0.1883224874827121,-1.0,-1.0,-1.0,-1.0
REQ-00004,2000,250,5.581889867782593,0.6288411617279053,"['resnet18', 'mobilenet_v3_small']",['resnet18'],sea_anemone,0.9758986234664917,single_model,13483.679958153516,True,n01914609,3,0.9,[],2,early_exit_first_pass=resnet18,1.0,greedy,0.8,adaptive,,sea_anemone,,,,,-1.0,0.9758986234664917,-1.0,-1.0,-1.0,-1.0,0.43601504683063763,0.40633001089803095,-1.0,-1.0,-1.0,-1.0
REQ-00007,2000,250,4.557413816452026,1.6959881782531738,"['resnet18', 'mobilenet_v3_small']",['resnet18'],harvestman,0.9945933222770691,single_model,12539.67275004834,True,n01770081,3,0.9,[],2,early_exit_first_pass=resnet18,1.6,greedy,0.76,adaptive,,harvestman,,,,,-1.0,0.9945933222770691,-1.0,-1.0,-1.0,-1.0,0.4657000827632431,0.4063300108980306,-1.0,-1.0,-1.0,-1.0
REQ-00006,2000,250,6.660153150558472,1.1563282012939453,"['resnet18', 'mobilenet_v3_small']",['resnet18'],indigo_bunting,0.9931890964508057,single_model,13599.470832850784,True,n01537544,3,0.9,[],2,early_exit_first_pass=resnet18,1.4,greedy,0.7733333333333334,adaptive,,indigo_bunting,,,,,-1.0,0.9931890964508057,-1.0,-1.0,-1.0,-1.0,0.46570008276324315,0.4063300108980306,-1.0,-1.0,-1.0,-1.0
REQ-00008,2000,250,6.661372900009155,1.7220079898834229,"['resnet18', 'mobilenet_v3_small']","['resnet18', 'mobilenet_v3_small']",rock_crab,1.0,weighted_majority,16493.785874918103,True,n01978455,3,0.9,[],2,ran_all,1.8,greedy,0.7466666666666667,adaptive,rock_crab,rock_crab,,,,,0.837429940700531,0.8449801206588745,-1.0,-1.0,-1.0,-1.0,0.4624017454373979,0.4063300108980306,-1.0,-1.0,-1.0,-1.0
REQ-00000,2000,250,5.581336975097656,1.9073486328125e-06,"['vit_b_16', 'resnet50', 'resnet34']","['vit_b_16', 'resnet50']",wolf_spider,1.0,weighted_majority,18567.679833853617,True,n01775062,3,0.9,[],2,"early_exit_second_pass_aggregate=(vit_b_16,resnet50)",0.2,greedy,0.8,adaptive,,,,wolf_spider,,wolf_spider,-1.0,-1.0,-1.0,0.939857006072998,-1.0,0.8739657402038574,-1.0,-1.0,0.1918059488118723,0.30472370678874044,-1.0,0.28457807195481616
REQ-00005,2000,250,7.835834741592407,0.8171482086181641,"['resnet18', 'mobilenet_v3_small']","['resnet18', 'mobilenet_v3_small']",tench,0.590430884008186,weighted_majority,17678.382917074487,True,n01440764,3,0.9,[],2,ran_all,1.2,greedy,0.7866666666666667,adaptive,goldfish,tench,,,,,0.6221007704734802,0.8968144655227661,-1.0,-1.0,-1.0,-1.0,0.45580507078570787,0.3964349989204954,-1.0,-1.0,-1.0,-1.0
REQ-00001,2000,250,8.44815683364868,0.05744314193725586,"['resnet101', 'resnet50', 'resnet34']",['resnet101'],goldfinch,0.9998918771743774,single_model,19360.80004204996,True,n01531178,3,0.9,[],2,early_exit_first_pass=resnet101,0.4,greedy,0.8,adaptive,,,,,goldfinch,,-1.0,-1.0,-1.0,-1.0,0.9998918771743774,-1.0,-1.0,-1.0,0.1918059488118723,0.30472370678874044,0.9371755385438469,-1.0




REQ-00003,2000,500,4.924040794372559,0.47224879264831543,"['resnet101', 'resnet34', 'resnet18']",['resnet101'],hammerhead,0.9999338388442993,single_model,9561.311667086557,True,n01494475,3,0.9,[],2,early_exit_first_pass=resnet101,0.8,greedy,0.8,adaptive,,,,,hammerhead,,-1.0,-1.0,-1.0,-1.0,0.9999338388442993,-1.0,-1.0,0.13053240185152237,0.1878459011447831,-1.0,0.8394369521033388,-1.0
REQ-00002,2000,500,4.907547950744629,0.4345390796661377,"['resnet101', 'resnet34', 'resnet18']","['resnet101', 'resnet34']",black_and_gold_garden_spider,1.0,weighted_majority,11725.419875001535,True,n01773157,3,0.9,[],2,deadline_stop_before_resnet18,0.6,greedy,0.8,adaptive,,,black_and_gold_garden_spider,,black_and_gold_garden_spider,,-1.0,-1.0,0.8834112286567688,-1.0,0.8659306764602661,-1.0,-1.0,0.13053240185152237,0.1878459011447831,-1.0,0.8394369521033388,-1.0
REQ-00006,2000,500,2.820589065551758,2.691269874572754,['mobilenet_v3_small'],['mobilenet_v3_small'],jellyfish,0.6884147524833679,single_model,12801.388417137787,True,n01910747,3,0.9,[],2,ran_all,1.4,greedy,0.7733333333333334,adaptive,jellyfish,,,,,,0.6884147524833679,-1.0,-1.0,-1.0,-1.0,-1.0,5.203744940644468,-1.0,-1.0,-1.0,-1.0,-1.0
REQ-00007,2000,500,5.243374109268188,3.132154941558838,['mobilenet_v3_small'],['mobilenet_v3_small'],sulphur-crested_cockatoo,0.9999978542327881,single_model,15227.295040851459,True,n01819313,3,0.9,[],2,early_exit_first_pass=mobilenet_v3_small,1.6,greedy,0.76,adaptive,sulphur-crested_cockatoo,,,,,,0.9999978542327881,-1.0,-1.0,-1.0,-1.0,-1.0,4.2186004820191,-1.0,-1.0,-1.0,-1.0,-1.0
REQ-00000,2000,500,8.42845916748047,3.0994415283203125e-06,"['vit_b_16', 'resnet50', 'resnet34']","['vit_b_16', 'resnet50']",wolf_spider,1.0,weighted_majority,18409.014499979094,True,n01775062,3,0.9,[],2,"early_exit_second_pass_aggregate=(vit_b_16,resnet50)",0.2,greedy,0.8,adaptive,,,,wolf_spider,,wolf_spider,-1.0,-1.0,-1.0,0.9725172519683838,-1.0,0.6883448362350464,-1.0,-1.0,0.1878459011447831,0.2845174568151556,-1.0,0.21378829484495043
REQ-00008,2000,500,5.18409490585327,3.2425999641418457,['mobilenet_v3_small'],['mobilenet_v3_small'],great_white_shark,0.4526537358760834,single_model,17165.973082883283,True,n01484850,3,0.9,[],2,ran_all,1.8,greedy,0.7466666666666667,adaptive,great_white_shark,,,,,,0.4526537358760834,-1.0,-1.0,-1.0,-1.0,-1.0,3.5618375096021864,-1.0,-1.0,-1.0,-1.0,-1.0
REQ-00004,2000,500,6.16388988494873,1.675469160079956,['mobilenet_v3_small'],['mobilenet_v3_small'],jellyfish,0.9960297346115112,single_model,19148.631958058104,True,n01910747,3,0.9,[],2,early_exit_first_pass=mobilenet_v3_small,1.0,greedy,0.8,adaptive,jellyfish,,,,,,0.9960297346115112,-1.0,-1.0,-1.0,-1.0,-1.0,10.129467233771312,-1.0,-1.0,-1.0,-1.0,-1.0
REQ-00010,2000,500,7.730127811431885,3.5883469581604004,['mobilenet_v3_small'],['mobilenet_v3_small'],green_snake,0.5690823793411255,single_model,17717.52970921807,True,n01729977,3,0.9,[],2,ran_all,2.2,greedy,0.72,adaptive,green_snake,,,,,,0.5690823793411255,-1.0,-1.0,-1.0,-1.0,-1.0,2.740883794081046,-1.0,-1.0,-1.0,-1.0,-1.0
REQ-00005,2000,500,4.586060047149658,1.9018349647521973,['mobilenet_v3_small'],['mobilenet_v3_small'],cock,0.8828011751174927,single_model,20561.20091606863,True,n01514668,3,0.9,[],2,ran_all,1.2,greedy,0.7866666666666667,adaptive,cock,,,,,,0.8828011751174927,-1.0,-1.0,-1.0,-1.0,-1.0,6.845652371686749,-1.0,-1.0,-1.0,-1.0,-1.0
REQ-00009,2000,500,2.981047868728638,3.4396510124206543,['mobilenet_v3_small'],['mobilenet_v3_small'],sea_lion,0.5897990465164185,single_model,20970.17408395186,True,n02077923,3,0.9,[],2,ran_all,2.0,greedy,0.7333333333333334,adaptive,sea_lion,,,,,,0.5897990465164185,-1.0,-1.0,-1.0,-1.0,-1.0,3.0927211007329634,-1.0,-1.0,-1.0,-1.0,-1.0
REQ-00011,2000,500,5.784656286239624,3.7254819869995117,['mobilenet_v3_small'],['mobilenet_v3_small'],sea_anemone,0.9341875314712524,single_model,25752.147583989426,True,n01914609,3,0.9,[],2,early_exit_first_pass=mobilenet_v3_small,2.4,greedy,0.7066666666666667,adaptive,sea_anemone,,,,,,0.9341875314712524,-1.0,-1.0,-1.0,-1.0,-1.0,2.467232555573999,-1.0,-1.0,-1.0,-1.0,-1.0
REQ-00001,2000,500,4.129180908203125,0.403270959854126,"['resnet101', 'resnet50', 'resnet34']",['resnet101'],sea_lion,0.9783203601837158,single_model,29100.650124950334,True,n02077923,3,0.9,[],2,early_exit_first_pass=resnet101,0.4,greedy,0.8,adaptive,,,,,sea_lion,,-1.0,-1.0,-1.0,-1.0,0.9783203601837158,-1.0,-1.0,-1.0,0.1878459011447831,0.2845174568151556,0.8394369521033388,-1.0




REQ-00003,2000,750,2.284175872802734,0.5493590831756592,['mobilenet_v3_small'],['mobilenet_v3_small'],chiton,0.9801633954048157,single_model,6096.9386249780655,True,n01955084,3,0.9,[],2,early_exit_first_pass=mobilenet_v3_small,0.8,greedy,0.8,adaptive,chiton,,,,,,0.9801633954048157,-1.0,-1.0,-1.0,-1.0,-1.0,0.06652081069048674,-1.0,-1.0,-1.0,-1.0,-1.0
REQ-00004,2000,750,1.886736869812012,0.9836170673370361,['mobilenet_v3_small'],['mobilenet_v3_small'],crane,0.9927733540534973,single_model,5868.800374912098,True,n02012849,3,0.9,[],2,early_exit_first_pass=mobilenet_v3_small,1.0,greedy,0.8,adaptive,crane,,,,,,0.9927733540534973,-1.0,-1.0,-1.0,-1.0,-1.0,0.13304162138097347,-1.0,-1.0,-1.0,-1.0,-1.0
REQ-00005,2000,750,5.492815732955933,1.442270040512085,['mobilenet_v3_small'],['mobilenet_v3_small'],american_lobster,0.8635483384132385,single_model,5477.395958034322,True,n01984695,3,0.9,[],2,ran_all,1.2,greedy,0.7866666666666667,adaptive,american_lobster,,,,,,0.8635483384132385,-1.0,-1.0,-1.0,-1.0,-1.0,0.13304162138097347,-1.0,-1.0,-1.0,-1.0,-1.0
REQ-00006,2000,750,5.549869060516357,1.6302800178527832,['mobilenet_v3_small'],['mobilenet_v3_small'],garden_spider,0.44324880838394165,single_model,7337.58437493816,True,n01773797,3,0.9,[],2,ran_all,1.4,greedy,0.7733333333333334,adaptive,garden_spider,,,,,,0.44324880838394165,-1.0,-1.0,-1.0,-1.0,-1.0,0.13304162138097347,-1.0,-1.0,-1.0,-1.0,-1.0
REQ-00007,2000,750,4.482449054718018,1.8608739376068115,['mobilenet_v3_small'],['mobilenet_v3_small'],hognose_snake,0.6990407109260559,single_model,8304.46808389388,True,n01729322,3,0.9,[],2,ran_all,1.6,greedy,0.76,adaptive,hognose_snake,,,,,,0.6990407109260559,-1.0,-1.0,-1.0,-1.0,-1.0,0.13304162138097347,-1.0,-1.0,-1.0,-1.0,-1.0
REQ-00009,2000,750,3.686887264251709,2.516284942626953,['mobilenet_v3_small'],['mobilenet_v3_small'],bee_eater,0.9985527396202087,single_model,14674.0117080044,True,n01828970,3,0.9,[],2,early_exit_first_pass=mobilenet_v3_small,2.0,greedy,0.7333333333333334,adaptive,bee_eater,,,,,,0.9985527396202087,-1.0,-1.0,-1.0,-1.0,-1.0,0.13304162138097347,-1.0,-1.0,-1.0,-1.0,-1.0
REQ-00001,2000,750,3.749520778656006,0.014021158218383789,"['resnet50', 'resnet34', 'resnet18']",['resnet50'],thunder_snake,0.9072737693786621,single_model,19501.685707829893,True,n01728572,3,0.9,[],2,early_exit_first_pass=resnet50,0.4,greedy,0.8,adaptive,,,,thunder_snake,,,-1.0,-1.0,-1.0,0.9072737693786621,-1.0,-1.0,-1.0,0.09223233704828487,0.0838564517878514,0.15472314054534347,-1.0,-1.0
REQ-00008,2000,750,2.348675966262817,1.9260129928588867,['mobilenet_v3_small'],['mobilenet_v3_small'],macaw,0.9997453093528748,single_model,18066.932250047103,True,n01818515,3,0.9,[],2,early_exit_first_pass=mobilenet_v3_small,1.8,greedy,0.7466666666666667,adaptive,macaw,,,,,,0.9997453093528748,-1.0,-1.0,-1.0,-1.0,-1.0,0.13304162138097347,-1.0,-1.0,-1.0,-1.0,-1.0
REQ-00010,2000,750,4.550349235534668,2.6737680435180664,['mobilenet_v3_small'],['mobilenet_v3_small'],black_swan,0.9999998807907104,single_model,19535.26816703379,True,n01860187,3,0.9,[],2,early_exit_first_pass=mobilenet_v3_small,2.2,greedy,0.72,adaptive,black_swan,,,,,,0.9999998807907104,-1.0,-1.0,-1.0,-1.0,-1.0,0.13304162138097347,-1.0,-1.0,-1.0,-1.0,-1.0
REQ-00002,2000,750,2.868489980697632,0.39705801010131836,"['resnet50', 'resnet18', 'mobilenet_v3_small']",['resnet50'],red-backed_sandpiper,0.9555387496948242,single_model,23746.019250014797,True,n02027492,3,0.9,[],2,early_exit_first_pass=resnet50,0.6,greedy,0.8,adaptive,,,,red-backed_sandpiper,,,-1.0,-1.0,-1.0,0.9555387496948242,-1.0,-1.0,0.061403825252756984,0.09223233704828487,-1.0,0.15472314054534347,-1.0,-1.0
REQ-00000,2000,750,4.33473491668701,3.0994415283203125e-06,"['vit_b_16', 'resnet101', 'resnet50']","['vit_b_16', 'resnet101']",kite,1.0,weighted_majority,24313.624792033806,True,n01608432,3,0.9,[],2,"early_exit_second_pass_aggregate=(vit_b_16,resnet101)",0.2,greedy,0.8,adaptive,,,,,kite,kite,-1.0,-1.0,-1.0,-1.0,0.9941871166229248,0.8991081714630127,-1.0,-1.0,-1.0,0.15472314054534347,0.38785125645425755,0.2116855850807721





REQ-00003,2000,1000,2.1574671268463135,1.7873737812042236,['mobilenet_v3_small'],['mobilenet_v3_small'],leafhopper,0.4268535077571869,single_model,6141.5969578083605,True,n01944390,3,0.9,[],2,ran_all,0.8,greedy,0.8,adaptive,leafhopper,,,,,,0.4268535077571869,-1.0,-1.0,-1.0,-1.0,-1.0,0.10570336702749238,-1.0,-1.0,-1.0,-1.0,-1.0
REQ-00004,2000,1000,3.731693267822266,2.3062191009521484,['mobilenet_v3_small'],['mobilenet_v3_small'],redshank,0.999940037727356,single_model,5715.044958051294,True,n02028035,3,0.9,[],2,early_exit_first_pass=mobilenet_v3_small,1.0,greedy,0.8,adaptive,redshank,,,,,,0.999940037727356,-1.0,-1.0,-1.0,-1.0,-1.0,0.21140673405498475,-1.0,-1.0,-1.0,-1.0,-1.0
REQ-00005,2000,1000,3.747606992721558,3.4977338314056396,['mobilenet_v3_small'],['mobilenet_v3_small'],monitor,0.18825086951255798,single_model,8730.895542073995,True,n01775062,3,0.9,[],2,ran_all,1.2,greedy,0.7866666666666667,adaptive,monitor,,,,,,0.18825086951255798,-1.0,-1.0,-1.0,-1.0,-1.0,0.21140673405498475,-1.0,-1.0,-1.0,-1.0,-1.0
REQ-00002,2000,1000,1.884817123413086,0.6764020919799805,"['resnet34', 'resnet18', 'mobilenet_v3_small']","['resnet34', 'resnet18']",horned_viper,1.0,weighted_majority,11823.049125028774,True,n01753488,3,0.9,[],2,deadline_stop_before_mobilenet_v3_small,0.6,greedy,0.8,adaptive,,horned_viper,horned_viper,,,,-1.0,0.5847625136375427,0.8290574550628662,-1.0,-1.0,-1.0,0.09757233879460835,0.11350542520588597,0.15923062200939736,-1.0,-1.0,-1.0
REQ-00000,2000,1000,3.483630180358887,1.9073486328125e-06,"['vit_b_16', 'resnet50', 'resnet34']","['vit_b_16', 'resnet50']",tarantula,1.0,weighted_majority,13468.127333093435,True,n01774750,3,0.9,[],2,"early_exit_second_pass_aggregate=(vit_b_16,resnet50)",0.2,greedy,0.8,adaptive,,,,tarantula,,tarantula,-1.0,-1.0,-1.0,0.9771575331687927,-1.0,0.88880854845047,-1.0,-1.0,0.15923062200939736,0.29998215224433356,-1.0,0.4654440480218903
REQ-00001,2000,1000,2.672786712646484,0.4676229953765869,"['resnet101', 'resnet50', 'resnet34']",['resnet101'],tiger_shark,0.9795063734054565,single_model,15658.54175016284,True,n01491361,3,0.9,[],2,early_exit_first_pass=resnet101,0.4,greedy,0.8,adaptive,,,,,tiger_shark,,-1.0,-1.0,-1.0,-1.0,0.9795063734054565,-1.0,-1.0,-1.0,0.15923062200939736,0.29998215224433356,0.8924905157483419,-1.0




REQ-00003,2000,1000,3.759954929351807,2.7839698791503906,"['vit_b_16', 'resnet50', 'resnet101', 'resnet34']",['vit_b_16'],magpie,0.9019079804420471,single_model,23564.13449998945,True,n01582220,4,0.9,[],2,early_exit_first_pass=vit_b_16,0.8,greedy,0.8,adaptive,,,,,,magpie,-1.0,-1.0,-1.0,-1.0,-1.0,0.9019079804420471,-1.0,-1.0,0.14883392661754538,0.21717641986207642,0.7354409671837281,0.458190142631786
REQ-00000,2000,1000,2.544148921966553,1.9073486328125e-06,"['vit_b_16', 'resnet101', 'resnet50', 'resnet34']","['vit_b_16', 'resnet101']",chickadee,1.0,weighted_majority,28521.368500078097,True,n01592084,4,0.9,[],2,"early_exit_second_pass_aggregate=(vit_b_16,resnet101)",0.2,greedy,0.8,adaptive,,,,,chickadee,chickadee,-1.0,-1.0,-1.0,-1.0,0.9994871616363525,0.8800939321517944,-1.0,-1.0,0.13738516303158035,0.20047054141114745,0.6788685850926721,0.4229447470447255
REQ-00002,2000,1000,4.0237238407135,2.7087111473083496,"['vit_b_16', 'resnet101', 'resnet50', 'resnet34']","['vit_b_16', 'resnet101']",spotted_salamander,1.0,weighted_majority,36941.153374966234,True,n01632458,4,0.9,[],2,"early_exit_second_pass_aggregate=(vit_b_16,resnet101)",0.6,greedy,0.8,adaptive,,,,,spotted_salamander,spotted_salamander,-1.0,-1.0,-1.0,-1.0,0.9925278425216675,0.8753352165222168,-1.0,-1.0,0.13738516303158035,0.20047054141114745,0.6788685850926721,0.4229447470447255
REQ-00001,2000,1000,5.2215850353241,2.302708148956299,"['vit_b_16', 'resnet101', 'resnet50', 'resnet34']","['vit_b_16', 'resnet101']",oystercatcher,1.0,weighted_majority,38207.39237498492,True,n02037110,4,0.9,[],2,"early_exit_second_pass_aggregate=(vit_b_16,resnet101)",0.4,greedy,0.8,adaptive,,,,,oystercatcher,oystercatcher,-1.0,-1.0,-1.0,-1.0,0.9998399019241333,0.8583316206932068,-1.0,-1.0,0.13738516303158035,0.20047054141114745,0.6788685850926721,0.4229447470447255
REQ-00004,2000,1000,6.47713589668274,3.150714159011841,"['vit_b_16', 'resnet50', 'resnet101', 'resnet34']","['vit_b_16', 'resnet50']",prairie_chicken,1.0,weighted_majority,37458.79558403976,True,n01798484,4,0.9,[],2,"early_exit_second_pass_aggregate=(vit_b_16,resnet50)",1.0,greedy,0.8,adaptive,,,,prairie_chicken,,prairie_chicken,-1.0,-1.0,-1.0,0.992228090763092,-1.0,0.8715299963951111,-1.0,-1.0,0.48651720786446695,0.554859701108998,1.0731242484306498,0.7958734238787075
REQ-00006,2000,1000,3.5722439289093,5.1668829917907715,"['vit_b_16', 'resnet50', 'resnet101', 'resnet34']","['vit_b_16', 'resnet50']",chambered_nautilus,1.0,weighted_majority,39545.11375003494,True,n01968897,4,0.9,[],2,"early_exit_second_pass_aggregate=(vit_b_16,resnet50)",1.2,greedy,0.7866666666666667,adaptive,,,,chambered_nautilus,,chambered_nautilus,-1.0,-1.0,-1.0,0.9999151229858398,-1.0,0.8954715132713318,-1.0,-1.0,0.48651720786447333,0.5548597011090044,1.073124248430656,0.795873423878714
REQ-00005,2000,1000,3.49566316604614,3.2002451419830322,"['vit_b_16', 'resnet50', 'resnet101', 'resnet34']","['vit_b_16', 'resnet50']",common_iguana,1.0,weighted_majority,43358.82295900956,True,n01677366,4,0.9,[],2,"early_exit_second_pass_aggregate=(vit_b_16,resnet50)",1.2,greedy,0.7866666666666667,adaptive,,,,common_iguana,,common_iguana,-1.0,-1.0,-1.0,0.9856780171394348,-1.0,0.8987487554550171,-1.0,-1.0,0.5266861616594218,0.5950286549039527,1.0731242484306545,0.7958734238787123
REQ-00008,2000,1000,5.31731414794922,7.497046947479248,"['vit_b_16', 'resnet50', 'resnet101', 'resnet34']",['vit_b_16'],komodo_dragon,0.9396849274635315,single_model,45300.55049993098,True,n01695060,4,0.9,[],2,early_exit_first_pass=vit_b_16,1.4,greedy,0.7733333333333334,adaptive,,,,,,komodo_dragon,-1.0,-1.0,-1.0,-1.0,-1.0,0.9396849274635315,-1.0,-1.0,0.48651720786447467,0.5548597011090056,1.0731242484306573,0.7958734238787152
REQ-00009,2000,1000,4.73851799964905,7.777951240539551,"['vit_b_16', 'resnet50', 'resnet101', 'resnet34']","['vit_b_16', 'resnet50']",water_ouzel,1.0,weighted_majority,47724.00554199703,True,n01601694,4,0.9,[],2,"early_exit_second_pass_aggregate=(vit_b_16,resnet50)",1.4,greedy,0.7733333333333334,adaptive,,,,water_ouzel,,water_ouzel,-1.0,-1.0,-1.0,0.9425860047340393,-1.0,0.8908777236938477,-1.0,-1.0,0.486517207864475,0.554859701109006,1.0731242484306576,0.7958734238787156
REQ-00007,2000,1000,2.69584107398987,6.494952201843262,"['vit_b_16', 'resnet50', 'resnet101', 'resnet34']","['vit_b_16', 'resnet50']",hen,1.0,weighted_majority,49662.24283305928,True,n01514859,4,0.9,[],2,"early_exit_second_pass_aggregate=(vit_b_16,resnet50)",1.4,greedy,0.7733333333333334,adaptive,,,,hen,,hen,-1.0,-1.0,-1.0,0.9303440451622009,-1.0,0.8506290912628174,-1.0,-1.0,0.48651720786447417,0.5548597011090052,1.073124248430657,0.7958734238787146




REQ-00001,2000,750,4.24193000793457,0.13021206855773926,"['vit_b_16', 'resnet101', 'resnet50', 'resnet34']","['vit_b_16', 'resnet101']",spiny_lobster,1.0,weighted_majority,28143.24887492694,True,n01984695,4,0.9,[],2,deadline_stop_before_resnet50,0.4,greedy,0.8,adaptive,,,,,spiny_lobster,spiny_lobster,-1.0,-1.0,-1.0,-1.0,0.744659423828125,0.8631847500801086,-1.0,-1.0,0.12984307780174004,0.42974499578946235,0.6276966151657933,0.5165342360161889
REQ-00002,2000,750,4.31574034690857,2.1177818775177,"['vit_b_16', 'resnet101', 'resnet50', 'resnet34']","['vit_b_16', 'resnet101']",hen,1.0,weighted_majority,33286.71241691336,True,n01514859,4,0.9,[],2,"early_exit_second_pass_aggregate=(vit_b_16,resnet101)",0.6,greedy,0.8,adaptive,,,,,hen,hen,-1.0,-1.0,-1.0,-1.0,0.9119517207145691,0.8711913228034973,-1.0,-1.0,0.12984307780174004,0.42974499578946235,0.6276966151657933,0.5165342360161889
REQ-00003,2000,750,3.31438684463501,2.1352360248565674,"['vit_b_16', 'resnet101', 'resnet50', 'resnet34']","['vit_b_16', 'resnet101']",redshank,1.0,weighted_majority,33167.84441610798,True,n02028035,4,0.9,[],2,deadline_stop_before_resnet50,0.8,greedy,0.8,adaptive,,,,,redshank,redshank,-1.0,-1.0,-1.0,-1.0,0.8327547311782837,0.8231530785560608,-1.0,-1.0,0.12984307780174004,0.42974499578946235,0.6276966151657933,0.5165342360161889
REQ-00000,2000,750,7.28034687042236,1.9073486328125e-06,"['vit_b_16', 'resnet101', 'resnet50', 'resnet34']","['vit_b_16', 'resnet101']",american_alligator,1.0,weighted_majority,37249.23320906237,True,n01698640,4,0.9,[],2,"early_exit_second_pass_aggregate=(vit_b_16,resnet101)",0.2,greedy,0.8,adaptive,,,,,american_alligator,american_alligator,-1.0,-1.0,-1.0,-1.0,0.9939899444580078,0.7353588938713074,-1.0,-1.0,0.12984307780174004,0.42974499578946235,0.6276966151657933,0.5165342360161889
REQ-00006,2000,750,5.10206627845764,3.3815829753875732,"['vit_b_16', 'resnet101', 'resnet50', 'resnet34']","['vit_b_16', 'resnet101']",banded_gecko,1.0,weighted_majority,45078.95249989815,True,n01675722,4,0.9,[],2,"early_exit_second_pass_aggregate=(vit_b_16,resnet101)",1.4,greedy,0.7733333333333334,adaptive,,,,,banded_gecko,banded_gecko,-1.0,-1.0,-1.0,-1.0,0.9887265563011169,0.8255074620246887,-1.0,-1.0,0.7604550453421225,1.0853487898288217,1.2997963774865133,1.1793704667411087
REQ-00008,2000,750,6.779296875,5.599951982498169,"['vit_b_16', 'resnet101', 'resnet50', 'resnet34']","['vit_b_16', 'resnet101']",bald_eagle,1.0,weighted_majority,52751.590833067894,True,n01614925,4,0.9,[],2,"early_exit_second_pass_aggregate=(vit_b_16,resnet101)",1.4,greedy,0.7733333333333334,adaptive,,,,,bald_eagle,bald_eagle,-1.0,-1.0,-1.0,-1.0,0.989633321762085,0.892547070980072,-1.0,-1.0,0.7604550453421237,1.0853487898288228,1.2997963774865149,1.1793704667411098
REQ-00004,2000,750,5.58630084991455,2.831634044647217,"['vit_b_16', 'resnet101', 'resnet50', 'resnet34']","['vit_b_16', 'resnet101']",spoonbill,1.0,weighted_majority,57570.07295801304,True,n02006656,4,0.9,[],2,"early_exit_second_pass_aggregate=(vit_b_16,resnet101)",1.0,greedy,0.8,adaptive,,,,,spoonbill,spoonbill,-1.0,-1.0,-1.0,-1.0,0.9986482262611389,0.888813853263855,-1.0,-1.0,0.7604550453421167,1.0853487898288159,1.2997963774865076,1.179370466741103
REQ-00005,2000,750,6.11859202384949,3.043335199356079,"['vit_b_16', 'resnet101', 'resnet50', 'resnet34']","['vit_b_16', 'resnet101']",sea_lion,1.0,weighted_majority,59095.41762503795,True,n02077923,4,0.9,[],2,"early_exit_second_pass_aggregate=(vit_b_16,resnet101)",1.2,greedy,0.7866666666666667,adaptive,,,,,sea_lion,sea_lion,-1.0,-1.0,-1.0,-1.0,0.9957822561264038,0.8422762155532837,-1.0,-1.0,0.760455045342121,1.08534878982882,1.299796377486512,1.1793704667411071
REQ-00007,2000,750,4.064319133758545,5.116918087005615,"['vit_b_16', 'resnet101', 'resnet50', 'resnet34']","['vit_b_16', 'resnet101']",sulphur-crested_cockatoo,1.0,weighted_majority,57028.800500091165,True,n01819313,4,0.9,[],2,"early_exit_second_pass_aggregate=(vit_b_16,resnet101)",1.4,greedy,0.7733333333333334,adaptive,,,,,sulphur-crested_cockatoo,sulphur-crested_cockatoo,-1.0,-1.0,-1.0,-1.0,0.9996901750564575,0.8936991691589355,-1.0,-1.0,0.7604550453421233,1.0853487898288223,1.2997963774865144,1.1793704667411093



REQ-00000,2000,500,4.036041975021362,3.0994415283203125e-06,"['vit_b_16', 'resnet50', 'resnet34', 'resnet18']",['vit_b_16'],hammerhead,0.9040279388427734,single_model,10020.40999988094,True,n01494475,4,0.9,[],2,early_exit_first_pass=vit_b_16,0.2,greedy,0.8,adaptive,,,,,,hammerhead,-1.0,-1.0,-1.0,-1.0,-1.0,0.9040279388427734,-1.0,0.09264601410258846,0.14937617478928142,0.1997197254749168,-1.0,0.5917099361116215
REQ-00001,2000,500,6.058189153671265,0.042706966400146484,"['vit_b_16', 'resnet50', 'resnet34', 'resnet18']","['vit_b_16', 'resnet50']",hornbill,1.0,weighted_majority,16544.46899984032,True,n01829413,4,0.9,[],2,"early_exit_second_pass_aggregate=(vit_b_16,resnet50)",0.4,greedy,0.8,adaptive,,,,hornbill,,hornbill,-1.0,-1.0,-1.0,0.9880935549736023,-1.0,0.8927326798439026,-1.0,0.09264601410258846,0.14937617478928142,0.1997197254749168,-1.0,0.5917099361116215
REQ-00002,2000,500,8.836546182632446,0.21186113357543945,"['vit_b_16', 'resnet50', 'resnet34', 'resnet18']","['vit_b_16', 'resnet50']",jellyfish,1.0,weighted_majority,18200.79958392307,True,n01910747,4,0.9,[],2,"early_exit_second_pass_aggregate=(vit_b_16,resnet50)",0.6,greedy,0.8,adaptive,,,,jellyfish,,jellyfish,-1.0,-1.0,-1.0,0.974772572517395,-1.0,0.8956688642501831,-1.0,0.09264601410258846,0.14937617478928142,0.1997197254749168,-1.0,0.5917099361116215
REQ-00003,2000,500,9.782170295715332,1.2117981910705566,"['vit_b_16', 'resnet50', 'resnet34', 'resnet18']","['vit_b_16', 'resnet50']",prairie_chicken,1.0,weighted_majority,21754.30874992162,True,n01798484,4,0.9,[],2,"early_exit_second_pass_aggregate=(vit_b_16,resnet50)",0.8,greedy,0.8,adaptive,,,,prairie_chicken,,prairie_chicken,-1.0,-1.0,-1.0,0.9944283962249756,-1.0,0.8777381181716919,-1.0,0.10036651527780417,0.16182418935505488,0.21636303593115985,-1.0,0.6410190974542566
REQ-00005,2000,500,5.610172986984253,1.2649259567260742,"['vit_b_16', 'resnet50', 'resnet34', 'resnet18']","['vit_b_16', 'resnet50']",mud_turtle,1.0,weighted_majority,26254.55925008282,True,n01667114,4,0.9,[],2,deadline_stop_before_resnet34,1.2,greedy,0.7866666666666667,adaptive,,,,mud_turtle,,mud_turtle,-1.0,-1.0,-1.0,0.8576942086219788,-1.0,0.8921799659729004,-1.0,0.5290575819705038,0.5905152560477545,0.6450541026238594,-1.0,1.0697101641469562
REQ-00004,2000,500,8.76014995574951,1.245863914489746,"['vit_b_16', 'resnet50', 'resnet34', 'resnet18']",['vit_b_16'],chambered_nautilus,0.9350435733795166,single_model,28527.4971248582,True,n01968897,4,0.9,[],2,early_exit_first_pass=vit_b_16,1.0,greedy,0.8,adaptive,,,,,,chambered_nautilus,-1.0,-1.0,-1.0,-1.0,-1.0,0.9350435733795166,-1.0,0.5290575819705038,0.5905152560477545,0.6450541026238594,-1.0,1.0697101641469562
REQ-00006,2000,500,6.87279677391052,1.2989890575408936,"['vit_b_16', 'resnet50', 'resnet34', 'resnet18']",['vit_b_16'],chambered_nautilus,0.911090612411499,single_model,33363.32749994472,True,n01968897,4,0.9,[],2,early_exit_first_pass=vit_b_16,1.4,greedy,0.7733333333333334,adaptive,,,,,,chambered_nautilus,-1.0,-1.0,-1.0,-1.0,-1.0,0.911090612411499,-1.0,0.5290575819705038,0.5905152560477545,0.6450541026238594,-1.0,1.0697101641469562
REQ-00008,2000,500,6.4495849609375,2.6393280029296875,"['vit_b_16', 'resnet50', 'resnet34', 'resnet18']",['vit_b_16'],green_lizard,0.9487102627754211,single_model,43420.59191712178,True,n01693334,4,0.9,[],2,early_exit_first_pass=vit_b_16,1.8,greedy,0.7466666666666667,adaptive,,,,,,green_lizard,-1.0,-1.0,-1.0,-1.0,-1.0,0.9487102627754211,-1.0,0.5290575819705108,0.5905152560477613,0.6450541026238664,-1.0,1.0933021675649128
REQ-00007,2000,500,8.91132998466492,1.3176052570343018,"['vit_b_16', 'resnet50', 'resnet34', 'resnet18']","['vit_b_16', 'resnet50']",garter_snake,1.0,weighted_majority,44265.5130000785,True,n01735189,4,0.9,[],2,"early_exit_second_pass_aggregate=(vit_b_16,resnet50)",1.6,greedy,0.76,adaptive,,,,garter_snake,,garter_snake,-1.0,-1.0,-1.0,0.9901069402694702,-1.0,0.8632397055625916,-1.0,0.5290575819705038,0.5905152560477545,0.6450541026238594,-1.0,1.0697101641469562
REQ-00009,2000,500,7.345295667648315,2.7633841037750244,"['vit_b_16', 'resnet50', 'resnet34', 'resnet18']",['vit_b_16'],red-backed_sandpiper,0.9120095372200012,single_model,44219.16687488556,True,n02027492,4,0.9,[],2,early_exit_first_pass=vit_b_16,2.0,greedy,0.7333333333333334,adaptive,,,,,,red-backed_sandpiper,-1.0,-1.0,-1.0,-1.0,-1.0,0.9120095372200012,-1.0,0.5526495853884604,0.6141072594657111,0.8636776607820335,-1.0,1.106742853738033
REQ-00010,2000,500,5.567420959472656,3.586541175842285,"['vit_b_16', 'resnet50', 'resnet34', 'resnet18']","['vit_b_16', 'resnet50']",prairie_chicken,1.0,weighted_majority,45549.324915977195,True,n01798484,4,0.9,[],2,"early_exit_second_pass_aggregate=(vit_b_16,resnet50)",2.2,greedy,0.72,adaptive,,,,prairie_chicken,,prairie_chicken,-1.0,-1.0,-1.0,0.9981589913368225,-1.0,0.89243084192276,-1.0,0.6149810992150686,0.6764387732923194,0.9260091746086416,-1.0,1.155633681391521
REQ-00011,2000,500,8.18576383590698,3.737861156463623,"['vit_b_16', 'resnet50', 'resnet34', 'resnet18']","['vit_b_16', 'resnet50']",peacock,1.0,weighted_majority,47777.92454208247,True,n01806143,4,0.9,[],2,deadline_stop_before_resnet34,2.4,greedy,0.7066666666666667,adaptive,,,,peacock,,peacock,-1.0,-1.0,-1.0,0.6029539704322815,-1.0,0.8619406223297119,-1.0,0.7026822398922048,0.7641399139694556,1.013710315285778,-1.0,1.2433348220686573



REQ-00003,2000,250,5.90838313102722,1.117753028869629,"['vit_b_16', 'resnet101', 'resnet50', 'resnet34']","['vit_b_16', 'resnet101']",common_iguana,1.0,weighted_majority,30869.551541050896,True,n01677366,4,0.9,[],2,"early_exit_second_pass_aggregate=(vit_b_16,resnet101)",0.8,greedy,0.8,adaptive,,,,,common_iguana,common_iguana,-1.0,-1.0,-1.0,-1.0,0.9996473789215088,0.8748053312301636,-1.0,-1.0,0.14186361785626375,0.502387707883086,0.6353394901119127,0.6938869176264792
REQ-00000,2000,250,6.68988060951233,2.1457672119140625e-06,"['vit_b_16', 'resnet101', 'resnet50', 'resnet34']","['vit_b_16', 'resnet101']",rock_crab,1.0,weighted_majority,37672.1990830265,True,n01978455,4,0.9,[],2,"early_exit_second_pass_aggregate=(vit_b_16,resnet101)",0.2,greedy,0.8,adaptive,,,,,rock_crab,rock_crab,-1.0,-1.0,-1.0,-1.0,0.9182416796684265,0.5070798397064209,-1.0,-1.0,0.13095103186732038,0.46374249958438707,0.5864672216417656,0.6405110008859809
REQ-00002,2000,250,8.40950608253479,0.8148469924926758,"['vit_b_16', 'resnet101', 'resnet50', 'resnet34']","['vit_b_16', 'resnet101']",garter_snake,1.0,weighted_majority,37390.86295804009,True,n01735189,4,0.9,[],2,"early_exit_second_pass_aggregate=(vit_b_16,resnet101)",0.6,greedy,0.8,adaptive,,,,,garter_snake,garter_snake,-1.0,-1.0,-1.0,-1.0,0.9815991520881653,0.8437716960906982,-1.0,-1.0,0.13095103186732038,0.46374249958438707,0.5864672216417656,0.6405110008859809
REQ-00001,2000,250,6.06782603263855,0.17670702934265137,"['vit_b_16', 'resnet101', 'resnet50', 'resnet34']","['vit_b_16', 'resnet101']",agama,1.0,weighted_majority,37950.808874797076,True,n01687978,4,0.9,[],2,"early_exit_second_pass_aggregate=(vit_b_16,resnet101)",0.4,greedy,0.8,adaptive,,,,,agama,agama,-1.0,-1.0,-1.0,-1.0,0.9999041557312012,0.8515619039535522,-1.0,-1.0,0.13095103186732038,0.46374249958438707,0.5864672216417656,0.6405110008859809
REQ-00004,2000,250,9.73162293434143,1.625391960144043,"['vit_b_16', 'resnet101', 'resnet50', 'resnet34']","['vit_b_16', 'resnet101']",great_white_shark,1.0,weighted_majority,52708.69004097767,True,n01484850,4,0.9,[],2,"early_exit_second_pass_aggregate=(vit_b_16,resnet101)",1.0,greedy,0.8,adaptive,,,,,great_white_shark,great_white_shark,-1.0,-1.0,-1.0,-1.0,0.9899439811706543,0.887227475643158,-1.0,-1.0,0.806476821725451,1.1670009117522733,1.2999526939811001,1.3585001214956667
REQ-00005,2000,250,8.70314908027649,1.737154245376587,"['vit_b_16', 'resnet101', 'resnet50', 'resnet34']","['vit_b_16', 'resnet101']",jellyfish,1.0,weighted_majority,58606.73262504861,True,n01910747,4,0.9,[],2,"early_exit_second_pass_aggregate=(vit_b_16,resnet101)",1.2,greedy,0.7866666666666667,adaptive,,,,,jellyfish,jellyfish,-1.0,-1.0,-1.0,-1.0,0.9999772310256958,0.8971951007843018,-1.0,-1.0,0.8064768217254553,1.1670009117522775,1.2999526939811044,1.358500121495671
REQ-00010,2000,250,7.36487793922424,2.632220983505249,"['vit_b_16', 'resnet101', 'resnet50', 'resnet34']",['vit_b_16'],scorpion,0.9066851139068604,single_model,70091.88220812939,True,n01770393,4,0.9,[],2,early_exit_first_pass=vit_b_16,2.2,greedy,0.72,adaptive,,,,,,scorpion,-1.0,-1.0,-1.0,-1.0,-1.0,0.9066851139068604,-1.0,-1.0,0.8064768217254583,1.1670009117522806,1.2999526939811072,1.358500121495674
REQ-00006,2000,250,8.12600493431091,2.0112409591674805,"['vit_b_16', 'resnet101', 'resnet50', 'resnet34']","['vit_b_16', 'resnet101']",bulbul,1.0,weighted_majority,73115.14729191549,True,n01560419,4,0.9,[],2,"early_exit_second_pass_aggregate=(vit_b_16,resnet101)",1.4,greedy,0.7733333333333334,adaptive,,,,,bulbul,bulbul,-1.0,-1.0,-1.0,-1.0,0.9988787770271301,0.8950477838516235,-1.0,-1.0,0.8064768217254569,1.167000911752279,1.299952693981106,1.3585001214956727
REQ-00007,2000,250,10.2195770740509,2.0495729446411133,"['vit_b_16', 'resnet101', 'resnet50', 'resnet34']","['vit_b_16', 'resnet101']",horned_viper,1.0,weighted_majority,74088.13808299601,True,n01753488,4,0.9,[],2,deadline_stop_before_resnet50,1.6,greedy,0.76,adaptive,,,,,horned_viper,horned_viper,-1.0,-1.0,-1.0,-1.0,0.8616887331008911,0.5772781372070312,-1.0,-1.0,0.8064768217254576,1.16700091175228,1.2999526939811066,1.3585001214956731
REQ-00008,2000,250,8.5897901058197,2.489267110824585,"['vit_b_16', 'resnet101', 'resnet50', 'resnet34']","['vit_b_16', 'resnet101']",night_snake,0.5772214277845011,weighted_majority,78576.1667501647,True,n01740131,4,0.9,[],2,deadline_stop_before_resnet50,1.8,greedy,0.7466666666666667,adaptive,,,,,ringneck_snake,night_snake,-1.0,-1.0,-1.0,-1.0,0.2724219560623169,0.37193888425827026,-1.0,-1.0,0.806476821725458,1.1670009117522802,1.2999526939811068,1.3585001214956736
REQ-00009,2000,250,9.48430800437927,2.5890750885009766,"['vit_b_16', 'resnet101', 'resnet50', 'resnet34']","['vit_b_16', 'resnet101']",thunder_snake,1.0,weighted_majority,82355.8104170952,True,n01728572,4,0.9,[],2,deadline_stop_before_resnet50,2.0,greedy,0.7333333333333334,adaptive,,,,,thunder_snake,thunder_snake,-1.0,-1.0,-1.0,-1.0,0.7593069076538086,0.5496155023574829,-1.0,-1.0,0.8064768217254583,1.1670009117522806,1.2999526939811072,1.358500121495674




REQ-00001,2000,100,6.236918926239014,0.22162604331970215,"['vit_b_16', 'resnet50', 'resnet34', 'resnet18']","['vit_b_16', 'resnet50']",sulphur-crested_cockatoo,1.0,weighted_majority,13152.705416083336,True,n01819313,4,0.9,[],2,"early_exit_second_pass_aggregate=(vit_b_16,resnet50)",0.4,greedy,0.8,adaptive,,,,sulphur-crested_cockatoo,,sulphur-crested_cockatoo,-1.0,-1.0,-1.0,0.9998977184295654,-1.0,0.8976219296455383,-1.0,0.10200692204021498,0.13296495206757364,0.19719899764942747,-1.0,0.672326960462633
REQ-00002,2000,100,7.198108911514282,0.30854082107543945,"['vit_b_16', 'resnet50', 'resnet34', 'resnet18']",['vit_b_16'],bald_eagle,0.9068189859390259,single_model,13058.012791909277,True,n01614925,4,0.9,[],2,early_exit_first_pass=vit_b_16,0.6,greedy,0.8,adaptive,,,,,,bald_eagle,-1.0,-1.0,-1.0,-1.0,-1.0,0.9068189859390259,-1.0,0.10200692204021498,0.13296495206757364,0.19719899764942747,-1.0,0.672326960462633
REQ-00000,2000,100,7.01177668571472,3.0994415283203125e-06,"['vit_b_16', 'resnet50', 'resnet34', 'resnet18']","['vit_b_16', 'resnet50']",monarch,1.0,weighted_majority,18991.067541996017,True,n01685808,4,0.9,[],2,deadline_stop_before_resnet34,0.2,greedy,0.8,adaptive,,,,monarch,,monarch,-1.0,-1.0,-1.0,0.8291623592376709,-1.0,0.5513124465942383,-1.0,0.10200692204021498,0.13296495206757364,0.19719899764942747,-1.0,0.672326960462633
REQ-00003,2000,100,9.41594386100769,0.5347588062286377,"['vit_b_16', 'resnet50', 'resnet34', 'resnet18']","['vit_b_16', 'resnet50']",limpkin,1.0,weighted_majority,27027.21954183653,True,n02013706,4,0.9,[],2,"early_exit_second_pass_aggregate=(vit_b_16,resnet50)",0.8,greedy,0.8,adaptive,,,,limpkin,,limpkin,-1.0,-1.0,-1.0,0.9995468258857727,-1.0,0.8715998530387878,-1.0,0.10200692204021498,0.14404536473987145,0.21363224745354642,-1.0,0.7283542071678524
REQ-00006,2000,100,11.106136083602905,0.6499459743499756,"['vit_b_16', 'resnet50', 'resnet34', 'resnet18']","['vit_b_16', 'resnet50']",loggerhead,1.0,weighted_majority,30556.744584115222,True,n01665541,4,0.9,[],2,deadline_stop_before_resnet34,1.2,greedy,0.7866666666666667,adaptive,,,,loggerhead,,loggerhead,-1.0,-1.0,-1.0,0.3141755163669586,-1.0,0.5206652283668518,-1.0,0.11050749887689956,0.14404536473987145,0.21363224745354642,-1.0,0.7283542071678524
REQ-00004,2000,100,10.31640982627869,0.5503201484680176,"['vit_b_16', 'resnet50', 'resnet34', 'resnet18']","['vit_b_16', 'resnet50']",common_iguana,1.0,weighted_majority,36835.23574983701,True,n01677366,4,0.9,[],2,"early_exit_second_pass_aggregate=(vit_b_16,resnet50)",1.0,greedy,0.8,adaptive,,,,common_iguana,,common_iguana,-1.0,-1.0,-1.0,0.9988436698913574,-1.0,0.8970373272895813,-1.0,0.11050749887689956,0.14404536473987145,0.21363224745354642,-1.0,0.7283542071678524
REQ-00007,2000,100,8.314586877822876,0.6792590618133545,"['vit_b_16', 'resnet50', 'resnet34', 'resnet18']","['vit_b_16', 'resnet50']",flatworm,1.0,weighted_majority,42443.48816596903,True,n01924916,4,0.9,[],2,"early_exit_second_pass_aggregate=(vit_b_16,resnet50)",1.4,greedy,0.7733333333333334,adaptive,,,,flatworm,,flatworm,-1.0,-1.0,-1.0,0.9545068740844727,-1.0,0.8674245476722717,-1.0,0.11050749887689956,0.14404536473987145,0.21363224745354642,-1.0,0.7283542071678524
REQ-00008,2000,100,7.776978969573975,0.8349599838256836,"['vit_b_16', 'resnet50', 'resnet34', 'resnet18']","['vit_b_16', 'resnet50']",tench,1.0,weighted_majority,42770.065624965355,True,n01440764,4,0.9,[],2,"early_exit_second_pass_aggregate=(vit_b_16,resnet50)",1.6,greedy,0.76,adaptive,,,,tench,,tench,-1.0,-1.0,-1.0,0.9833168387413025,-1.0,0.8918363451957703,-1.0,0.11050749887689956,0.14404536473987145,0.21363224745354642,-1.0,0.7283542071678524
REQ-00005,2000,100,7.867835998535156,0.5831630229949951,"['vit_b_16', 'resnet50', 'resnet34', 'resnet18']","['vit_b_16', 'resnet50']",garter_snake,1.0,weighted_majority,44466.33637486957,True,n01735189,4,0.9,[],2,"early_exit_second_pass_aggregate=(vit_b_16,resnet50)",1.8,greedy,0.7466666666666667,adaptive,,,,garter_snake,,garter_snake,-1.0,-1.0,-1.0,0.9475914239883423,-1.0,0.8790108561515808,-1.0,0.8388617060447328,0.6150385920505612,0.6846254747642411,-1.0,1.1993474344785486
REQ-00010,2000,100,9.38745403289795,0.9268388748168945,"['vit_b_16', 'resnet50', 'resnet34', 'resnet18']","['vit_b_16', 'resnet50']",bulbul,1.0,weighted_majority,48151.06658311561,True,n01560419,4,0.9,[],2,"early_exit_second_pass_aggregate=(vit_b_16,resnet50)",2.0,greedy,0.7333333333333334,adaptive,,,,bulbul,,bulbul,-1.0,-1.0,-1.0,0.997345507144928,-1.0,0.8721526265144348,-1.0,0.581500726187597,0.6150385920505688,0.7080219274785305,-1.0,1.2227438871928364
REQ-00014,2000,100,7.8590726852417,1.4784979820251465,"['vit_b_16', 'resnet50', 'resnet34', 'resnet18']","['vit_b_16', 'resnet50']",tailed_frog,1.0,weighted_majority,51624.54808293842,True,n01644900,4,0.9,[],2,"early_exit_second_pass_aggregate=(vit_b_16,resnet50)",2.8,greedy,0.68,adaptive,,,,tailed_frog,,tailed_frog,-1.0,-1.0,-1.0,0.9121577143669128,-1.0,0.785510778427124,-1.0,0.5815007261875972,0.6150385920505692,0.6846254747642441,-1.0,1.19934743447855
REQ-00013,2000,100,6.51623487472534,1.4215898513793945,"['vit_b_16', 'resnet50', 'resnet34', 'resnet18']","['vit_b_16', 'resnet50']",white_stork,1.0,weighted_majority,59344.73745780997,True,n02002556,4,0.9,[],2,"early_exit_second_pass_aggregate=(vit_b_16,resnet50)",2.6,greedy,0.6933333333333334,adaptive,,,,white_stork,,white_stork,-1.0,-1.0,-1.0,0.9926958084106445,-1.0,0.8834929466247559,-1.0,0.5815007261875972,0.6150385920505692,0.6846254747642441,-1.0,1.19934743447855
REQ-00011,2000,100,9.77037215232849,0.964475154876709,"['vit_b_16', 'resnet50', 'resnet34', 'resnet18']","['vit_b_16', 'resnet50']",snail,1.0,weighted_majority,60385.97174989991,True,n01944390,4,0.9,[],2,"early_exit_second_pass_aggregate=(vit_b_16,resnet50)",2.2,greedy,0.72,adaptive,,,,snail,,snail,-1.0,-1.0,-1.0,0.9991784691810608,-1.0,0.8892318606376648,-1.0,0.5815007261875972,0.6150385920505692,0.6846254747642441,-1.0,1.19934743447855
REQ-00012,2000,100,9.21285200119019,1.3898658752441406,"['vit_b_16', 'resnet50', 'resnet34', 'resnet18']","['vit_b_16', 'resnet50']",dungeness_crab,1.0,weighted_majority,63133.92933411524,True,n01978287,4,0.9,[],2,"early_exit_second_pass_aggregate=(vit_b_16,resnet50)",2.4,greedy,0.7066666666666667,adaptive,,,,dungeness_crab,,dungeness_crab,-1.0,-1.0,-1.0,0.9892194867134094,-1.0,0.823030948638916,-1.0,0.5815007261875972,0.6150385920505692,0.6846254747642441,-1.0,1.19934743447855
REQ-00015,2000,100,11.8698377609253,1.5754480361938477,"['vit_b_16', 'resnet50', 'resnet34', 'resnet18']","['vit_b_16', 'resnet50']",lorikeet,1.0,weighted_majority,64551.910375012085,True,n01820546,4,0.9,[],2,"early_exit_second_pass_aggregate=(vit_b_16,resnet50)",3.0,greedy,0.6666666666666667,adaptive,,,,lorikeet,,lorikeet,-1.0,-1.0,-1.0,0.998532772064209,-1.0,0.8856842517852783,-1.0,0.5815007261875972,0.6150385920505692,0.6846254747642441,-1.0,1.19934743447855
REQ-00009,2000,100,10.61004996299744,0.9096009731292725,"['vit_b_16', 'resnet50', 'resnet34', 'resnet18']","['vit_b_16', 'resnet50']",peacock,1.0,weighted_majority,67314.02691686526,True,n01806143,4,0.9,[],2,"early_exit_second_pass_aggregate=(vit_b_16,resnet50)",3.4,greedy,0.64,adaptive,,,,peacock,,peacock,-1.0,-1.0,-1.0,0.9999986886978149,-1.0,0.8868981003761292,-1.0,0.5815007261875972,0.6150385920505692,0.7453216586948984,-1.0,1.2778463056969998
REQ-00016,2000,100,8.9199948310852,1.6219639778137207,"['vit_b_16', 'resnet50', 'resnet34', 'resnet18']","['vit_b_16', 'resnet50']",chiton,1.0,weighted_majority,67470.54437501356,True,n01955084,4,0.9,[],2,deadline_stop_before_resnet34,3.2,greedy,0.6533333333333333,adaptive,,,,chiton,,chiton,-1.0,-1.0,-1.0,0.8113160729408264,-1.0,0.8890459537506104,-1.0,0.5815007261875972,0.6150385920505692,0.6846254747642441,-1.0,1.19934743447855



REQ-00000,2000,60,11.174581050872803,1.6689300537109375e-06,"['vit_b_16', 'resnet34', 'resnet50', 'resnet18']","['vit_b_16', 'resnet34']",flatworm,1.0,weighted_majority,14142.060334095731,True,n01924916,4,0.9,[],2,"early_exit_second_pass_aggregate=(vit_b_16,resnet34)",0.2,greedy,0.8,adaptive,,,flatworm,,,flatworm,-1.0,-1.0,0.9895617365837097,-1.0,-1.0,0.8852854371070862,-1.0,0.08157379559626071,0.1458273465354183,0.5339466659936267,-1.0,0.3328846693827848
REQ-00002,2000,60,10.668776988983154,0.12063169479370117,"['vit_b_16', 'resnet50', 'resnet18', 'resnet101']","['vit_b_16', 'resnet50']",sulphur-crested_cockatoo,1.0,weighted_majority,20240.19445804879,True,n01819313,4,0.9,[],2,"early_exit_second_pass_aggregate=(vit_b_16,resnet50)",0.6,greedy,0.8,adaptive,,,,sulphur-crested_cockatoo,,sulphur-crested_cockatoo,-1.0,-1.0,-1.0,0.9992961883544922,-1.0,0.8899900913238525,-1.0,0.08157379559626071,-1.0,0.5339466659936267,1.0683740030220383,0.3328846693827848
REQ-00001,2000,60,11.72707986831665,0.03828096389770508,"['vit_b_16', 'resnet34', 'resnet50', 'resnet18']","['vit_b_16', 'resnet34']",tiger_shark,1.0,weighted_majority,24442.661208100617,True,n01491361,4,0.9,[],2,"early_exit_second_pass_aggregate=(vit_b_16,resnet34)",0.4,greedy,0.8,adaptive,,,tiger_shark,,,tiger_shark,-1.0,-1.0,0.9993031024932861,-1.0,-1.0,0.8964104652404785,-1.0,0.08157379559626071,0.1458273465354183,0.5339466659936267,-1.0,0.3328846693827848
REQ-00003,2000,60,9.326242208480835,0.27231383323669434,"['vit_b_16', 'resnet34', 'resnet50', 'resnet18']","['vit_b_16', 'resnet34']",tree_frog,1.0,weighted_majority,26863.451458048075,True,n01644900,4,0.9,[],2,"early_exit_second_pass_aggregate=(vit_b_16,resnet34)",0.8,greedy,0.8,adaptive,,,tree_frog,,,tree_frog,-1.0,-1.0,0.9771196246147156,-1.0,-1.0,0.5306314826011658,-1.0,0.08157379559626071,0.14933001188187647,0.5339466659936267,-1.0,0.3328846693827848
REQ-00004,2000,60,13.59256911277771,0.3408639430999756,"['vit_b_16', 'resnet50', 'resnet18', 'mobilenet_v3_small']","['vit_b_16', 'resnet50']",bee_eater,0.6353625923147735,weighted_majority,32062.955874949694,True,n01828970,4,0.9,[],2,"early_exit_second_pass_aggregate=(vit_b_16,resnet50)",1.0,greedy,0.8,adaptive,,,,bee_eater,,jacamar,-1.0,-1.0,-1.0,0.9829232692718506,-1.0,0.5641040205955505,0.4286589331971259,0.44899667039390057,-1.0,0.9390672799910471,-1.0,0.7212501169959684
REQ-00005,2000,60,10.93911290168762,0.3780019283294678,"['vit_b_16', 'resnet50', 'resnet18', 'mobilenet_v3_small']",['resnet50'],hognose_snake,0.2520454525947571,single_model,34292.55983396433,True,n01729322,4,0.9,[],2,deadline_stop_before_resnet18,1.2,greedy,0.7866666666666667,adaptive,,,,hognose_snake,,,-1.0,-1.0,-1.0,0.2520454525947571,-1.0,-1.0,0.4286589331971259,0.44899667039390057,-1.0,0.9390672799910471,-1.0,0.7212501169959684
REQ-00006,2000,60,14.89663624763489,0.3881368637084961,"['vit_b_16', 'resnet50', 'resnet18', 'mobilenet_v3_small']","['vit_b_16', 'resnet50']",common_newt,1.0,weighted_majority,38997.98037507571,True,n01630670,4,0.9,[],2,"early_exit_second_pass_aggregate=(vit_b_16,resnet50)",1.4,greedy,0.7733333333333334,adaptive,,,,common_newt,,common_newt,-1.0,-1.0,-1.0,0.9708132743835449,-1.0,0.8823386430740356,0.4286589331971259,0.44899667039390057,-1.0,0.9390672799910471,-1.0,0.7212501169959684
REQ-00007,2000,60,12.80801796913147,0.41851186752319336,"['vit_b_16', 'resnet50', 'resnet18', 'mobilenet_v3_small']","['vit_b_16', 'resnet50']",vine_snake,1.0,weighted_majority,44795.281291007996,True,n01739381,4,0.9,[],2,"early_exit_second_pass_aggregate=(vit_b_16,resnet50)",1.6,greedy,0.76,adaptive,,,,vine_snake,,vine_snake,-1.0,-1.0,-1.0,0.9282222390174866,-1.0,0.45621898770332336,0.4286589331971259,0.44899667039390057,-1.0,0.9390672799910471,-1.0,0.7212501169959684
REQ-00009,2000,60,8.073012828826904,0.49131178855895996,"['vit_b_16', 'resnet50', 'resnet18', 'mobilenet_v3_small']","['vit_b_16', 'resnet50']",tench,1.0,weighted_majority,50991.21516710147,True,n01440764,4,0.9,[],2,"early_exit_second_pass_aggregate=(vit_b_16,resnet50)",1.8,greedy,0.7466666666666667,adaptive,,,,tench,,tench,-1.0,-1.0,-1.0,0.9996626377105713,-1.0,0.8923510909080505,0.4286589331971259,0.44899667039390057,-1.0,0.9390672799910471,-1.0,0.7212501169959684
REQ-00011,2000,60,12.343730211257935,0.6082117557525635,"['vit_b_16', 'resnet50', 'resnet18', 'mobilenet_v3_small']","['vit_b_16', 'resnet50']",thunder_snake,1.0,weighted_majority,56186.15695810877,True,n01728572,4,0.9,[],2,"early_exit_second_pass_aggregate=(vit_b_16,resnet50)",2.0,greedy,0.7333333333333334,adaptive,,,,thunder_snake,,thunder_snake,-1.0,-1.0,-1.0,0.9027337431907654,-1.0,0.8636532425880432,0.4286589331971259,0.44899667039390057,-1.0,0.9390672799910471,-1.0,0.7212501169959684
REQ-00012,2000,60,10.324994802474976,0.6802146434783936,"['vit_b_16', 'resnet50', 'resnet18', 'mobilenet_v3_small']",['vit_b_16'],water_ouzel,0.9099862575531006,single_model,57988.423499977216,True,n01601694,4,0.9,[],2,early_exit_first_pass=vit_b_16,2.2,greedy,0.72,adaptive,,,,,,water_ouzel,-1.0,-1.0,-1.0,-1.0,-1.0,0.9099862575531006,0.4286589331971259,0.44899667039390057,-1.0,0.9390672799910471,-1.0,0.7212501169959684
REQ-00010,2000,60,9.69666504859924,0.5987799167633057,"['vit_b_16', 'resnet50', 'resnet18', 'mobilenet_v3_small']","['vit_b_16', 'resnet50']",scorpion,1.0,weighted_majority,67632.92804197408,True,n01770393,4,0.9,[],2,"early_exit_second_pass_aggregate=(vit_b_16,resnet50)",2.8,greedy,0.68,adaptive,,,,scorpion,,scorpion,-1.0,-1.0,-1.0,0.9999939203262329,-1.0,0.8406968712806702,0.5254665611949968,0.5458042983917715,-1.0,1.1262314681545722,-1.0,0.9084143051594937
REQ-00013,2000,60,10.31302094459534,0.8275136947631836,"['vit_b_16', 'resnet50', 'resnet18', 'mobilenet_v3_small']","['vit_b_16', 'resnet50']",chickadee,1.0,weighted_majority,68964.28333292715,True,n01592084,4,0.9,[],2,deadline_stop_before_resnet18,2.4,greedy,0.7066666666666667,adaptive,,,,chickadee,,chickadee,-1.0,-1.0,-1.0,0.757298469543457,-1.0,0.866580605506897,0.4286589331971259,0.44899667039390057,-1.0,0.9390672799910471,-1.0,0.7212501169959684
REQ-00008,2000,60,11.2018780708313,0.4816608428955078,"['vit_b_16', 'resnet50', 'resnet18', 'mobilenet_v3_small']","['vit_b_16', 'resnet50']",wombat,1.0,weighted_majority,69366.60549999215,True,n01883070,4,0.9,[],2,"early_exit_second_pass_aggregate=(vit_b_16,resnet50)",2.6,greedy,0.6933333333333334,adaptive,,,,wombat,,wombat,-1.0,-1.0,-1.0,0.9999898672103882,-1.0,0.892121434211731,0.5254665611949968,0.5458042983917715,-1.0,1.035874907988918,-1.0,0.8180577449938393
REQ-00015,2000,60,10.34274125099182,0.9014987945556641,"['vit_b_16', 'resnet50', 'resnet18', 'mobilenet_v3_small']","['vit_b_16', 'resnet50']",tench,1.0,weighted_majority,77910.0810000673,True,n01440764,4,0.9,[],2,"early_exit_second_pass_aggregate=(vit_b_16,resnet50)",3.2,greedy,0.6533333333333333,adaptive,,,,tench,,tench,-1.0,-1.0,-1.0,0.9998573064804077,-1.0,0.877089262008667,0.7241308162347454,0.7444685534315201,-1.0,1.2345391630286668,-1.0,1.046774088241756
REQ-00014,2000,60,11.2109260559082,0.8681118488311768,"['vit_b_16', 'resnet50', 'resnet18', 'mobilenet_v3_small']","['vit_b_16', 'resnet50']",american_alligator,1.0,weighted_majority,80974.79550004937,True,n01698640,4,0.9,[],2,"early_exit_second_pass_aggregate=(vit_b_16,resnet50)",3.0,greedy,0.6666666666666667,adaptive,,,,american_alligator,,american_alligator,-1.0,-1.0,-1.0,0.9115465879440308,-1.0,0.8773064017295837,0.6158231213606512,0.6361608585574259,-1.0,1.1562835563627405,-1.0,0.9685184815758299
REQ-00016,2000,60,9.34311294555664,0.9081437587738037,"['vit_b_16', 'resnet50', 'resnet18', 'resnet101']","['vit_b_16', 'resnet50']",ruffed_grouse,1.0,weighted_majority,86735.83099991083,True,n01798484,4,0.9,[],2,deadline_stop_before_resnet18,3.4,greedy,0.64,adaptive,,,,ruffed_grouse,,ruffed_grouse,-1.0,-1.0,-1.0,0.417724609375,-1.0,0.5644460916519165,-1.0,0.7745206416396881,-1.0,1.3127947696945925,1.8917577181420384,1.0949776066995136
REQ-00018,2000,60,10.11604309082031,0.9990048408508301,"['vit_b_16', 'resnet50', 'resnet18', 'mobilenet_v3_small']",['vit_b_16'],goldfish,0.9027001261711121,single_model,89051.76766589284,True,n01443537,4,0.9,[],2,early_exit_first_pass=vit_b_16,3.8,greedy,0.6133333333333333,adaptive,,,,,,goldfish,-1.0,-1.0,-1.0,-1.0,-1.0,0.9027001261711121,0.8806420295665974,0.9009797667633721,-1.0,1.3910503763605189,-1.0,1.17323321336544
REQ-00019,2000,60,13.64533805847168,1.0130558013916016,"['vit_b_16', 'resnet50', 'resnet18', 'mobilenet_v3_small']","['vit_b_16', 'resnet50']",ptarmigan,1.0,weighted_majority,92414.36066688038,True,n01796340,4,0.9,[],2,"early_exit_second_pass_aggregate=(vit_b_16,resnet50)",4.0,greedy,0.6000000000000001,adaptive,,,,ptarmigan,,ptarmigan,-1.0,-1.0,-1.0,0.9730564951896667,-1.0,0.8906975984573364,0.8806420295665974,0.9009797667633721,-1.0,1.3910503763605189,-1.0,1.17323321336544
REQ-00020,2000,60,9.57849311828613,1.057358741760254,"['vit_b_16', 'resnet50', 'resnet18', 'mobilenet_v3_small']","['vit_b_16', 'resnet50']",limpkin,1.0,weighted_majority,95232.45616606437,True,n02013706,4,0.9,[],2,"early_exit_second_pass_aggregate=(vit_b_16,resnet50)",4.2,greedy,0.5866666666666667,adaptive,,,,limpkin,,limpkin,-1.0,-1.0,-1.0,0.9977079629898071,-1.0,0.8917795419692993,0.8806420295665974,0.9009797667633721,-1.0,1.3910503763605189,-1.0,1.17323321336544
REQ-00017,2000,60,11.74099898338318,0.928067684173584,"['vit_b_16', 'resnet50', 'resnet18', 'resnet101']","['vit_b_16', 'resnet50']",rock_crab,1.0,weighted_majority,95919.52220816165,True,n01978455,4,0.9,[],2,deadline_stop_before_resnet18,3.6,greedy,0.6266666666666667,adaptive,,,,rock_crab,,rock_crab,-1.0,-1.0,-1.0,0.7776381969451904,-1.0,0.5947844386100769,-1.0,0.8709276785552039,-1.0,1.3609982881523506,1.9399612365997962,1.17323321336544



REQ-00000,2000,50,5.631535053253174,1.9073486328125e-06,"['vit_b_16', 'resnet101', 'resnet50', 'resnet34']",['vit_b_16'],american_alligator,0.9125459790229797,single_model,11613.622749922797,True,n01698640,4,0.9,[],2,early_exit_first_pass=vit_b_16,0.2,greedy,0.8,adaptive,,,,,,american_alligator,-1.0,-1.0,-1.0,-1.0,-1.0,0.9125459790229797,-1.0,-1.0,0.15033687573759785,0.4965714499980246,0.6335966933226223,0.6752279643729558
REQ-00004,2000,50,9.135247945785522,0.27504587173461914,"['vit_b_16', 'resnet101', 'resnet50', 'resnet34']",['vit_b_16'],ptarmigan,0.9011253118515015,single_model,26702.904667006806,True,n01796340,4,0.9,[],2,early_exit_first_pass=vit_b_16,1.0,greedy,0.8,adaptive,,,,,,ptarmigan,-1.0,-1.0,-1.0,-1.0,-1.0,0.9011253118515015,-1.0,-1.0,0.162864948715731,0.5379524041645266,0.6863964177661741,0.7314969614040355
REQ-00001,2000,50,10.728394985198975,0.013128995895385742,"['vit_b_16', 'resnet101', 'resnet50', 'resnet34']","['vit_b_16', 'resnet101']",red-backed_sandpiper,1.0,weighted_majority,36563.195707974955,True,n02027492,4,0.9,[],2,"early_exit_second_pass_aggregate=(vit_b_16,resnet101)",0.4,greedy,0.8,adaptive,,,,,red-backed_sandpiper,red-backed_sandpiper,-1.0,-1.0,-1.0,-1.0,0.9907558560371399,0.8767852783203125,-1.0,-1.0,0.15033687573759785,0.4965714499980246,0.6335966933226223,0.6752279643729558
REQ-00002,2000,50,10.67687702178955,0.04325509071350098,"['vit_b_16', 'resnet101', 'resnet50', 'resnet34']","['vit_b_16', 'resnet101']",water_ouzel,1.0,weighted_majority,37319.3765420001,True,n01601694,4,0.9,[],2,"early_exit_second_pass_aggregate=(vit_b_16,resnet101)",0.6,greedy,0.8,adaptive,,,,,water_ouzel,water_ouzel,-1.0,-1.0,-1.0,-1.0,0.9534363746643066,0.892244815826416,-1.0,-1.0,0.15033687573759785,0.4965714499980246,0.6335966933226223,0.6752279643729558
REQ-00005,2000,50,14.44888710975647,0.2880699634552002,"['vit_b_16', 'resnet101', 'resnet50', 'resnet34']","['vit_b_16', 'resnet101']",goose,1.0,weighted_majority,60874.05591690913,True,n01855672,4,0.9,[],2,"early_exit_second_pass_aggregate=(vit_b_16,resnet101)",1.2,greedy,0.7866666666666667,adaptive,,,,,goose,goose,-1.0,-1.0,-1.0,-1.0,0.9976096153259277,0.8131334185600281,-1.0,-1.0,0.162864948715731,0.5379524041645266,0.6863964177661741,0.7314969614040355
REQ-00003,2000,50,12.08816170692444,0.20832204818725586,"['vit_b_16', 'resnet101', 'resnet50', 'resnet34']","['vit_b_16', 'resnet101']",green_lizard,1.0,weighted_majority,64759.29716601968,True,n01693334,4,0.9,[],2,"early_exit_second_pass_aggregate=(vit_b_16,resnet101)",0.8,greedy,0.8,adaptive,,,,,green_lizard,green_lizard,-1.0,-1.0,-1.0,-1.0,0.9158365726470947,0.5877435207366943,-1.0,-1.0,0.162864948715731,0.5379524041645266,0.6863964177661741,0.7314969614040355
REQ-00008,2000,50,13.39093089103699,0.4229440689086914,"['vit_b_16', 'resnet101', 'resnet50', 'resnet34']","['vit_b_16', 'resnet101']",snail,1.0,weighted_majority,85419.00729108602,True,n01944390,4,0.9,[],2,"early_exit_second_pass_aggregate=(vit_b_16,resnet101)",1.8,greedy,0.7466666666666667,adaptive,,,,,snail,snail,-1.0,-1.0,-1.0,-1.0,0.9637372493743896,0.7023199200630188,-1.0,-1.0,0.162864948715731,0.5379524041645266,0.6863964177661741,0.7314969614040355
REQ-00006,2000,50,14.95315408706665,0.36156702041625977,"['vit_b_16', 'resnet101', 'resnet50', 'resnet34']","['vit_b_16', 'resnet101']",pelican,1.0,weighted_majority,86307.55225010216,True,n02051845,4,0.9,[],2,"early_exit_second_pass_aggregate=(vit_b_16,resnet101)",1.4,greedy,0.7733333333333334,adaptive,,,,,pelican,pelican,-1.0,-1.0,-1.0,-1.0,0.9879733324050903,0.8562725782394409,-1.0,-1.0,0.162864948715731,0.5379524041645266,0.6863964177661741,0.7314969614040355
REQ-00007,2000,50,15.37343692779541,0.3954167366027832,"['vit_b_16', 'resnet101', 'resnet50', 'resnet34']","['vit_b_16', 'resnet101']",common_iguana,1.0,weighted_majority,89539.56837486476,True,n01677366,4,0.9,[],2,"early_exit_second_pass_aggregate=(vit_b_16,resnet101)",1.6,greedy,0.76,adaptive,,,,,common_iguana,common_iguana,-1.0,-1.0,-1.0,-1.0,0.999031662940979,0.8915241956710815,-1.0,-1.0,0.162864948715731,0.5379524041645266,0.6863964177661741,0.7314969614040355
REQ-00011,2000,50,9.39189577102661,0.45954203605651855,"['vit_b_16', 'resnet101', 'resnet50', 'resnet34']","['vit_b_16', 'resnet101']",night_snake,1.0,weighted_majority,88869.43729198538,True,n01740131,4,0.9,[],2,deadline_stop_before_resnet50,2.4,greedy,0.7066666666666667,adaptive,,,,,night_snake,night_snake,-1.0,-1.0,-1.0,-1.0,0.45621445775032043,0.7253010869026184,-1.0,-1.0,0.8808317470284068,1.2559192024772028,1.40436321607885,1.4494637597167115
REQ-00010,2000,50,15.05617117881775,0.4474470615386963,"['vit_b_16', 'resnet101', 'resnet50', 'resnet34']","['vit_b_16', 'resnet101']",american_alligator,1.0,weighted_majority,97859.41724991426,True,n01698640,4,0.9,[],2,deadline_stop_before_resnet50,2.2,greedy,0.72,adaptive,,,,,american_alligator,american_alligator,-1.0,-1.0,-1.0,-1.0,0.8266494274139404,0.8341108560562134,-1.0,-1.0,0.8718116383008337,1.2468990937496296,1.395343107351277,1.4404436509891385
REQ-00015,2000,50,14.58979988098145,0.7888748645782471,"['vit_b_16', 'resnet101', 'resnet50', 'resnet34']",['vit_b_16'],sea_slug,0.901806652545929,single_model,116422.40124987438,True,n01950731,4,0.9,[],2,early_exit_first_pass=vit_b_16,3.2,greedy,0.6533333333333333,adaptive,,,,,,sea_slug,-1.0,-1.0,-1.0,-1.0,-1.0,0.901806652545929,-1.0,-1.0,1.1690852816128727,1.6013724385421828,1.7498164521438304,1.7949169957816917
REQ-00009,2000,50,12.3941056728363,0.4384639263153076,"['vit_b_16', 'resnet101', 'resnet50', 'resnet34']","['vit_b_16', 'resnet101']",crayfish,1.0,weighted_majority,122310.37333304994,True,n01985128,4,0.9,[],2,"early_exit_second_pass_aggregate=(vit_b_16,resnet101)",2.0,greedy,0.7333333333333334,adaptive,,,,,crayfish,crayfish,-1.0,-1.0,-1.0,-1.0,0.9871196746826172,0.8451674580574036,-1.0,-1.0,0.162864948715731,0.5379524041645266,0.6863964177661741,0.7314969614040355
REQ-00012,2000,50,13.10365891456604,0.6382558345794678,"['vit_b_16', 'resnet101', 'resnet50', 'resnet34']","['vit_b_16', 'resnet101']",redshank,1.0,weighted_majority,124219.38312496059,True,n02028035,4,0.9,[],2,"early_exit_second_pass_aggregate=(vit_b_16,resnet101)",2.6,greedy,0.6933333333333334,adaptive,,,,,redshank,redshank,-1.0,-1.0,-1.0,-1.0,0.996091902256012,0.8840672969818115,-1.0,-1.0,0.932769718417838,1.3078571738666336,1.4563011874682812,1.5014017311061423
REQ-00013,2000,50,10.61871218681335,0.6584110260009766,"['vit_b_16', 'resnet101', 'resnet50', 'resnet34']","['vit_b_16', 'resnet101']",american_alligator,1.0,weighted_majority,125616.21891590767,True,n01698640,4,0.9,[],2,"early_exit_second_pass_aggregate=(vit_b_16,resnet101)",2.8,greedy,0.68,adaptive,,,,,american_alligator,american_alligator,-1.0,-1.0,-1.0,-1.0,0.9998605251312256,0.8390420079231262,-1.0,-1.0,0.9899694198983522,1.3650568753471477,1.5135008889487953,1.5586014325866566
REQ-00014,2000,50,9.61645102500916,0.7762627601623535,"['vit_b_16', 'resnet101', 'resnet50', 'resnet34']","['vit_b_16', 'resnet101']",toucan,1.0,weighted_majority,134565.94400014728,True,n01843383,4,0.9,[],2,"early_exit_second_pass_aggregate=(vit_b_16,resnet101)",3.0,greedy,0.6666666666666667,adaptive,,,,,toucan,toucan,-1.0,-1.0,-1.0,-1.0,0.9909164309501648,0.8210247755050659,-1.0,-1.0,1.0509275000153553,1.4260149554641508,1.5744589690657984,1.6195595127036597
REQ-00017,2000,50,13.47215795516968,0.9123377799987793,"['vit_b_16', 'resnet101', 'resnet50', 'resnet34']","['vit_b_16', 'resnet101']",goose,1.0,weighted_majority,138164.99370802194,True,n01855672,4,0.9,[],2,"early_exit_second_pass_aggregate=(vit_b_16,resnet101)",3.6,greedy,0.6266666666666667,adaptive,,,,,goose,goose,-1.0,-1.0,-1.0,-1.0,0.9481518864631653,0.8958515524864197,-1.0,-1.0,1.2262849830933873,1.6013724385421828,1.7498164521438304,1.7949169957816917
REQ-00018,2000,50,14.25881505012512,0.9321229457855225,"['vit_b_16', 'resnet101', 'resnet50', 'resnet34']",['vit_b_16'],albatross,0.9075420498847961,single_model,139827.1197078284,True,n02058221,4,0.9,[],2,early_exit_first_pass=vit_b_16,3.8,greedy,0.6133333333333333,adaptive,,,,,,albatross,-1.0,-1.0,-1.0,-1.0,-1.0,0.9075420498847961,-1.0,-1.0,1.2262849830933873,1.6013724385421828,1.7498164521438304,1.7949169957816917
REQ-00016,2000,50,12.48475527763367,0.8410918712615967,"['vit_b_16', 'resnet101', 'resnet50', 'resnet34']","['vit_b_16', 'resnet101']",tench,1.0,weighted_majority,144209.6838329453,True,n01440764,4,0.9,[],2,"early_exit_second_pass_aggregate=(vit_b_16,resnet101)",3.4,greedy,0.64,adaptive,,,,,tench,tench,-1.0,-1.0,-1.0,-1.0,0.9287742376327515,0.8521432280540466,-1.0,-1.0,1.2262849830933873,1.6013724385421828,1.7498164521438304,1.7949169957816917


