REQ-00003,2000,1000,1.7776310443878174,0.8941488265991211,"['resnet50', 'resnet34', 'resnet18']",['resnet50'],whiptail,0.9941881895065308,single_model,1763.0375411827117,True,n01685808,3,0.9,[],2,early_exit_first_pass=resnet50,0.8,greedy,0.8,adaptive,,,,whiptail,,,-1.0,-1.0,-1.0,0.9941881895065308,-1.0,-1.0,-1.0,0.1279288726546674,0.20560568772452023,0.3364045982031708,-1.0,-1.0
REQ-00007,2000,1000,0.8578529357910156,3.185940980911255,['mobilenet_v3_small'],['mobilenet_v3_small'],black_grouse,0.9999024868011475,single_model,840.5937920324504,True,n01795545,3,0.9,[],2,early_exit_first_pass=mobilenet_v3_small,1.6,greedy,0.76,adaptive,black_grouse,,,,,,0.9999024868011475,-1.0,-1.0,-1.0,-1.0,-1.0,0.0823865653219115,-1.0,-1.0,-1.0,-1.0,-1.0
REQ-00006,2000,1000,1.2004690170288086,2.8956379890441895,"['resnet18', 'mobilenet_v3_small']","['resnet18', 'mobilenet_v3_small']",magpie,1.0,weighted_majority,1183.2541672047228,True,n01582220,3,0.9,[],2,early_exit_with_aggregation_at_mobilenet_v3_small,1.4,greedy,0.7733333333333334,adaptive,magpie,magpie,,,,,0.9400700330734253,0.8989139199256897,-1.0,-1.0,-1.0,-1.0,0.076049137220226,0.1279288726546674,-1.0,-1.0,-1.0,-1.0
REQ-00000,2000,1000,1.362995147705078,1.6689300537109375e-06,"['vit_b_16', 'resnet50', 'resnet34']",['vit_b_16'],american_coot,0.9047378301620483,single_model,11344.697874970734,True,n02018207,3,0.9,[],2,early_exit_first_pass=vit_b_16,0.2,greedy,0.8,adaptive,,,,,,american_coot,-1.0,-1.0,-1.0,-1.0,-1.0,0.9047378301620483,-1.0,-1.0,0.20560568772452023,0.3364045982031708,-1.0,0.39033473227710197
REQ-00001,2000,1000,1.363240003585815,0.16922974586486816,"['resnet101', 'resnet50', 'resnet34']",['resnet101'],hornbill,0.9991707801818848,single_model,10902.857083128765,True,n01829413,3,0.9,[],2,early_exit_first_pass=resnet101,0.4,greedy,0.8,adaptive,,,,,hornbill,,-1.0,-1.0,-1.0,-1.0,0.9991707801818848,-1.0,-1.0,-1.0,0.20560568772452023,0.3364045982031708,1.0824635399226987,-1.0
REQ-00009,2000,1000,0.438288688659668,6.051637887954712,"['resnet18', 'mobilenet_v3_small']",['resnet18'],macaw,0.8819277882575989,single_model,7415.428207954392,True,n01820546,3,0.9,[],2,deadline_stop_before_mobilenet_v3_small,1.0,greedy,0.8,adaptive,,macaw,,,,,-1.0,0.8819277882575989,-1.0,-1.0,-1.0,-1.0,0.08108209114838306,0.18689178538920068,-1.0,-1.0,-1.0,-1.0
REQ-00004,2000,1000,1.265899896621704,2.3534810543060303,"['resnet34', 'resnet18', 'mobilenet_v3_small']",['resnet34'],hognose_snake,0.5466532707214355,single_model,12230.989791918546,True,n01756291,3,0.9,[],2,deadline_stop_before_resnet18,1.0,greedy,0.8,adaptive,,,hognose_snake,,,,-1.0,-1.0,0.5466532707214355,-1.0,-1.0,-1.0,0.076049137220226,0.1279288726546674,0.20560568772452023,-1.0,-1.0,-1.0
REQ-00010,2000,1000,0.346207141876221,7.294306755065918,['mobilenet_v3_small'],['mobilenet_v3_small'],american_chameleon,0.513879656791687,single_model,7314.206209033728,True,n01693334,3,0.9,[],2,ran_all,1.4,greedy,0.7733333333333334,adaptive,american_chameleon,,,,,,0.513879656791687,-1.0,-1.0,-1.0,-1.0,-1.0,0.17567786415482997,-1.0,-1.0,-1.0,-1.0,-1.0
REQ-00011,2000,1000,1.627194881439209,7.600397825241089,['mobilenet_v3_small'],['mobilenet_v3_small'],barn_spider,0.8678777813911438,single_model,7604.1442500427365,True,n01773549,3,0.9,[],2,ran_all,1.2,greedy,0.7866666666666667,adaptive,barn_spider,,,,,,0.8678777813911438,-1.0,-1.0,-1.0,-1.0,-1.0,0.17567786415482997,-1.0,-1.0,-1.0,-1.0,-1.0
REQ-00008,2000,1000,1.22797417640686,6.000378847122192,['mobilenet_v3_small'],['mobilenet_v3_small'],komodo_dragon,0.9627363681793213,single_model,10012.139833997935,True,n01695060,3,0.9,[],2,early_exit_first_pass=mobilenet_v3_small,1.2,greedy,0.7866666666666667,adaptive,komodo_dragon,,,,,,0.9627363681793213,-1.0,-1.0,-1.0,-1.0,-1.0,0.08783893207741499,-1.0,-1.0,-1.0,-1.0,-1.0
REQ-00005,2000,1000,1.914631843566895,2.4601659774780273,"['resnet50', 'resnet18', 'mobilenet_v3_small']",['resnet50'],tick,0.9999253749847412,single_model,14866.21274985373,True,n01776313,3,0.9,[],2,early_exit_first_pass=resnet50,1.2,greedy,0.7866666666666667,adaptive,,,,tick,,,-1.0,-1.0,-1.0,0.9999253749847412,-1.0,-1.0,0.076049137220226,0.1279288726546674,-1.0,0.4466018383828538,-1.0,-1.0
REQ-00002,2000,1000,1.73667287826538,0.6456558704376221,"['resnet50', 'resnet34', 'resnet18']",['resnet50'],goose,0.9999067783355713,single_model,16589.74783308804,True,n01855672,3,0.9,[],2,early_exit_first_pass=resnet50,0.6,greedy,0.8,adaptive,,,,goose,,,-1.0,-1.0,-1.0,0.9999067783355713,-1.0,-1.0,-1.0,0.1279288726546674,0.20560568772452023,0.3364045982031708,-1.0,-1.0





REQ-00000,2000,750,3.1534831523895264,1.9073486328125e-06,"['vit_b_16', 'resnet50', 'resnet34']","['vit_b_16', 'resnet50']",hermit_crab,1.0,weighted_majority,1128.7538749165833,True,n01986214,3,0.9,[],2,early_exit_with_aggregation_at_resnet50,0.2,greedy,0.8,adaptive,,,,hermit_crab,,hermit_crab,-1.0,-1.0,-1.0,0.9991945624351501,-1.0,0.857369065284729,-1.0,-1.0,0.17865143563485417,0.34899475228588545,-1.0,0.449744899975817
REQ-00001,2000,750,4.2947418689727783,2.0526959896087646,"['vit_b_16', 'resnet50', 'resnet34']","['vit_b_16', 'resnet50']",flamingo,1.0,weighted_majority,1227.9668748378754,True,n02007558,3,0.9,[],2,early_exit_with_aggregation_at_resnet50,0.4,greedy,0.8,adaptive,,,,flamingo,,flamingo,-1.0,-1.0,-1.0,0.99959796667099,-1.0,0.8929357528686523,-1.0,-1.0,0.17865143563485417,0.3312277770572969,-1.0,0.4481317099782353
REQ-00005,2000,750,3.5109460353851318,4.802994966506958,"['resnet50', 'resnet34', 'resnet18']",['resnet50'],scorpion,0.997252881526947,single_model,497.6045829243958,True,n01770393,3,0.9,[],2,early_exit_first_pass=resnet50,1.2,greedy,0.7866666666666667,adaptive,,,,scorpion,,,-1.0,-1.0,-1.0,0.997252881526947,-1.0,-1.0,-1.0,0.13965367639067305,0.17865143563485417,0.3146159993515672,-1.0,-1.0
REQ-00004,2000,750,1.1781671047210693,4.308167934417725,"['resnet50', 'resnet34', 'resnet18']",['resnet50'],indigo_bunting,0.9950798749923706,single_model,1155.0087090581656,True,n01537544,3,0.9,[],2,early_exit_first_pass=resnet50,1.0,greedy,0.8,adaptive,,,,indigo_bunting,,,-1.0,-1.0,-1.0,0.9950798749923706,-1.0,-1.0,-1.0,0.13965367639067305,0.17865143563485417,0.3146159993515672,-1.0,-1.0
REQ-00003,2000,750,4.813998222351074,3.7195279598236084,"['resnet101', 'resnet50', 'resnet34']",['resnet101'],snail,0.9890626072883606,single_model,4673.62470808439,True,n01944390,3,0.9,[],2,early_exit_first_pass=resnet101,0.8,greedy,0.8,adaptive,,,,,snail,,-1.0,-1.0,-1.0,-1.0,0.9890626072883606,-1.0,-1.0,-1.0,0.17865143563485417,0.3146159993515672,0.9706477621015492,-1.0
REQ-00002,2000,750,4.878849029541016,3.669793128967285,"['vit_b_16', 'resnet50', 'resnet34']",['vit_b_16'],indigo_bunting,0.9097972512245178,single_model,4830.883417045698,True,n01537544,3,0.9,[],2,early_exit_first_pass=vit_b_16,0.6,greedy,0.8,adaptive,,,,,,indigo_bunting,-1.0,-1.0,-1.0,-1.0,-1.0,0.9097972512245178,-1.0,-1.0,0.17865143563485417,0.3146159993515672,-1.0,0.4436224389804118



REQ-00000,2000,500,0.5977530479431152,3.0994415283203125e-06,"['vit_b_16', 'resnet50', 'resnet34']",['vit_b_16'],goose,0.9042807221412659,single_model,576.4629999175668,True,n01855672,3,0.9,[],2,early_exit_first_pass=vit_b_16,0.2,greedy,0.8,adaptive,,,,,,goose,-1.0,-1.0,-1.0,-1.0,-1.0,0.9042807221412659,-1.0,-1.0,0.1278691444775523,0.16613513394656013,-1.0,0.37565504705195385
REQ-00001,2000,500,0.5440847873687744,0.9486920833587646,"['vit_b_16', 'resnet50', 'resnet34']",['vit_b_16'],sea_lion,0.9024319052696228,single_model,528.8299161475152,True,n02077923,3,0.9,[],2,early_exit_first_pass=vit_b_16,0.4,greedy,0.8,adaptive,,,,,,sea_lion,-1.0,-1.0,-1.0,-1.0,-1.0,0.9024319052696228,-1.0,-1.0,0.1278691444775523,0.16613513394656013,-1.0,0.3558458423467585
REQ-00006,2000,500,4.059338092803955,3.20146107673645,"['resnet34', 'resnet18', 'mobilenet_v3_small']","['resnet34', 'resnet18']",cougar,0.5384937047272523,weighted_majority,7044.985083164647,True,n01877812,3,0.9,[],2,deadline_stop_before_mobilenet_v3_small,1.4,greedy,0.7733333333333334,adaptive,,wallaby,cougar,,,,-1.0,0.6470416784286499,0.75497967004776,-1.0,-1.0,-1.0,0.05421570391097154,0.08656972496405342,0.1278691444775523,-1.0,-1.0,-1.0
REQ-00008,2000,500,7.1565632820129395,3.347115993499756,['mobilenet_v3_small'],['mobilenet_v3_small'],hognose_snake,0.3934420645236969,single_model,6898.912167176604,True,n01729322,3,0.9,[],2,ran_all,1.8,greedy,0.7466666666666667,adaptive,hognose_snake,,,,,,0.3934420645236969,-1.0,-1.0,-1.0,-1.0,-1.0,0.058733679236885834,-1.0,-1.0,-1.0,-1.0,-1.0
REQ-00009,2000,500,6.9876768589019775,3.6837990283966064,['mobilenet_v3_small'],['mobilenet_v3_small'],dungeness_crab,0.6825113892555237,single_model,6866.956625133753,True,n01978287,3,0.9,[],2,ran_all,2.0,greedy,0.7333333333333334,adaptive,dungeness_crab,,,,,,0.6825113892555237,-1.0,-1.0,-1.0,-1.0,-1.0,0.11746735847377167,-1.0,-1.0,-1.0,-1.0,-1.0
REQ-00010,2000,500,5.996381044387817,3.8039820194244385,['mobilenet_v3_small'],['mobilenet_v3_small'],black_widow,0.9960951209068298,single_model,8813.350375043228,True,n01774384,3,0.9,[],2,early_exit_first_pass=mobilenet_v3_small,2.2,greedy,0.72,adaptive,black_widow,,,,,,0.9960951209068298,-1.0,-1.0,-1.0,-1.0,-1.0,0.11746735847377167,-1.0,-1.0,-1.0,-1.0,-1.0
REQ-00002,2000,500,8.536239862442017,1.6517412662506104,"['vit_b_16', 'resnet50', 'resnet34']",['vit_b_16'],great_grey_owl,0.9217303395271301,single_model,12521.599125117064,True,n01622779,3,0.9,[],2,early_exit_first_pass=vit_b_16,0.6,greedy,0.8,adaptive,,,,,,great_grey_owl,-1.0,-1.0,-1.0,-1.0,-1.0,0.9217303395271301,-1.0,-1.0,0.1278691444775523,0.16613513394656013,-1.0,0.3403653581120826
REQ-00011,2000,500,6.915597915649414,4.856945037841797,['mobilenet_v3_small'],['mobilenet_v3_small'],nematode,0.9663357734680176,single_model,10899.763749912381,True,n01930112,3,0.9,[],2,early_exit_first_pass=mobilenet_v3_small,2.4,greedy,0.7066666666666667,adaptive,nematode,,,,,,0.9663357734680176,-1.0,-1.0,-1.0,-1.0,-1.0,0.11746735847377167,-1.0,-1.0,-1.0,-1.0,-1.0
REQ-00007,2000,500,6.734880924224854,3.241443157196045,"['resnet34', 'resnet18', 'mobilenet_v3_small']",['resnet34'],crane,0.9987360835075378,single_model,12626.29070901312,True,n02012849,3,0.9,[],2,early_exit_first_pass=resnet34,1.6,greedy,0.76,adaptive,,,crane,,,,-1.0,-1.0,0.9987360835075378,-1.0,-1.0,-1.0,0.05421570391097154,0.08656972496405342,0.12789523002979705,-1.0,-1.0,-1.0
REQ-00005,2000,500,5.29403781890869,2.780010938644409,"['resnet50', 'resnet34', 'resnet18']",['resnet50'],limpkin,0.9999710321426392,single_model,17276.431874837726,True,n02013706,3,0.9,[],2,early_exit_first_pass=resnet50,1.2,greedy,0.7866666666666667,adaptive,,,,limpkin,,,-1.0,-1.0,-1.0,0.9999710321426392,-1.0,-1.0,-1.0,0.08656972496405342,0.1278691444775523,0.16613513394656013,-1.0,-1.0
REQ-00004,2000,500,7.770428895950317,2.309187173843384,"['resnet50', 'resnet34', 'resnet18']",['resnet50'],horned_viper,0.9206368327140808,single_model,17487.638916820288,True,n01753488,3,0.9,[],2,early_exit_first_pass=resnet50,1.0,greedy,0.8,adaptive,,,,horned_viper,,,-1.0,-1.0,-1.0,0.9206368327140808,-1.0,-1.0,-1.0,0.08656972496405342,0.1278691444775523,0.16613513394656013,-1.0,-1.0
REQ-00003,2000,500,5.677989721298218,2.2144320011138916,"['resnet101', 'resnet50', 'resnet34']",['resnet101'],thunder_snake,0.9820120334625244,single_model,18663.778792135417,True,n01728572,3,0.9,[],2,early_exit_first_pass=resnet101,0.8,greedy,0.8,adaptive,,,,,thunder_snake,,-1.0,-1.0,-1.0,-1.0,0.9820120334625244,-1.0,-1.0,-1.0,0.1278691444775523,0.16613513394656013,1.0512842032066432,-1.0




REQ-00001,2000,250,1.3991899490356445,0.10221600532531738,"['resnet101', 'resnet50', 'resnet34']",['resnet101'],banded_gecko,0.9293092489242554,single_model,1126.3568750582635,True,n01675722,3,0.9,[],2,early_exit_first_pass=resnet101,0.4,greedy,0.8,adaptive,,,,,banded_gecko,,-1.0,-1.0,-1.0,-1.0,0.9293092489242554,-1.0,-1.0,-1.0,0.1705750227092356,0.3081381458828218,0.8632461649336478,-1.0
REQ-00002,2000,250,5.38141918182373,0.3955860137939453,"['vit_b_16', 'resnet50', 'resnet34']",['vit_b_16'],green_lizard,0.6324735879898071,single_model,15108.078999910504,True,n01677366,3,0.9,[],2,deadline_stop_before_resnet50,0.6,greedy,0.8,adaptive,,,,,,green_lizard,-1.0,-1.0,-1.0,-1.0,-1.0,0.6324735879898071,-1.0,-1.0,0.1705750227092356,0.3081381458828218,-1.0,0.3712985419253624
REQ-00000,2000,250,5.632554054260254,5.0067901611328125e-06,"['vit_b_16', 'resnet50', 'resnet34']","['vit_b_16', 'resnet50']",tiger_shark,1.0,weighted_majority,18615.771625190973,True,n01491361,3,0.9,[],2,early_exit_with_aggregation_at_resnet50,0.2,greedy,0.8,adaptive,,,,tiger_shark,,tiger_shark,-1.0,-1.0,-1.0,0.9748358726501465,-1.0,0.8546627163887024,-1.0,-1.0,0.1705750227092356,0.3081381458828218,-1.0,0.3877094910281804
REQ-00003,2000,250,7.90604329109192,0.5527470111846924,"['vit_b_16', 'resnet50', 'resnet34']",['vit_b_16'],chiton,0.876878023147583,single_model,27324.643208179623,True,n01955084,3,0.9,[],2,deadline_stop_before_resnet50,0.8,greedy,0.8,adaptive,,,,,,chiton,-1.0,-1.0,-1.0,-1.0,-1.0,0.876878023147583,-1.0,-1.0,0.1705750227092356,0.3081381458828218,-1.0,0.3712985419253624
REQ-00004,2000,250,9.46366000175476,1.2066781520843506,"['resnet101', 'resnet50', 'resnet34']",['resnet101'],agama,0.451936811208725,single_model,29166.402250062674,True,n01675722,3,0.9,[],2,deadline_stop_before_resnet50,1.0,greedy,0.8,adaptive,,,,,agama,,-1.0,-1.0,-1.0,-1.0,0.451936811208725,-1.0,-1.0,-1.0,0.1705750227092356,0.3081381458828218,0.818838348440283,-1.0
REQ-00007,2000,250,6.710715770721436,1.5556468963623047,"['resnet50', 'resnet34', 'resnet18']",['resnet50'],tick,0.8020855784416199,single_model,33168.36112504825,True,n01776313,3,0.9,[],2,deadline_stop_before_resnet34,1.6,greedy,0.76,adaptive,,,,tick,,,-1.0,-1.0,-1.0,0.8020855784416199,-1.0,-1.0,-1.0,0.12473571492188835,0.18478960793500523,0.3338163247063903,-1.0,-1.0
REQ-00008,2000,250,8.29885005950928,1.5879380702972412,"['resnet50', 'resnet34', 'resnet18']",['resnet50'],partridge,0.5158205032348633,single_model,35658.22770888917,True,n01798484,3,0.9,[],2,deadline_stop_before_resnet34,1.8,greedy,0.7466666666666667,adaptive,,,,partridge,,,-1.0,-1.0,-1.0,0.5158205032348633,-1.0,-1.0,-1.0,0.12473571492188835,0.18478960793500523,0.3338163247063903,-1.0,-1.0
REQ-00009,2000,250,6.55094289779663,2.2292280197143555,"['resnet50', 'resnet34', 'resnet18']",['resnet50'],tick,0.9999287128448486,single_model,49270.13112488203,True,n01776313,3,0.9,[],2,early_exit_first_pass=resnet50,2.0,greedy,0.7333333333333334,adaptive,,,,tick,,,-1.0,-1.0,-1.0,0.9999287128448486,-1.0,-1.0,-1.0,0.4585520396282786,0.5186059326413954,0.6676326494127806,-1.0,-1.0
REQ-00012,2000,250,5.007925033569336,3.807321786880493,"['resnet50', 'resnet34', 'resnet18']",['resnet50'],hammerhead,0.9723671078681946,single_model,48924.618624849245,True,n01494475,3,0.9,[],2,early_exit_first_pass=resnet50,2.6,greedy,0.6933333333333334,adaptive,,,,hammerhead,,,-1.0,-1.0,-1.0,0.9723671078681946,-1.0,-1.0,-1.0,0.4585520396282786,0.5186059326413954,0.6676326494127806,-1.0,-1.0
REQ-00006,2000,250,6.00524306297302,1.444767951965332,"['resnet101', 'resnet50', 'resnet34']",['resnet101'],kite,0.9998941421508789,single_model,51515.848708106205,True,n01608432,3,0.9,[],2,early_exit_first_pass=resnet101,1.4,greedy,0.7733333333333334,adaptive,,,,,kite,,-1.0,-1.0,-1.0,-1.0,0.9998941421508789,-1.0,-1.0,-1.0,0.1705750227092356,0.3081381458828218,0.818838348440283,-1.0
REQ-00005,2000,250,7.18576097488403,1.367569923400879,"['resnet101', 'resnet50', 'resnet34']",['resnet101'],bald_eagle,0.9973383545875549,single_model,51776.61075000651,True,n01614925,3,0.9,[],2,early_exit_first_pass=resnet101,1.2,greedy,0.7866666666666667,adaptive,,,,,bald_eagle,,-1.0,-1.0,-1.0,-1.0,0.9973383545875549,-1.0,-1.0,-1.0,0.1705750227092356,0.3081381458828218,0.818838348440283,-1.0
REQ-00011,2000,250,5.86209511756897,3.7297749519348145,"['resnet50', 'resnet34', 'resnet18']",['resnet50'],jellyfish,0.9997115731239319,single_model,49846.3702078443,True,n01910747,3,0.9,[],2,early_exit_first_pass=resnet50,2.4,greedy,0.7066666666666667,adaptive,,,,jellyfish,,,-1.0,-1.0,-1.0,0.9997115731239319,-1.0,-1.0,-1.0,0.4585520396282786,0.5186059326413954,0.6676326494127806,-1.0,-1.0
REQ-00010,2000,250,6.23690104484558,2.2367770671844482,"['resnet50', 'resnet34', 'resnet18']",['resnet50'],green_lizard,0.6055252552032471,single_model,51727.242541033775,True,n01693334,3,0.9,[],2,deadline_stop_before_resnet34,2.2,greedy,0.72,adaptive,,,,green_lizard,,,-1.0,-1.0,-1.0,0.6055252552032471,-1.0,-1.0,-1.0,0.4585520396282786,0.5186059326413954,0.6676326494127806,-1.0,-1.0





REQ-00000,2000,100,8.020132064819336,2.1457672119140625e-06,"['vit_b_16', 'resnet50', 'resnet34']",['vit_b_16'],common_newt,0.8844177722930908,single_model,10997.747875051573,True,n01630670,3,0.9,[],2,deadline_stop_before_resnet50,0.2,greedy,0.8,adaptive,,,,,,common_newt,-1.0,-1.0,-1.0,-1.0,-1.0,0.8844177722930908,-1.0,-1.0,0.13554213209116228,0.4926277050225558,-1.0,0.3946029200601999
REQ-00001,2000,100,9.630149126052856,0.15070104598999023,"['vit_b_16', 'resnet50', 'resnet34']",['vit_b_16'],dungeness_crab,0.8703033924102783,single_model,13616.944625042379,True,n01978287,3,0.9,[],2,deadline_stop_before_resnet50,0.4,greedy,0.8,adaptive,,,,,,dungeness_crab,-1.0,-1.0,-1.0,-1.0,-1.0,0.8703033924102783,-1.0,-1.0,0.13554213209116228,0.4926277050225558,-1.0,0.3946029200601999
REQ-00004,2000,100,7.885814905166626,0.6549808979034424,"['resnet101', 'resnet50', 'resnet34']",['resnet101'],wombat,0.9997621178627014,single_model,15870.327624958009,True,n01883070,3,0.9,[],2,early_exit_first_pass=resnet101,1.0,greedy,0.8,adaptive,,,,,wombat,,-1.0,-1.0,-1.0,-1.0,0.9997621178627014,-1.0,-1.0,-1.0,0.13554213209116228,0.4926277050225558,0.8696231834771955,-1.0
REQ-00005,2000,100,6.22990894317627,0.7498550415039062,"['resnet50', 'resnet34', 'resnet18']",['resnet50'],wolf_spider,0.9625278115272522,single_model,19170.813624979928,True,n01775062,3,0.9,[],2,early_exit_first_pass=resnet50,1.2,greedy,0.7866666666666667,adaptive,,,,wolf_spider,,,-1.0,-1.0,-1.0,0.9625278115272522,-1.0,-1.0,-1.0,0.10965831625042063,0.13554213209116228,0.4926277050225558,-1.0,-1.0
REQ-00006,2000,100,9.66556215286255,0.7908680438995361,"['resnet50', 'resnet34', 'resnet18']",['resnet50'],common_iguana,0.9998225569725037,single_model,29471.678874921054,True,n01677366,3,0.9,[],2,early_exit_first_pass=resnet50,1.4,greedy,0.7733333333333334,adaptive,,,,common_iguana,,,-1.0,-1.0,-1.0,0.9998225569725037,-1.0,-1.0,-1.0,0.10965831625042063,0.13554213209116228,0.4926277050225558,-1.0,-1.0
REQ-00008,2000,100,10.8055260181427,1.0164389610290527,"['resnet50', 'resnet34', 'resnet18']",['resnet50'],american_coot,0.9994921684265137,single_model,31317.400708096102,True,n02018207,3,0.9,[],2,early_exit_first_pass=resnet50,1.8,greedy,0.7466666666666667,adaptive,,,,american_coot,,,-1.0,-1.0,-1.0,0.9994921684265137,-1.0,-1.0,-1.0,0.6524765230457246,0.6805173235398613,1.067360027548871,-1.0,-1.0
REQ-00007,2000,100,7.957335710525513,0.8704628944396973,"['resnet50', 'resnet34', 'resnet18']",['resnet50'],stingray,0.6670079231262207,single_model,31645.925499964505,True,n01498041,3,0.9,[],2,deadline_stop_before_resnet34,1.6,greedy,0.76,adaptive,,,,stingray,,,-1.0,-1.0,-1.0,0.6670079231262207,-1.0,-1.0,-1.0,0.6524765230457246,0.6805173235398613,1.067360027548871,-1.0,-1.0
REQ-00002,2000,100,7.49181890487671,0.20090603828430176,"['resnet101', 'resnet50', 'resnet34']",['resnet101'],sea_anemone,0.1734367460012436,single_model,37375.36812503822,True,n01914609,3,0.9,[],2,deadline_stop_before_resnet50,0.6,greedy,0.8,adaptive,,,,,sea_anemone,,-1.0,-1.0,-1.0,-1.0,0.1734367460012436,-1.0,-1.0,-1.0,0.13554213209116228,0.4926277050225558,0.8696231834771955,-1.0
REQ-00003,2000,100,6.730103969573975,0.3965487480163574,"['resnet101', 'resnet50', 'resnet34']",['resnet101'],hammerhead,0.9398767948150635,single_model,37692.77079193853,True,n01494475,3,0.9,[],2,early_exit_first_pass=resnet101,0.8,greedy,0.8,adaptive,,,,,hammerhead,,-1.0,-1.0,-1.0,-1.0,0.9398767948150635,-1.0,-1.0,-1.0,0.13554213209116228,0.4926277050225558,0.8696231834771955,-1.0
REQ-00009,2000,100,6.90746283531189,1.263624906539917,"['resnet50', 'resnet34', 'resnet18']",['resnet50'],chambered_nautilus,0.9994252920150757,single_model,37426.402792101726,True,n01968897,3,0.9,[],2,early_exit_first_pass=resnet50,2.0,greedy,0.7333333333333334,adaptive,,,,chambered_nautilus,,,-1.0,-1.0,-1.0,0.9994252920150757,-1.0,-1.0,-1.0,0.6524765230457246,0.6805173235398613,1.067360027548871,-1.0,-1.0
REQ-00010,2000,100,9.84270906448364,1.3233089447021484,"['resnet50', 'resnet34', 'resnet18']",['resnet50'],hermit_crab,0.7892358303070068,single_model,43143.98774993606,True,n01986214,3,0.9,[],2,deadline_stop_before_resnet34,2.2,greedy,0.72,adaptive,,,,hermit_crab,,,-1.0,-1.0,-1.0,0.7892358303070068,-1.0,-1.0,-1.0,0.6524765230457246,0.6805173235398613,1.067360027548871,-1.0,-1.0
REQ-00011,2000,100,6.422367334365845,1.4434919357299805,"['resnet50', 'resnet34', 'resnet18']",['resnet50'],terrapin,0.7578147649765015,single_model,43761.56829111278,True,n01667114,3,0.9,[],2,deadline_stop_before_resnet34,2.4,greedy,0.7066666666666667,adaptive,,,,terrapin,,,-1.0,-1.0,-1.0,0.7578147649765015,-1.0,-1.0,-1.0,0.6524765230457246,0.6805173235398613,1.067360027548871,-1.0,-1.0
REQ-00012,2000,100,6.322781801223755,1.468641996383667,"['resnet50', 'resnet34', 'resnet18']",['resnet50'],peacock,0.9997485280036926,single_model,50477.64104185626,True,n01806143,3,0.9,[],2,early_exit_first_pass=resnet50,2.6,greedy,0.6933333333333334,adaptive,,,,peacock,,,-1.0,-1.0,-1.0,0.9997485280036926,-1.0,-1.0,-1.0,0.6524765230457246,0.6805173235398613,1.067360027548871,-1.0,-1.0
REQ-00016,2000,100,5.79480504989624,1.9219551086425781,"['resnet50', 'resnet34', 'resnet18']",['resnet50'],black_and_gold_garden_spider,0.360687792301178,single_model,54848.362624878064,True,n01773549,3,0.9,[],2,deadline_stop_before_resnet34,3.2,greedy,0.6533333333333333,adaptive,,,,black_and_gold_garden_spider,,,-1.0,-1.0,-1.0,0.360687792301178,-1.0,-1.0,-1.0,0.6524765230457243,0.6805173235398612,1.0673600275488708,-1.0,-1.0
REQ-00013,2000,100,6.317142963409424,1.565133810043335,"['resnet50', 'resnet34', 'resnet18']",['resnet50'],bittern,0.9999973773956299,single_model,58227.050124900416,True,n02011460,3,0.9,[],2,early_exit_first_pass=resnet50,3.0,greedy,0.6666666666666667,adaptive,,,,bittern,,,-1.0,-1.0,-1.0,0.9999973773956299,-1.0,-1.0,-1.0,0.6524765230457243,0.6805173235398612,1.0673600275488708,-1.0,-1.0
REQ-00014,2000,100,7.84709620475769,1.6780381202697754,"['resnet50', 'resnet34', 'resnet18']",['resnet50'],loggerhead,0.9559664130210876,single_model,59179.967124946415,True,n01664065,3,0.9,[],2,early_exit_first_pass=resnet50,3.6,greedy,0.6266666666666667,adaptive,,,,loggerhead,,,-1.0,-1.0,-1.0,0.9559664130210876,-1.0,-1.0,-1.0,0.6524765230457242,0.680517323539861,1.0673600275488706,-1.0,-1.0
REQ-00015,2000,100,7.85132074356079,1.6995599269866943,"['resnet50', 'resnet34', 'resnet18']",['resnet50'],wolf_spider,0.9276674389839172,single_model,60035.60254187323,True,n01775062,3,0.9,[],2,early_exit_first_pass=resnet50,2.8,greedy,0.68,adaptive,,,,wolf_spider,,,-1.0,-1.0,-1.0,0.9276674389839172,-1.0,-1.0,-1.0,0.6524765230457246,0.6805173235398613,1.067360027548871,-1.0,-1.0
REQ-00017,2000,100,6.58524298667908,1.980198860168457,"['resnet50', 'resnet34', 'resnet18']",['resnet50'],axolotl,0.7769863605499268,single_model,59424.550959141925,True,n01632777,3,0.9,[],2,deadline_stop_before_resnet34,3.4,greedy,0.64,adaptive,,,,axolotl,,,-1.0,-1.0,-1.0,0.7769863605499268,-1.0,-1.0,-1.0,0.6524765230457243,0.6805173235398612,1.0673600275488708,-1.0,-1.0

REQ-00004,2000,60,4.60362982749939,0.13494014739990234,"['vit_b_16', 'resnet101', 'resnet50']",['vit_b_16'],american_chameleon,0.5196603536605835,single_model,14104.301667073742,True,n01693334,3,0.9,[],2,deadline_stop_before_resnet101,1.0,greedy,0.8,adaptive,,,,,,american_chameleon,-1.0,-1.0,-1.0,-1.0,-1.0,0.5196603536605835,-1.0,-1.0,-1.0,0.254534077215825,0.6828173289002719,0.4194165924966371
REQ-00006,2000,60,9.236692905426025,0.3536560535430908,"['resnet50', 'resnet34', 'resnet18']",['resnet50'],hummingbird,0.9999998807907104,single_model,18566.410958999768,True,n01833805,3,0.9,[],2,early_exit_first_pass=resnet50,1.4,greedy,0.7733333333333334,adaptive,,,,hummingbird,,,-1.0,-1.0,-1.0,0.9999998807907104,-1.0,-1.0,-1.0,0.08769768972354608,0.1580830941175268,0.254534077215825,-1.0,-1.0
REQ-00003,2000,60,8.156338930130005,0.049324989318847656,"['vit_b_16', 'resnet101', 'resnet50']",['vit_b_16'],flatworm,0.8998947143554688,single_model,27697.444749996066,True,n01924916,3,0.9,[],2,deadline_stop_before_resnet101,0.8,greedy,0.8,adaptive,,,,,,flatworm,-1.0,-1.0,-1.0,-1.0,-1.0,0.8998947143554688,-1.0,-1.0,-1.0,0.254534077215825,0.6828173289002719,0.4194165924966371
REQ-00009,2000,60,10.874281883239746,0.5951700210571289,"['resnet50', 'resnet34', 'resnet18']",['resnet50'],chambered_nautilus,0.9921453595161438,single_model,32956.35987492278,True,n01968897,3,0.9,[],2,early_exit_first_pass=resnet50,1.8,greedy,0.7466666666666667,adaptive,,,,chambered_nautilus,,,-1.0,-1.0,-1.0,0.9921453595161438,-1.0,-1.0,-1.0,0.08769768972354608,0.1580830941175268,0.254534077215825,-1.0,-1.0
REQ-00002,2000,60,8.38455009460449,0.038623809814453125,"['resnet101', 'resnet50', 'resnet34']",['resnet101'],hen,0.8587120175361633,single_model,38036.014958051965,True,n01514859,3,0.9,[],2,deadline_stop_before_resnet50,0.6,greedy,0.8,adaptive,,,,,hen,,-1.0,-1.0,-1.0,-1.0,0.8587120175361633,-1.0,-1.0,-1.0,0.1580830941175268,0.254534077215825,0.6828173289002719,-1.0
REQ-00008,2000,60,9.150166749954224,0.5530369281768799,"['resnet50', 'resnet34', 'resnet18']",['resnet50'],mud_turtle,0.9704455733299255,single_model,41448.02174996585,True,n01667114,3,0.9,[],2,early_exit_first_pass=resnet50,1.6,greedy,0.76,adaptive,,,,mud_turtle,,,-1.0,-1.0,-1.0,0.9704455733299255,-1.0,-1.0,-1.0,0.08769768972354608,0.1580830941175268,0.254534077215825,-1.0,-1.0
REQ-00010,2000,60,8.118911027908325,0.6204369068145752,"['resnet50', 'resnet34', 'resnet18']",['resnet50'],black_widow,0.9987792372703552,single_model,44010.57833386585,True,n01774384,3,0.9,[],2,early_exit_first_pass=resnet50,2.0,greedy,0.7333333333333334,adaptive,,,,black_widow,,,-1.0,-1.0,-1.0,0.9987792372703552,-1.0,-1.0,-1.0,0.08769768972354608,0.1580830941175268,0.254534077215825,-1.0,-1.0
REQ-00000,2000,60,9.67975616455078,5.9604644775390625e-06,"['vit_b_16', 'resnet101', 'resnet50']","['vit_b_16', 'resnet101']",goose,1.0,weighted_majority,52644.66341678053,True,n01855672,3,0.9,[],2,early_exit_with_aggregation_at_resnet101,0.2,greedy,0.8,adaptive,,,,,goose,goose,-1.0,-1.0,-1.0,-1.0,0.9954016208648682,0.8499423265457153,-1.0,-1.0,-1.0,0.254534077215825,0.6828173289002719,0.4465606583295968
REQ-00001,2000,60,5.67312216758728,0.026312828063964844,"['resnet101', 'resnet50', 'resnet34']",['resnet101'],oystercatcher,0.9865005612373352,single_model,52460.78149997629,True,n02037110,3,0.9,[],2,early_exit_first_pass=resnet101,0.4,greedy,0.8,adaptive,,,,,oystercatcher,,-1.0,-1.0,-1.0,-1.0,0.9865005612373352,-1.0,-1.0,-1.0,0.1580830941175268,0.254534077215825,0.6828173289002719,-1.0
REQ-00013,2000,60,7.11167883872986,0.6904780864715576,"['resnet50', 'resnet34', 'resnet18']",['resnet50'],common_newt,0.6109585762023926,single_model,51477.57812496275,True,n01630670,3,0.9,[],2,deadline_stop_before_resnet34,2.6,greedy,0.6933333333333334,adaptive,,,,common_newt,,,-1.0,-1.0,-1.0,0.6109585762023926,-1.0,-1.0,-1.0,0.08769768972354608,0.1580830941175268,0.254534077215825,-1.0,-1.0
REQ-00005,2000,60,6.034499168395996,0.3381831645965576,"['resnet50', 'resnet34', 'resnet18']",['resnet50'],red-backed_sandpiper,0.7101373076438904,single_model,55588.277499889955,True,n02027492,3,0.9,[],2,deadline_stop_before_resnet34,1.2,greedy,0.7866666666666667,adaptive,,,,red-backed_sandpiper,,,-1.0,-1.0,-1.0,0.7101373076438904,-1.0,-1.0,-1.0,0.08769768972354608,0.1580830941175268,0.254534077215825,-1.0,-1.0
REQ-00011,2000,60,5.75514817237854,0.6357829570770264,"['resnet50', 'resnet34', 'resnet18']",['resnet50'],indian_cobra,0.27578771114349365,single_model,54457.31620793231,True,n01729322,3,0.9,[],2,deadline_stop_before_resnet34,2.2,greedy,0.72,adaptive,,,,indian_cobra,,,-1.0,-1.0,-1.0,0.27578771114349365,-1.0,-1.0,-1.0,0.08769768972354608,0.1580830941175268,0.254534077215825,-1.0,-1.0
REQ-00014,2000,60,8.57413721084595,0.701502799987793,['mobilenet_v3_small'],['mobilenet_v3_small'],crayfish,0.5357683897018433,single_model,58773.74745812267,True,n01984695,3,0.9,[],2,ran_all,2.8,greedy,0.68,adaptive,crayfish,,,,,,0.5357683897018433,-1.0,-1.0,-1.0,-1.0,-1.0,7.072759183252908,-1.0,-1.0,-1.0,-1.0,-1.0
REQ-00012,2000,60,8.615166902542114,0.6460518836975098,"['resnet50', 'resnet34', 'resnet18']",['resnet50'],sea_snake,0.9959015250205994,single_model,60124.600416980684,True,n01751748,3,0.9,[],2,early_exit_first_pass=resnet50,2.4,greedy,0.7066666666666667,adaptive,,,,sea_snake,,,-1.0,-1.0,-1.0,0.9959015250205994,-1.0,-1.0,-1.0,0.08769768972354608,0.1580830941175268,0.254534077215825,-1.0,-1.0
REQ-00007,2000,60,8.81424927711487,0.48104381561279297,['mobilenet_v3_small'],['mobilenet_v3_small'],snail,0.18425405025482178,single_model,59515.29012504034,True,n01978455,3,0.9,[],2,ran_all,3.0,greedy,0.6666666666666667,adaptive,snail,,,,,,0.18425405025482178,-1.0,-1.0,-1.0,-1.0,-1.0,6.205298080430355,-1.0,-1.0,-1.0,-1.0,-1.0



REQ-00002,2000,50,2.7086637020111084,0.356367826461792,"['vit_b_16', 'resnet34', 'resnet18']",['vit_b_16'],hermit_crab,0.8749197125434875,single_model,2460.198290878907,True,n01986214,3,0.9,[],2,deadline_stop_before_resnet34,0.6,greedy,0.8,adaptive,,,,,,hermit_crab,-1.0,-1.0,-1.0,-1.0,-1.0,0.8749197125434875,-1.0,0.1035234620138346,0.137921187540125,-1.0,-1.0,0.3528121506179372
REQ-00011,2000,50,3.4365732669830322,0.7192561626434326,"['resnet101', 'resnet50', 'resnet18']",['resnet101'],ringneck_snake,0.23024357855319977,single_model,2376.670459052548,True,n01739381,3,0.9,[],2,deadline_stop_before_resnet50,1.8,greedy,0.7466666666666667,adaptive,,,,,ringneck_snake,,-1.0,-1.0,-1.0,-1.0,0.23024357855319977,-1.0,-1.0,0.1035234620138346,-1.0,0.6274068456896715,1.128240378900494,-1.0
REQ-00000,2000,50,11.544536113739014,2.1457672119140625e-06,"['vit_b_16', 'resnet34', 'resnet50']","['vit_b_16', 'resnet34']",great_grey_owl,1.0,weighted_majority,13530.123749980703,True,n01622779,3,0.9,[],2,early_exit_with_aggregation_at_resnet34,0.2,greedy,0.8,adaptive,,,great_grey_owl,,,great_grey_owl,-1.0,-1.0,0.9775727987289429,-1.0,-1.0,0.888086199760437,-1.0,-1.0,0.137921187540125,0.6274068456896715,-1.0,0.3685539451310413
REQ-00001,2000,50,9.305383205413818,0.34530210494995117,"['vit_b_16', 'resnet34', 'resnet18']",['vit_b_16'],banded_gecko,0.8761554956436157,single_model,13279.058082960546,True,n01675722,3,0.9,[],2,deadline_stop_before_resnet34,0.4,greedy,0.8,adaptive,,,,,,banded_gecko,-1.0,-1.0,-1.0,-1.0,-1.0,0.8761554956436157,-1.0,0.1035234620138346,0.137921187540125,-1.0,-1.0,0.3528121506179372
REQ-00012,2000,50,10.692162036895752,0.7480788230895996,"['vit_b_16', 'resnet50', 'resnet18']",['vit_b_16'],snail,0.8950260281562805,single_model,24437.622250057757,True,n01944390,3,0.9,[],2,deadline_stop_before_resnet50,2.0,greedy,0.7333333333333334,adaptive,,,,,,snail,-1.0,-1.0,-1.0,-1.0,-1.0,0.8950260281562805,-1.0,0.1035234620138346,-1.0,0.6274068456896715,-1.0,0.4419622355561435
REQ-00006,2000,50,9.835958003997803,0.5293610095977783,"['resnet101', 'resnet50', 'resnet18']",['resnet101'],indigo_bunting,0.9950061440467834,single_model,30223.876083036885,True,n01537544,3,0.9,[],2,early_exit_first_pass=resnet101,1.2,greedy,0.7866666666666667,adaptive,,,,,indigo_bunting,,-1.0,-1.0,-1.0,-1.0,0.9950061440467834,-1.0,-1.0,0.1035234620138346,-1.0,0.6274068456896715,1.128240378900494,-1.0
REQ-00003,2000,50,7.70324993133545,0.3726680278778076,"['resnet101', 'resnet50', 'resnet34']",['resnet101'],tench,0.9939057230949402,single_model,38244.32641710155,True,n01440764,3,0.9,[],2,early_exit_first_pass=resnet101,0.8,greedy,0.8,adaptive,,,,,tench,,-1.0,-1.0,-1.0,-1.0,0.9939057230949402,-1.0,-1.0,-1.0,0.137921187540125,0.6274068456896715,1.128240378900494,-1.0
REQ-00005,2000,50,9.31276893615723,0.45333099365234375,"['vit_b_16', 'resnet50', 'resnet18']",['vit_b_16'],tarantula,0.8535169959068298,single_model,37538.04266708903,True,n01774750,3,0.9,[],2,deadline_stop_before_resnet50,2.2,greedy,0.72,adaptive,,,,,,tarantula,-1.0,-1.0,-1.0,-1.0,-1.0,0.8535169959068298,-1.0,0.1035234620138346,-1.0,0.6274068456896715,-1.0,0.4419622355561435
REQ-00010,2000,50,7.51608109474182,0.6779122352600098,"['resnet101', 'resnet50', 'resnet18']",['resnet101'],water_snake,0.29137280583381653,single_model,39561.06824986637,True,n01740131,3,0.9,[],2,deadline_stop_before_resnet50,1.6,greedy,0.76,adaptive,,,,,water_snake,,-1.0,-1.0,-1.0,-1.0,0.29137280583381653,-1.0,-1.0,0.1035234620138346,-1.0,0.6274068456896715,1.128240378900494,-1.0
REQ-00004,2000,50,8.86700797080994,0.40129899978637695,"['resnet101', 'resnet50', 'resnet18']",['resnet101'],axolotl,0.9999982118606567,single_model,41328.785749850795,True,n01632777,3,0.9,[],2,early_exit_first_pass=resnet101,1.0,greedy,0.8,adaptive,,,,,axolotl,,-1.0,-1.0,-1.0,-1.0,0.9999982118606567,-1.0,-1.0,0.1035234620138346,-1.0,0.6274068456896715,1.128240378900494,-1.0
REQ-00007,2000,50,7.718918800354004,0.5499401092529297,"['vit_b_16', 'resnet50', 'resnet18']",['vit_b_16'],crane,0.9058224558830261,single_model,41526.020041899756,True,n02012849,3,0.9,[],2,early_exit_first_pass=vit_b_16,2.4,greedy,0.7066666666666667,adaptive,,,,,,crane,-1.0,-1.0,-1.0,-1.0,-1.0,0.9058224558830261,-1.0,0.1035234620138346,-1.0,0.6274068456896715,-1.0,0.4419622355561435
REQ-00013,2000,50,8.16542172431946,0.9179999828338623,['mobilenet_v3_small'],['mobilenet_v3_small'],peacock,0.9999995231628418,single_model,45853.69575000368,True,n01806143,3,0.9,[],2,early_exit_first_pass=mobilenet_v3_small,3.0,greedy,0.6666666666666667,adaptive,peacock,,,,,,0.9999995231628418,-1.0,-1.0,-1.0,-1.0,-1.0,11.590098232419576,-1.0,-1.0,-1.0,-1.0,-1.0
REQ-00014,2000,50,7.1730523109436,0.9307920932769775,"['resnet50', 'resnet18', 'mobilenet_v3_small']",['resnet50'],white_stork,0.9967240691184998,single_model,47037.27437509224,True,n02002556,3,0.9,[],2,early_exit_first_pass=resnet50,2.8,greedy,0.68,adaptive,,,,white_stork,,,-1.0,-1.0,-1.0,0.9967240691184998,-1.0,-1.0,0.06301635447874454,0.11215041718165415,-1.0,0.6796907494971441,-1.0,-1.0
REQ-00009,2000,50,10.55612802505493,0.6205031871795654,"['vit_b_16', 'resnet50', 'resnet18']",['vit_b_16'],hermit_crab,0.8699622750282288,single_model,50287.29508398101,True,n01986214,3,0.9,[],2,deadline_stop_before_resnet50,2.6,greedy,0.6933333333333334,adaptive,,,,,,hermit_crab,-1.0,-1.0,-1.0,-1.0,-1.0,0.8699622750282288,-1.0,0.1035234620138346,-1.0,0.6274068456896715,-1.0,0.4419622355561435
REQ-00008,2000,50,9.63346195220947,0.563683032989502,"['resnet101', 'resnet50', 'resnet18']",['resnet101'],tiger_shark,0.9971318244934082,single_model,51745.17875001766,True,n01491361,3,0.9,[],2,early_exit_first_pass=resnet101,1.4,greedy,0.7733333333333334,adaptive,,,,,tiger_shark,,-1.0,-1.0,-1.0,-1.0,0.9971318244934082,-1.0,-1.0,0.1035234620138346,-1.0,0.6274068456896715,1.128240378900494,-1.0





REQ-00001,2000,50,1.791001319885254,0.010001897811889648,"['vit_b_16', 'resnet50']",['vit_b_16'],peacock,0.9019241333007812,single_model,1606.1292078811675,True,n01806143,2,0.9,[],2,early_exit_first_pass=vit_b_16,0.4,greedy,0.8,adaptive,,,,,,peacock,-1.0,-1.0,-1.0,-1.0,-1.0,0.9019241333007812,-1.0,-1.0,-1.0,0.27078929689406706,-1.0,0.4649700052547454
REQ-00000,2000,50,3.8107757568359375,3.0994415283203125e-06,"['vit_b_16', 'resnet50']",['vit_b_16'],flatworm,0.8815551996231079,single_model,3785.429459065199,True,n01924916,2,0.9,[],2,deadline_stop_before_resnet50,0.2,greedy,0.8,adaptive,,,,,,flatworm,-1.0,-1.0,-1.0,-1.0,-1.0,0.8815551996231079,-1.0,-1.0,-1.0,0.27078929689406706,-1.0,0.4649700052547454
REQ-00002,2000,50,7.007744073867798,0.14555811882019043,"['vit_b_16', 'resnet50']",['vit_b_16'],horned_viper,0.640250563621521,single_model,15736.579917138442,True,n01753488,2,0.9,[],2,deadline_stop_before_resnet50,0.6,greedy,0.8,adaptive,,,,,,horned_viper,-1.0,-1.0,-1.0,-1.0,-1.0,0.640250563621521,-1.0,-1.0,-1.0,0.27078929689406706,-1.0,0.4649700052547454
REQ-00005,2000,50,7.0235538482666,0.22142791748046875,"['vit_b_16', 'resnet50']",['vit_b_16'],spiny_lobster,0.7229007482528687,single_model,15344.672208884731,True,n01984695,2,0.9,[],2,deadline_stop_before_resnet50,1.2,greedy,0.7866666666666667,adaptive,,,,,,spiny_lobster,-1.0,-1.0,-1.0,-1.0,-1.0,0.7229007482528687,-1.0,-1.0,-1.0,0.27078929689406706,-1.0,0.4649700052547454
REQ-00008,2000,50,8.804765939712524,0.3641841411590576,"['vit_b_16', 'resnet50']",['vit_b_16'],whiptail,0.637603223323822,single_model,16837.526499992236,True,n01685808,2,0.9,[],2,deadline_stop_before_resnet50,1.6,greedy,0.76,adaptive,,,,,,whiptail,-1.0,-1.0,-1.0,-1.0,-1.0,0.637603223323822,-1.0,-1.0,-1.0,0.27078929689406706,-1.0,0.4649700052547454
REQ-00012,2000,50,10.076841115951538,0.672976016998291,['mobilenet_v3_small'],['mobilenet_v3_small'],bittern,0.9780260920524597,single_model,18566.56579207629,True,n02011460,2,0.9,[],2,early_exit_first_pass=mobilenet_v3_small,2.4,greedy,0.7066666666666667,adaptive,bittern,,,,,,0.9780260920524597,-1.0,-1.0,-1.0,-1.0,-1.0,12.924215779254272,-1.0,-1.0,-1.0,-1.0,-1.0
REQ-00017,2000,50,11.820296049118042,0.8757188320159912,['mobilenet_v3_small'],['mobilenet_v3_small'],redshank,0.9990984201431274,single_model,19880.740124965087,True,n02028035,2,0.9,[],2,early_exit_first_pass=mobilenet_v3_small,3.2,greedy,0.6533333333333333,adaptive,redshank,,,,,,0.9990984201431274,-1.0,-1.0,-1.0,-1.0,-1.0,12.924215779254272,-1.0,-1.0,-1.0,-1.0,-1.0
REQ-00013,2000,50,7.05621910095215,0.6884829998016357,['mobilenet_v3_small'],['mobilenet_v3_small'],common_newt,0.7748849987983704,single_model,22374.189791968092,True,n01630670,2,0.9,[],2,ran_all,2.6,greedy,0.6933333333333334,adaptive,common_newt,,,,,,0.7748849987983704,-1.0,-1.0,-1.0,-1.0,-1.0,12.924215779254272,-1.0,-1.0,-1.0,-1.0,-1.0
REQ-00003,2000,50,9.589979887008667,0.16673588752746582,"['vit_b_16', 'resnet50']",['vit_b_16'],toucan,0.8691482543945312,single_model,24115.806041052565,True,n01843383,2,0.9,[],2,deadline_stop_before_resnet50,0.8,greedy,0.8,adaptive,,,,,,toucan,-1.0,-1.0,-1.0,-1.0,-1.0,0.8691482543945312,-1.0,-1.0,-1.0,0.27078929689406706,-1.0,0.4649700052547454
REQ-00004,2000,50,11.175914764404297,0.2000751495361328,"['vit_b_16', 'resnet50']",['vit_b_16'],vine_snake,0.8223286271095276,single_model,24601.391582982615,True,n01739381,2,0.9,[],2,deadline_stop_before_resnet50,1.0,greedy,0.8,adaptive,,,,,,vine_snake,-1.0,-1.0,-1.0,-1.0,-1.0,0.8223286271095276,-1.0,-1.0,-1.0,0.27078929689406706,-1.0,0.4649700052547454
REQ-00006,2000,50,8.694886922836304,0.3243851661682129,"['vit_b_16', 'resnet50']",['vit_b_16'],black_grouse,0.9003833532333374,single_model,26945.329250069335,True,n01795545,2,0.9,[],2,early_exit_first_pass=vit_b_16,1.4,greedy,0.7733333333333334,adaptive,,,,,,black_grouse,-1.0,-1.0,-1.0,-1.0,-1.0,0.9003833532333374,-1.0,-1.0,-1.0,0.27078929689406706,-1.0,0.4649700052547454
REQ-00015,2000,50,7.345188856124878,0.8066010475158691,['mobilenet_v3_small'],['mobilenet_v3_small'],prairie_chicken,0.9993681311607361,single_model,25645.889000035822,True,n01798484,2,0.9,[],2,early_exit_first_pass=mobilenet_v3_small,2.8,greedy,0.68,adaptive,prairie_chicken,,,,,,0.9993681311607361,-1.0,-1.0,-1.0,-1.0,-1.0,12.924215779254272,-1.0,-1.0,-1.0,-1.0,-1.0
REQ-00007,2000,50,8.65630531311035,0.34046006202697754,"['vit_b_16', 'resnet50']",['vit_b_16'],pelican,0.8944036960601807,single_model,27368.005458964035,True,n02051845,2,0.9,[],2,deadline_stop_before_resnet50,1.8,greedy,0.7466666666666667,adaptive,,,,,,pelican,-1.0,-1.0,-1.0,-1.0,-1.0,0.8944036960601807,-1.0,-1.0,-1.0,0.27078929689406706,-1.0,0.5422595047292709
REQ-00014,2000,50,9.11316990852356,0.7196290493011475,['mobilenet_v3_small'],['mobilenet_v3_small'],tricycle,0.21531933546066284,single_model,26661.72712505795,True,n01514668,2,0.9,[],2,ran_all,3.6,greedy,0.6266666666666667,adaptive,tricycle,,,,,,0.21531933546066284,-1.0,-1.0,-1.0,-1.0,-1.0,4.622742944585156,-1.0,-1.0,-1.0,-1.0,-1.0
REQ-00010,2000,50,9.952115058898926,0.4979090690612793,"['resnet18', 'mobilenet_v3_small']",['resnet18'],sea_slug,0.7349370121955872,single_model,30346.454750047997,True,n01924916,2,0.9,[],2,deadline_stop_before_mobilenet_v3_small,2.2,greedy,0.72,adaptive,,sea_slug,,,,,-1.0,0.7349370121955872,-1.0,-1.0,-1.0,-1.0,0.08860776982010894,0.11104349442629796,-1.0,-1.0,-1.0,-1.0
REQ-00016,2000,50,7.01208686828613,0.8453309535980225,['mobilenet_v3_small'],['mobilenet_v3_small'],stingray,0.7778306603431702,single_model,31185.68079196848,True,n01498041,2,0.9,[],2,ran_all,3.0,greedy,0.6666666666666667,adaptive,stingray,,,,,,0.7778306603431702,-1.0,-1.0,-1.0,-1.0,-1.0,12.924215779254272,-1.0,-1.0,-1.0,-1.0,-1.0
REQ-00011,2000,50,8.15563607215881,0.551271915435791,['mobilenet_v3_small'],['mobilenet_v3_small'],common_iguana,0.9998838901519775,single_model,32742.728332988918,True,n01677366,2,0.9,[],2,early_exit_first_pass=mobilenet_v3_small,3.4,greedy,0.64,adaptive,common_iguana,,,,,,0.9998838901519775,-1.0,-1.0,-1.0,-1.0,-1.0,12.924215779254272,-1.0,-1.0,-1.0,-1.0,-1.0
REQ-00018,2000,50,7.71517491340637,0.9991109371185303,['mobilenet_v3_small'],['mobilenet_v3_small'],horned_viper,0.4073675870895386,single_model,32382.885750150308,True,n01753488,2,0.9,[],2,ran_all,3.8,greedy,0.6133333333333333,adaptive,horned_viper,,,,,,0.4073675870895386,-1.0,-1.0,-1.0,-1.0,-1.0,3.1433933345597525,-1.0,-1.0,-1.0,-1.0,-1.0
REQ-00009,2000,50,7.23153305053711,0.48871612548828125,"['resnet101', 'resnet50']",['resnet101'],sea_anemone,0.9395844340324402,single_model,33909.2325840611,True,n01914609,2,0.9,[],2,early_exit_first_pass=resnet101,2.0,greedy,0.7333333333333334,adaptive,,,,,sea_anemone,,-1.0,-1.0,-1.0,-1.0,0.9395844340324402,-1.0,-1.0,-1.0,-1.0,0.27078929689406706,1.1702508187030454,-1.0


REQ-00000,2000,60,2.156244993209839,1.9073486328125e-06,"['vit_b_16', 'resnet50']",['vit_b_16'],ptarmigan,0.8700494766235352,single_model,2139.959500171244,True,n01796340,2,0.9,[],2,deadline_stop_before_resnet50,0.2,greedy,0.8,adaptive,,,,,,ptarmigan,-1.0,-1.0,-1.0,-1.0,-1.0,0.8700494766235352,-1.0,-1.0,-1.0,0.4721580261223915,-1.0,0.4029674555423467
REQ-00006,2000,60,4.671086072921753,0.31288909912109375,"['vit_b_16', 'resnet50']",['vit_b_16'],tick,0.8940863013267517,single_model,13678.774290950969,True,n01776313,2,0.9,[],2,deadline_stop_before_resnet50,1.2,greedy,0.7866666666666667,adaptive,,,,,,tick,-1.0,-1.0,-1.0,-1.0,-1.0,0.8940863013267517,-1.0,-1.0,-1.0,0.4721580261223915,-1.0,0.38058040998811205
REQ-00002,2000,60,8.849180936813354,0.1701197624206543,"['vit_b_16', 'resnet50']",['vit_b_16'],vine_snake,0.6382356286048889,single_model,14418.582125101238,True,n01739381,2,0.9,[],2,deadline_stop_before_resnet50,0.6,greedy,0.8,adaptive,,,,,,vine_snake,-1.0,-1.0,-1.0,-1.0,-1.0,0.6382356286048889,-1.0,-1.0,-1.0,0.4721580261223915,-1.0,0.38058040998811205
REQ-00005,2000,60,8.807460069656372,0.29011082649230957,"['vit_b_16', 'resnet50']",['resnet50'],prairie_chicken,0.8314796090126038,single_model,28044.574750121683,True,n01798484,2,0.9,[],2,ran_all,1.0,greedy,0.8,adaptive,,,,prairie_chicken,,,-1.0,-1.0,-1.0,0.8314796090126038,-1.0,-1.0,-1.0,-1.0,-1.0,0.4721580261223915,-1.0,0.38058040998811205
REQ-00010,2000,60,8.89998984336853,0.5798149108886719,['mobilenet_v3_small'],['mobilenet_v3_small'],goose,0.9316875338554382,single_model,23654.324000002816,True,n01855672,2,0.9,[],2,early_exit_first_pass=mobilenet_v3_small,3.0,greedy,0.6666666666666667,adaptive,goose,,,,,,0.9316875338554382,-1.0,-1.0,-1.0,-1.0,-1.0,17.04097236848336,-1.0,-1.0,-1.0,-1.0,-1.0
REQ-00001,2000,60,7.723805904388428,0.014459848403930664,"['vit_b_16', 'resnet50']",['resnet50'],vine_snake,0.9882823824882507,single_model,30400.15475009568,True,n01739381,2,0.9,[],2,early_exit_with_aggregation_at_resnet50,0.4,greedy,0.8,adaptive,,,,vine_snake,,,-1.0,-1.0,-1.0,0.9882823824882507,-1.0,-1.0,-1.0,-1.0,-1.0,0.4721580261223915,-1.0,0.4029674555423467
REQ-00008,2000,60,7.62401294708252,0.44115591049194336,"['resnet101', 'resnet50']",['resnet101'],dungeness_crab,0.998001754283905,single_model,30451.0879998561,True,n01978287,2,0.9,[],2,early_exit_first_pass=resnet101,1.8,greedy,0.7466666666666667,adaptive,,,,,dungeness_crab,,-1.0,-1.0,-1.0,-1.0,0.998001754283905,-1.0,-1.0,-1.0,-1.0,0.5115045282992574,0.978226657377897,-1.0
REQ-00003,2000,60,7.55624508857727,0.1960289478302002,"['vit_b_16', 'resnet50']",['resnet50'],peacock,0.9999850988388062,single_model,32892.145707970485,True,n01806143,2,0.9,[],2,early_exit_with_aggregation_at_resnet50,0.8,greedy,0.8,adaptive,,,,peacock,,,-1.0,-1.0,-1.0,0.9999850988388062,-1.0,-1.0,-1.0,-1.0,-1.0,0.4721580261223915,-1.0,0.38058040998811205
REQ-00009,2000,60,10.246232748031616,0.47382497787475586,"['resnet101', 'resnet50']",['resnet50'],bustard,0.9998258948326111,single_model,31925.62570888549,True,n02018795,2,0.9,[],2,early_exit_with_aggregation_at_resnet50,2.0,greedy,0.7333333333333334,adaptive,,,,bustard,,,-1.0,-1.0,-1.0,0.9998258948326111,-1.0,-1.0,-1.0,-1.0,-1.0,0.5115045282992574,0.978226657377897,-1.0
REQ-00004,2000,60,9.89764475822449,0.24087905883789062,"['resnet101', 'resnet50']",['resnet101'],wallaby,0.7846419811248779,single_model,38597.67687506974,True,n01877812,2,0.9,[],2,deadline_stop_before_resnet50,1.4,greedy,0.7733333333333334,adaptive,,,,,wallaby,,-1.0,-1.0,-1.0,-1.0,0.7846419811248779,-1.0,-1.0,-1.0,-1.0,0.4721580261223915,0.9029784529642126,-1.0
REQ-00007,2000,60,3.663827896118164,0.36151599884033203,"['resnet101', 'resnet50']",['resnet101'],bald_eagle,0.9964848756790161,single_model,41865.26387487538,True,n01614925,2,0.9,[],2,early_exit_first_pass=resnet101,1.6,greedy,0.76,adaptive,,,,,bald_eagle,,-1.0,-1.0,-1.0,-1.0,0.9964848756790161,-1.0,-1.0,-1.0,-1.0,0.5115045282992574,0.978226657377897,-1.0
REQ-00011,2000,60,9.268146276474,0.69769287109375,"['resnet101', 'resnet50']",['resnet50'],macaw,0.999906063079834,single_model,47023.34279194474,True,n01818515,2,0.9,[],2,early_exit_with_aggregation_at_resnet50,2.2,greedy,0.72,adaptive,,,,macaw,,,-1.0,-1.0,-1.0,0.999906063079834,-1.0,-1.0,-1.0,-1.0,-1.0,0.5115045282992574,0.978226657377897,-1.0
REQ-00012,2000,60,8.92789602279663,0.8825111389160156,"['resnet101', 'resnet50']",['resnet50'],black_swan,0.9999986886978149,single_model,48544.29562506266,True,n01860187,2,0.9,[],2,early_exit_with_aggregation_at_resnet50,2.4,greedy,0.7066666666666667,adaptive,,,,black_swan,,,-1.0,-1.0,-1.0,0.9999986886978149,-1.0,-1.0,-1.0,-1.0,-1.0,0.5115045282992574,0.978226657377897,-1.0
REQ-00015,2000,60,8.60475993156433,1.046854019165039,"['resnet101', 'resnet50']",['resnet50'],kite,0.43089258670806885,single_model,48289.09883298911,True,n01608432,2,0.9,[],2,ran_all,3.0,greedy,0.6666666666666667,adaptive,,,,kite,,,-1.0,-1.0,-1.0,0.43089258670806885,-1.0,-1.0,-1.0,-1.0,-1.0,0.5115045282992574,0.978226657377897,-1.0
REQ-00013,2000,60,7.23581385612488,0.9028298854827881,"['resnet101', 'resnet50']",['resnet50'],american_coot,0.9985066056251526,single_model,49462.885207962245,True,n02018207,2,0.9,[],2,early_exit_with_aggregation_at_resnet50,2.6,greedy,0.6933333333333334,adaptive,,,,american_coot,,,-1.0,-1.0,-1.0,0.9985066056251526,-1.0,-1.0,-1.0,-1.0,-1.0,0.5115045282992574,0.978226657377897,-1.0
REQ-00017,2000,60,9.53641128540039,1.1488769054412842,"['resnet101', 'resnet50']",['resnet50'],leatherback_turtle,0.9926364421844482,single_model,51450.396083062515,True,n01665541,2,0.9,[],2,early_exit_with_aggregation_at_resnet50,3.2,greedy,0.6533333333333333,adaptive,,,,leatherback_turtle,,,-1.0,-1.0,-1.0,0.9926364421844482,-1.0,-1.0,-1.0,-1.0,-1.0,0.5115045282992574,0.978226657377897,-1.0
REQ-00016,2000,60,9.623085021972656,1.087918996810913,"['resnet101', 'resnet50']",['resnet50'],sulphur-crested_cockatoo,0.9994843006134033,single_model,56061.88404094428,True,n01819313,2,0.9,[],2,early_exit_with_aggregation_at_resnet50,3.2,greedy,0.6533333333333333,adaptive,,,,sulphur-crested_cockatoo,,,-1.0,-1.0,-1.0,0.9994843006134033,-1.0,-1.0,-1.0,-1.0,-1.0,0.5115045282992574,0.978226657377897,-1.0
REQ-00014,2000,60,6.77752900123596,0.9702069759368896,"['resnet101', 'resnet50']",['resnet50'],american_chameleon,0.5263469815254211,single_model,56586.13049983978,True,n01693334,2,0.9,[],2,ran_all,2.8,greedy,0.68,adaptive,,,,american_chameleon,,,-1.0,-1.0,-1.0,0.5263469815254211,-1.0,-1.0,-1.0,-1.0,-1.0,0.5115045282992574,0.978226657377897,-1.0





REQ-00006,2000,100,9.07911491394043,0.42732691764831543,"['vit_b_16', 'resnet101']",['vit_b_16'],harvestman,0.8764250874519348,single_model,8110.355207929388,True,n01770081,2,0.9,[],2,deadline_stop_before_resnet101,1.0,greedy,0.8,adaptive,,,,,,harvestman,-1.0,-1.0,-1.0,-1.0,-1.0,0.8764250874519348,-1.0,-1.0,-1.0,-1.0,0.653642928242847,0.4130944168918475
REQ-00001,2000,100,2.984641075134277,0.10979294776916504,"['vit_b_16', 'resnet101']",['vit_b_16'],tick,0.8948262929916382,single_model,12761.737416964024,True,n01776313,2,0.9,[],2,deadline_stop_before_resnet101,0.4,greedy,0.8,adaptive,,,,,,tick,-1.0,-1.0,-1.0,-1.0,-1.0,0.8948262929916382,-1.0,-1.0,-1.0,-1.0,0.653642928242847,0.43769957432427503
REQ-00002,2000,100,4.311499118804932,0.21400904655456543,"['vit_b_16', 'resnet101']",['vit_b_16'],komodo_dragon,0.9162169098854065,single_model,13830.35866706632,True,n01695060,2,0.9,[],2,early_exit_first_pass=vit_b_16,0.6,greedy,0.8,adaptive,,,,,,komodo_dragon,-1.0,-1.0,-1.0,-1.0,-1.0,0.9162169098854065,-1.0,-1.0,-1.0,-1.0,0.653642928242847,0.4130944168918475
REQ-00005,2000,100,6.15579605102539,0.38562822341918945,"['vit_b_16', 'resnet101']",['vit_b_16'],agama,0.8777875900268555,single_model,15497.640416957438,True,n01687978,2,0.9,[],2,deadline_stop_before_resnet101,0.8,greedy,0.8,adaptive,,,,,,agama,-1.0,-1.0,-1.0,-1.0,-1.0,0.8777875900268555,-1.0,-1.0,-1.0,-1.0,0.653642928242847,0.4130944168918475
REQ-00009,2000,100,6.45310115814209,0.49011921882629395,"['vit_b_16', 'resnet101']",['vit_b_16'],great_white_shark,0.8718563914299011,single_model,14593.295042170212,True,n01484850,2,0.9,[],2,deadline_stop_before_resnet101,1.6,greedy,0.76,adaptive,,,,,,great_white_shark,-1.0,-1.0,-1.0,-1.0,-1.0,0.8718563914299011,-1.0,-1.0,-1.0,-1.0,0.653642928242847,0.4130944168918475
REQ-00007,2000,100,6.99758291244507,0.4404871463775635,"['vit_b_16', 'resnet101']",['vit_b_16'],green_lizard,0.4070056676864624,single_model,15881.010124925524,True,n01693334,2,0.9,[],2,deadline_stop_before_resnet101,1.2,greedy,0.7866666666666667,adaptive,,,,,,green_lizard,-1.0,-1.0,-1.0,-1.0,-1.0,0.4070056676864624,-1.0,-1.0,-1.0,-1.0,0.653642928242847,0.4130944168918475
REQ-00012,2000,100,7.872273921966553,0.6731851100921631,"['vit_b_16', 'resnet101']",['vit_b_16'],wombat,0.8847348093986511,single_model,19811.836083885282,True,n01883070,2,0.9,[],2,deadline_stop_before_resnet101,2.0,greedy,0.7333333333333334,adaptive,,,,,,wombat,-1.0,-1.0,-1.0,-1.0,-1.0,0.8847348093986511,-1.0,-1.0,-1.0,-1.0,0.653642928242847,0.4130944168918475
REQ-00016,2000,100,8.424946069717407,1.0105321407318115,"['vit_b_16', 'resnet50']",['vit_b_16'],leatherback_turtle,0.9001268744468689,single_model,19865.693375002593,True,n01665541,2,0.9,[],2,early_exit_first_pass=vit_b_16,2.8,greedy,0.68,adaptive,,,,,,leatherback_turtle,-1.0,-1.0,-1.0,-1.0,-1.0,0.9001268744468689,-1.0,-1.0,-1.0,0.22891136394527517,-1.0,0.4130944168918475
REQ-00011,2000,100,8.45286464691162,0.5814859867095947,"['vit_b_16', 'resnet101']",['vit_b_16'],sea_anemone,0.8792902827262878,single_model,23526.649791980162,True,n01914609,2,0.9,[],2,deadline_stop_before_resnet101,1.8,greedy,0.7466666666666667,adaptive,,,,,,sea_anemone,-1.0,-1.0,-1.0,-1.0,-1.0,0.8792902827262878,-1.0,-1.0,-1.0,-1.0,0.653642928242847,0.4130944168918475
REQ-00008,2000,100,7.36549711227417,0.48086118698120117,"['vit_b_16', 'resnet101']",['vit_b_16'],banded_gecko,0.890470027923584,single_model,25625.596374971792,True,n01675722,2,0.9,[],2,deadline_stop_before_resnet101,1.4,greedy,0.7733333333333334,adaptive,,,,,,banded_gecko,-1.0,-1.0,-1.0,-1.0,-1.0,0.890470027923584,-1.0,-1.0,-1.0,-1.0,0.653642928242847,0.4130944168918475
REQ-00015,2000,100,7.55414080619812,0.8997001647949219,"['vit_b_16', 'resnet50']",['vit_b_16'],king_snake,0.8484202027320862,single_model,25026.44299995154,True,n01734418,2,0.9,[],2,deadline_stop_before_resnet50,2.6,greedy,0.6933333333333334,adaptive,,,,,,king_snake,-1.0,-1.0,-1.0,-1.0,-1.0,0.8484202027320862,-1.0,-1.0,-1.0,0.22891136394527517,-1.0,0.4130944168918475
REQ-00014,2000,100,5.0252902507782,0.8388230800628662,"['vit_b_16', 'resnet50']",['vit_b_16'],horned_viper,0.6689788699150085,single_model,27717.26212487556,True,n01753488,2,0.9,[],2,deadline_stop_before_resnet50,2.4,greedy,0.7066666666666667,adaptive,,,,,,horned_viper,-1.0,-1.0,-1.0,-1.0,-1.0,0.6689788699150085,-1.0,-1.0,-1.0,0.22891136394527517,-1.0,0.4130944168918475
REQ-00010,2000,100,8.010319232940674,0.5601739883422852,"['vit_b_16', 'resnet50']",['vit_b_16'],banded_gecko,0.8960432410240173,single_model,28890.518416883424,True,n01675722,2,0.9,[],2,deadline_stop_before_resnet50,3.4,greedy,0.64,adaptive,,,,,,banded_gecko,-1.0,-1.0,-1.0,-1.0,-1.0,0.8960432410240173,-1.0,-1.0,-1.0,0.6955062625735472,-1.0,0.895037903265667
REQ-00003,2000,100,8.42249608039856,0.3397231101989746,"['vit_b_16', 'resnet50']",['vit_b_16'],hognose_snake,0.8486868739128113,single_model,29751.256707822904,True,n01729322,2,0.9,[],2,deadline_stop_before_resnet50,3.0,greedy,0.6666666666666667,adaptive,,,,,,hognose_snake,-1.0,-1.0,-1.0,-1.0,-1.0,0.8486868739128113,-1.0,-1.0,-1.0,0.6955062625735463,-1.0,0.8950379032656663
REQ-00017,2000,100,9.58558797836304,1.0324420928955078,"['vit_b_16', 'resnet50']",['vit_b_16'],bald_eagle,0.2774967849254608,single_model,30745.884125120938,True,n01698640,2,0.9,[],2,deadline_stop_before_resnet50,3.6,greedy,0.6266666666666667,adaptive,,,,,,bald_eagle,-1.0,-1.0,-1.0,-1.0,-1.0,0.2774967849254608,-1.0,-1.0,-1.0,0.6955062625735472,-1.0,0.895037903265667
REQ-00013,2000,100,9.017483949661255,0.7254660129547119,"['vit_b_16', 'resnet101']",['vit_b_16'],tick,0.8782724142074585,single_model,32779.42187502049,True,n01776313,2,0.9,[],2,deadline_stop_before_resnet101,2.2,greedy,0.72,adaptive,,,,,,tick,-1.0,-1.0,-1.0,-1.0,-1.0,0.8782724142074585,-1.0,-1.0,-1.0,-1.0,0.653642928242847,0.4130944168918475
REQ-00000,2000,100,7.97893667221069,6.198883056640625e-06,"['vit_b_16', 'resnet101']","['vit_b_16', 'resnet101']",hammerhead,1.0,weighted_majority,37945.42695814744,True,n01494475,2,0.9,[],2,early_exit_with_aggregation_at_resnet101,0.2,greedy,0.8,adaptive,,,,,hammerhead,hammerhead,-1.0,-1.0,-1.0,-1.0,0.9685932993888855,0.8512458205223083,-1.0,-1.0,-1.0,-1.0,0.653642928242847,0.43769957432427503
REQ-00024,2000,100,7.61668395996094,1.9972741603851318,"['vit_b_16', 'resnet50']",['vit_b_16'],bittern,0.8793428540229797,single_model,32762.18070811592,True,n02011460,2,0.9,[],2,deadline_stop_before_resnet50,3.8,greedy,0.6133333333333333,adaptive,,,,,,bittern,-1.0,-1.0,-1.0,-1.0,-1.0,0.8793428540229797,-1.0,-1.0,-1.0,0.6955062625735476,-1.0,0.8950379032656678
REQ-00004,2000,100,5.69352412223816,0.35674428939819336,"['vit_b_16', 'resnet50']",['vit_b_16'],sea_snake,0.8745629787445068,single_model,36560.265250038356,True,n01751748,2,0.9,[],2,deadline_stop_before_resnet50,3.2,greedy,0.6533333333333333,adaptive,,,,,,sea_snake,-1.0,-1.0,-1.0,-1.0,-1.0,0.8745629787445068,-1.0,-1.0,-1.0,0.6955062625735463,-1.0,0.8950379032656663
REQ-00021,2000,100,9.50512409210205,1.8955409526824951,"['vit_b_16', 'resnet50']",['vit_b_16'],bulbul,0.9064159989356995,single_model,40219.9954171665,True,n01560419,2,0.9,[],2,early_exit_first_pass=vit_b_16,3.6,greedy,0.6266666666666667,adaptive,,,,,,bulbul,-1.0,-1.0,-1.0,-1.0,-1.0,0.9064159989356995,-1.0,-1.0,-1.0,0.6955062625735476,-1.0,0.8950379032656678
REQ-00023,2000,100,9.94648790359497,1.9297881126403809,"['vit_b_16', 'resnet50']",['vit_b_16'],sidewinder,0.36042410135269165,single_model,40220.54108302109,True,n01740131,2,0.9,[],2,deadline_stop_before_resnet50,3.6,greedy,0.6266666666666667,adaptive,,,,,,sidewinder,-1.0,-1.0,-1.0,-1.0,-1.0,0.36042410135269165,-1.0,-1.0,-1.0,0.6955062625735476,-1.0,0.8950379032656678
REQ-00019,2000,100,7.545907974243164,1.2836050987243652,"['vit_b_16', 'resnet50']",['vit_b_16'],spoonbill,0.8950625061988831,single_model,43327.83779199235,True,n02006656,2,0.9,[],2,deadline_stop_before_resnet50,3.6,greedy,0.6266666666666667,adaptive,,,,,,spoonbill,-1.0,-1.0,-1.0,-1.0,-1.0,0.8950625061988831,-1.0,-1.0,-1.0,0.6955062625735476,-1.0,0.8950379032656678
REQ-00022,2000,100,6.93237495422363,1.9165832996368408,"['vit_b_16', 'resnet50']",['vit_b_16'],hammerhead,0.8808335661888123,single_model,42390.944625018165,True,n01494475,2,0.9,[],2,deadline_stop_before_resnet50,3.6,greedy,0.6266666666666667,adaptive,,,,,,hammerhead,-1.0,-1.0,-1.0,-1.0,-1.0,0.8808335661888123,-1.0,-1.0,-1.0,0.6955062625735476,-1.0,0.8950379032656678
REQ-00020,2000,100,7.9017288684845,1.7461130619049072,"['vit_b_16', 'resnet50']",['vit_b_16'],rock_crab,0.8260993957519531,single_model,43918.15675003454,True,n01978455,2,0.9,[],2,deadline_stop_before_resnet50,3.6,greedy,0.6266666666666667,adaptive,,,,,,rock_crab,-1.0,-1.0,-1.0,-1.0,-1.0,0.8260993957519531,-1.0,-1.0,-1.0,0.6955062625735476,-1.0,0.8950379032656678
REQ-00018,2000,100,9.56252598762512,1.1105520725250244,"['vit_b_16', 'resnet50']",['vit_b_16'],white_stork,0.8576934337615967,single_model,45501.92145910114,True,n02002556,2,0.9,[],2,deadline_stop_before_resnet50,3.6,greedy,0.6266666666666667,adaptive,,,,,,white_stork,-1.0,-1.0,-1.0,-1.0,-1.0,0.8576934337615967,-1.0,-1.0,-1.0,0.6955062625735474,-1.0,0.8950379032656673



REQ-00005,2000,250,5.426349878311157,1.6990740299224854,"['vit_b_16', 'resnet101']",['vit_b_16'],horned_viper,0.841291606426239,single_model,5411.166292149574,True,n01753488,2,0.9,[],2,deadline_stop_before_resnet101,1.2,greedy,0.7866666666666667,adaptive,,,,,,horned_viper,-1.0,-1.0,-1.0,-1.0,-1.0,0.841291606426239,-1.0,-1.0,-1.0,-1.0,0.7164914880565204,0.6114770216120962
REQ-00004,2000,250,8.329334020614624,0.9471039772033691,"['vit_b_16', 'resnet101']",['vit_b_16'],spiny_lobster,0.856549859046936,single_model,8312.091208994389,True,n01984695,2,0.9,[],2,deadline_stop_before_resnet101,1.0,greedy,0.8,adaptive,,,,,,spiny_lobster,-1.0,-1.0,-1.0,-1.0,-1.0,0.856549859046936,-1.0,-1.0,-1.0,-1.0,0.7164914880565204,0.6114770216120962
REQ-00002,2000,250,4.469730854034424,0.08260607719421387,"['vit_b_16', 'resnet101']",['vit_b_16'],flatworm,0.8892107605934143,single_model,12324.85520793125,True,n01924916,2,0.9,[],2,deadline_stop_before_resnet101,0.4,greedy,0.8,adaptive,,,,,,flatworm,-1.0,-1.0,-1.0,-1.0,-1.0,0.8892107605934143,-1.0,-1.0,-1.0,-1.0,0.7164914880565204,0.6114770216120962
REQ-00001,2000,250,6.59114384651184,0.030057907104492188,"['vit_b_16', 'resnet101']",['vit_b_16'],garter_snake,0.8731626272201538,single_model,12231.899374863133,True,n01735189,2,0.9,[],2,deadline_stop_before_resnet101,0.6,greedy,0.8,adaptive,,,,,,garter_snake,-1.0,-1.0,-1.0,-1.0,-1.0,0.8731626272201538,-1.0,-1.0,-1.0,-1.0,0.7164914880565204,0.6114770216120962
REQ-00000,2000,250,6.627562046051025,1.9073486328125e-06,"['vit_b_16', 'resnet101']",['vit_b_16'],black_widow,0.893202543258667,single_model,12604.674457805231,True,n01774384,2,0.9,[],2,deadline_stop_before_resnet101,0.2,greedy,0.8,adaptive,,,,,,black_widow,-1.0,-1.0,-1.0,-1.0,-1.0,0.893202543258667,-1.0,-1.0,-1.0,-1.0,0.7164914880565204,0.6114770216120962
REQ-00003,2000,250,4.622507095336914,0.7496929168701172,"['vit_b_16', 'resnet101']",['vit_b_16'],boa_constrictor,0.8315579891204834,single_model,12605.926832882687,True,n01742172,2,0.9,[],2,deadline_stop_before_resnet101,0.8,greedy,0.8,adaptive,,,,,,boa_constrictor,-1.0,-1.0,-1.0,-1.0,-1.0,0.8315579891204834,-1.0,-1.0,-1.0,-1.0,0.7164914880565204,0.6114770216120962
REQ-00006,2000,250,5.42475175857544,2.7597129344940186,"['resnet101', 'resnet50']",['resnet101'],spoonbill,0.999916672706604,single_model,15412.763000000268,True,n02006656,2,0.9,[],2,early_exit_first_pass=resnet101,1.4,greedy,0.7733333333333334,adaptive,,,,,spoonbill,,-1.0,-1.0,-1.0,-1.0,0.999916672706604,-1.0,-1.0,-1.0,-1.0,0.32763516430959955,0.7761991120612305,-1.0
REQ-00007,2000,250,5.195458173751831,2.998745918273926,"['resnet101', 'resnet50']",['resnet101'],drake,0.9999731779098511,single_model,15173.912292113528,True,n01847000,2,0.9,[],2,early_exit_first_pass=resnet101,1.6,greedy,0.76,adaptive,,,,,drake,,-1.0,-1.0,-1.0,-1.0,0.9999731779098511,-1.0,-1.0,-1.0,-1.0,1.1038342763708109,1.5523982241224417,-1.0



REQ-00000,2000,500,1.3075308799743652,1.9073486328125e-06,"['vit_b_16', 'resnet101']","['vit_b_16', 'resnet101']",snail,1.0,weighted_majority,1289.0223748981953,True,n01944390,2,0.9,[],2,early_exit_with_aggregation_at_resnet101,0.2,greedy,0.8,adaptive,,,,,snail,snail,-1.0,-1.0,-1.0,-1.0,0.9996479749679565,0.8639253377914429,-1.0,-1.0,-1.0,-1.0,0.5768811888749928,0.4994981759628406
REQ-00001,2000,500,9.822962999343872,0.5054700374603271,"['vit_b_16', 'resnet101']",['vit_b_16'],chambered_nautilus,0.8816064596176147,single_model,9801.866375142708,True,n01968897,2,0.9,[],2,deadline_stop_before_resnet101,0.4,greedy,0.8,adaptive,,,,,,chambered_nautilus,-1.0,-1.0,-1.0,-1.0,-1.0,0.8816064596176147,-1.0,-1.0,-1.0,-1.0,0.5768811888749928,0.47234835836655653
REQ-00006,2000,500,5.243192672729492,2.116122007369995,"['vit_b_16', 'resnet101']",['vit_b_16'],prairie_chicken,0.8856291770935059,single_model,8928.023915970698,True,n01798484,2,0.9,[],2,deadline_stop_before_resnet101,1.4,greedy,0.7733333333333334,adaptive,,,,,,prairie_chicken,-1.0,-1.0,-1.0,-1.0,-1.0,0.8856291770935059,-1.0,-1.0,-1.0,-1.0,0.5593953699874936,0.47234835836655653
REQ-00002,2000,500,2.57896900177002,1.1089329719543457,"['vit_b_16', 'resnet101']",['vit_b_16'],american_coot,0.8746811151504517,single_model,12562.809082912281,True,n02018207,2,0.9,[],2,deadline_stop_before_resnet101,0.6,greedy,0.8,adaptive,,,,,,american_coot,-1.0,-1.0,-1.0,-1.0,-1.0,0.8746811151504517,-1.0,-1.0,-1.0,-1.0,0.5593953699874936,0.47234835836655653
REQ-00003,2000,500,2.893343925476074,1.6118240356445312,"['vit_b_16', 'resnet101']",['vit_b_16'],bulbul,0.9101495146751404,single_model,12878.086541080847,True,n01560419,2,0.9,[],2,early_exit_first_pass=vit_b_16,0.8,greedy,0.8,adaptive,,,,,,bulbul,-1.0,-1.0,-1.0,-1.0,-1.0,0.9101495146751404,-1.0,-1.0,-1.0,-1.0,0.5593953699874936,0.47234835836655653
REQ-00004,2000,500,3.240916013717651,1.7943840026855469,"['vit_b_16', 'resnet101']",['vit_b_16'],axolotl,0.8946954607963562,single_model,13105.730417184532,True,n01632777,2,0.9,[],2,deadline_stop_before_resnet101,1.0,greedy,0.8,adaptive,,,,,,axolotl,-1.0,-1.0,-1.0,-1.0,-1.0,0.8946954607963562,-1.0,-1.0,-1.0,-1.0,0.5593953699874936,0.47234835836655653
REQ-00005,2000,500,3.018674850463867,2.065868854522705,"['vit_b_16', 'resnet101']",['vit_b_16'],harvestman,0.8525991439819336,single_model,12872.229041997343,True,n01770081,2,0.9,[],2,deadline_stop_before_resnet101,1.2,greedy,0.7866666666666667,adaptive,,,,,,harvestman,-1.0,-1.0,-1.0,-1.0,-1.0,0.8525991439819336,-1.0,-1.0,-1.0,-1.0,0.5593953699874936,0.47234835836655653
REQ-00008,2000,500,3.102556943893433,2.468888998031616,"['resnet101', 'resnet50']",['resnet101'],hermit_crab,0.9984534978866577,single_model,22328.107666922733,True,n01986214,2,0.9,[],2,early_exit_first_pass=resnet101,1.8,greedy,0.7466666666666667,adaptive,,,,,hermit_crab,,-1.0,-1.0,-1.0,-1.0,0.9984534978866577,-1.0,-1.0,-1.0,-1.0,0.1930876369580769,0.6060116508197848,-1.0
REQ-00011,2000,500,7.576364755630493,3.7931249141693115,"['resnet101', 'resnet50']",['resnet101'],albatross,0.9999680519104004,single_model,29561.02970801294,True,n02058221,2,0.9,[],2,early_exit_first_pass=resnet101,2.4,greedy,0.7066666666666667,adaptive,,,,,albatross,,-1.0,-1.0,-1.0,-1.0,0.9999680519104004,-1.0,-1.0,-1.0,-1.0,0.7990992877778552,1.2120233016395632,-1.0
REQ-00007,2000,500,6.30621004104614,2.315563201904297,"['resnet101', 'resnet50']",['resnet101'],american_coot,0.9994544386863708,single_model,36006.84891594574,True,n02018207,2,0.9,[],2,early_exit_first_pass=resnet101,1.6,greedy,0.76,adaptive,,,,,american_coot,,-1.0,-1.0,-1.0,-1.0,0.9994544386863708,-1.0,-1.0,-1.0,-1.0,0.1930876369580769,0.6060116508197848,-1.0
REQ-00009,2000,500,7.90474581718445,2.6104001998901367,"['resnet101', 'resnet50']",['resnet101'],agama,0.9696245789527893,single_model,36938.06237517856,True,n01687978,2,0.9,[],2,early_exit_first_pass=resnet101,2.2,greedy,0.72,adaptive,,,,,agama,,-1.0,-1.0,-1.0,-1.0,0.9696245789527893,-1.0,-1.0,-1.0,-1.0,0.7990992877778423,1.2120233016395503,-1.0
REQ-00010,2000,500,8.35914182662964,2.8433728218078613,"['resnet101', 'resnet50']",['resnet101'],macaw,0.998764157295227,single_model,37775.69062495604,True,n01818515,2,0.9,[],2,early_exit_first_pass=resnet101,2.0,greedy,0.7333333333333334,adaptive,,,,,macaw,,-1.0,-1.0,-1.0,-1.0,0.998764157295227,-1.0,-1.0,-1.0,-1.0,0.1930876369580769,0.6060116508197848,-1.0



REQ-00005,2000,750,2.970400094985962,1.326375961303711,"['vit_b_16', 'resnet50']",['vit_b_16'],jellyfish,0.9017378091812134,single_model,8860.110540874302,True,n01910747,2,0.9,[],2,early_exit_first_pass=vit_b_16,1.2,greedy,0.7866666666666667,adaptive,,,,,,jellyfish,-1.0,-1.0,-1.0,-1.0,-1.0,0.9017378091812134,-1.0,-1.0,-1.0,0.16869414115744752,-1.0,0.4458318761374343
REQ-00001,2000,750,1.051184892654419,0.4086117744445801,"['vit_b_16', 'resnet50']",['vit_b_16'],flatworm,0.9017241597175598,single_model,13034.750666003674,True,n01924916,2,0.9,[],2,early_exit_first_pass=vit_b_16,0.4,greedy,0.8,adaptive,,,,,,flatworm,-1.0,-1.0,-1.0,-1.0,-1.0,0.9017241597175598,-1.0,-1.0,-1.0,0.16869414115744752,-1.0,0.4070125290415937
REQ-00002,2000,750,2.845260858535767,0.9030427932739258,"['vit_b_16', 'resnet50']",['vit_b_16'],common_newt,0.8196921348571777,single_model,12832.18324999325,True,n01630670,2,0.9,[],2,deadline_stop_before_resnet50,0.6,greedy,0.8,adaptive,,,,,,common_newt,-1.0,-1.0,-1.0,-1.0,-1.0,0.8196921348571777,-1.0,-1.0,-1.0,0.16869414115744752,-1.0,0.4070125290415937
REQ-00003,2000,750,3.298614025115967,1.0575990676879883,"['vit_b_16', 'resnet50']",['vit_b_16'],water_ouzel,0.9108437895774841,single_model,13280.828959075734,True,n01601694,2,0.9,[],2,early_exit_first_pass=vit_b_16,0.8,greedy,0.8,adaptive,,,,,,water_ouzel,-1.0,-1.0,-1.0,-1.0,-1.0,0.9108437895774841,-1.0,-1.0,-1.0,0.16869414115744752,-1.0,0.4458318761374343
REQ-00004,2000,750,2.216357231140137,1.159209966659546,"['vit_b_16', 'resnet50']",['vit_b_16'],bee_eater,0.8607390522956848,single_model,13098.967999918386,True,n01828970,2,0.9,[],2,deadline_stop_before_resnet50,1.0,greedy,0.8,adaptive,,,,,,bee_eater,-1.0,-1.0,-1.0,-1.0,-1.0,0.8607390522956848,-1.0,-1.0,-1.0,0.16869414115744752,-1.0,0.4458318761374343
REQ-00006,2000,750,4.524502038955688,2.830655097961426,"['vit_b_16', 'resnet50']",['vit_b_16'],thunder_snake,0.16081321239471436,single_model,14509.861917002127,True,n01728572,2,0.9,[],2,deadline_stop_before_resnet50,1.4,greedy,0.7733333333333334,adaptive,,,,,,thunder_snake,-1.0,-1.0,-1.0,-1.0,-1.0,0.16081321239471436,-1.0,-1.0,-1.0,0.1827519862539015,-1.0,0.4829845324822205
REQ-00000,2000,750,3.6856951713562,2.1457672119140625e-06,"['vit_b_16', 'resnet50']","['vit_b_16', 'resnet50']",harvestman,1.0,weighted_majority,18666.76529101096,True,n01770081,2,0.9,[],2,early_exit_with_aggregation_at_resnet50,0.2,greedy,0.8,adaptive,,,,harvestman,,harvestman,-1.0,-1.0,-1.0,0.9986888766288757,-1.0,0.8793284893035889,-1.0,-1.0,-1.0,0.16869414115744752,-1.0,0.4070125290415937
REQ-00007,2000,750,3.09849500656128,3.2630181312561035,"['vit_b_16', 'resnet50']",['vit_b_16'],wallaby,0.9404261708259583,single_model,23082.93095813133,True,n01877812,2,0.9,[],2,early_exit_first_pass=vit_b_16,1.6,greedy,0.76,adaptive,,,,,,wallaby,-1.0,-1.0,-1.0,-1.0,-1.0,0.9404261708259583,-1.0,-1.0,-1.0,0.6657365187361028,-1.0,0.9659690649644217
REQ-00009,2000,750,2.44253897666931,3.931130886077881,"['vit_b_16', 'resnet50']",['vit_b_16'],axolotl,0.9084381461143494,single_model,22417.72300004959,True,n01632777,2,0.9,[],2,early_exit_first_pass=vit_b_16,2.0,greedy,0.7333333333333334,adaptive,,,,,,axolotl,-1.0,-1.0,-1.0,-1.0,-1.0,0.9084381461143494,-1.0,-1.0,-1.0,0.6657365187361155,-1.0,0.9659690649644346
REQ-00008,2000,750,2.985758066177368,3.3970539569854736,"['vit_b_16', 'resnet50']",['vit_b_16'],hornbill,0.8959774971008301,single_model,22798.085249960423,True,n01829413,2,0.9,[],2,deadline_stop_before_resnet50,1.8,greedy,0.7466666666666667,adaptive,,,,,,hornbill,-1.0,-1.0,-1.0,-1.0,-1.0,0.8959774971008301,-1.0,-1.0,-1.0,0.6657365187361124,-1.0,0.9659690649644314
REQ-00010,2000,750,1.417978763580322,4.973798990249634,"['vit_b_16', 'resnet50']",['vit_b_16'],ruffed_grouse,0.45424553751945496,single_model,21379.986207932234,True,n01798484,2,0.9,[],2,deadline_stop_before_resnet50,2.2,greedy,0.72,adaptive,,,,,,ruffed_grouse,-1.0,-1.0,-1.0,-1.0,-1.0,0.45424553751945496,-1.0,-1.0,-1.0,0.6657365187361173,-1.0,0.9659690649644361



REQ-00000,2000,1000,1.5217421054840088,4.0531158447265625e-06,"['vit_b_16', 'resnet101']","['vit_b_16', 'resnet101']",garter_snake,1.0,weighted_majority,1501.2887502089143,True,n01735189,2,0.9,[],2,early_exit_with_aggregation_at_resnet101,0.2,greedy,0.8,adaptive,,,,,garter_snake,garter_snake,-1.0,-1.0,-1.0,-1.0,0.9991047978401184,0.8936207294464111,-1.0,-1.0,-1.0,-1.0,0.7858410822784542,0.6206007173629421
REQ-00001,2000,1000,0.749807119369507,1.1080312728881836,"['vit_b_16', 'resnet101']","['vit_b_16', 'resnet101']",bustard,0.6165293757000961,weighted_majority,4731.653542025015,True,n02018795,2,0.9,[],2,ran_all,0.4,greedy,0.8,adaptive,,,,,bustard,black_grouse,-1.0,-1.0,-1.0,-1.0,0.7537229061126709,0.46880263090133667,-1.0,-1.0,-1.0,-1.0,0.7858410822784542,0.5761461456266479
REQ-00002,2000,1000,1.591130018234253,2.9786031246185303,"['vit_b_16', 'resnet101']",['vit_b_16'],komodo_dragon,0.8737800121307373,single_model,11569.049167213961,True,n01695060,2,0.9,[],2,deadline_stop_before_resnet101,0.6,greedy,0.8,adaptive,,,,,,komodo_dragon,-1.0,-1.0,-1.0,-1.0,-1.0,0.8737800121307373,-1.0,-1.0,-1.0,-1.0,0.7709758740506087,0.626495531063983
REQ-00004,2000,1000,1.47359299659729,4.471338272094727,"['vit_b_16', 'resnet101']",['vit_b_16'],flamingo,0.8757568001747131,single_model,11456.732917111367,True,n02007558,2,0.9,[],2,deadline_stop_before_resnet101,1.0,greedy,0.8,adaptive,,,,,,flamingo,-1.0,-1.0,-1.0,-1.0,-1.0,0.8757568001747131,-1.0,-1.0,-1.0,-1.0,0.7709758740506087,0.5912207779575848
REQ-00003,2000,1000,0.29752492904663,3.7749853134155273,"['vit_b_16', 'resnet101']","['vit_b_16', 'resnet101']",chiton,1.0,weighted_majority,13279.139792080969,True,n01955084,2,0.9,[],2,early_exit_with_aggregation_at_resnet101,0.8,greedy,0.8,adaptive,,,,,chiton,chiton,-1.0,-1.0,-1.0,-1.0,0.9999234676361084,0.8759004473686218,-1.0,-1.0,-1.0,-1.0,0.7709758740506087,0.626495531063983
REQ-00007,2000,1000,0.91204023361206,5.699109077453613,"['vit_b_16', 'resnet50']",['vit_b_16'],tick,0.8758991360664368,single_model,12750.591959105805,True,n01776313,2,0.9,[],2,deadline_stop_before_resnet50,1.4,greedy,0.7733333333333334,adaptive,,,,,,tick,-1.0,-1.0,-1.0,-1.0,-1.0,0.8758991360664368,-1.0,-1.0,-1.0,0.2359328119612581,-1.0,0.5912207779575848
REQ-00006,2000,1000,0.784404039382935,4.842928171157837,"['vit_b_16', 'resnet50']",['vit_b_16'],leatherback_turtle,0.9017091393470764,single_model,13035.742333857343,True,n01665541,2,0.9,[],2,early_exit_first_pass=vit_b_16,1.2,greedy,0.7866666666666667,adaptive,,,,,,leatherback_turtle,-1.0,-1.0,-1.0,-1.0,-1.0,0.9017091393470764,-1.0,-1.0,-1.0,0.2359328119612581,-1.0,0.5912207779575848
REQ-00005,2000,1000,1.108283758163452,4.576711177825928,"['vit_b_16', 'resnet50']",['vit_b_16'],ruffed_grouse,0.749321460723877,single_model,13267.761583905667,True,n01798484,2,0.9,[],2,deadline_stop_before_resnet50,1.0,greedy,0.8,adaptive,,,,,,ruffed_grouse,-1.0,-1.0,-1.0,-1.0,-1.0,0.749321460723877,-1.0,-1.0,-1.0,0.2359328119612581,-1.0,0.5912207779575848
REQ-00008,2000,1000,1.566458940505981,5.898228168487549,"['vit_b_16', 'resnet50']",['vit_b_16'],snail,0.871708869934082,single_model,13200.340166920796,True,n01944390,2,0.9,[],2,deadline_stop_before_resnet50,1.4,greedy,0.7733333333333334,adaptive,,,,,,snail,-1.0,-1.0,-1.0,-1.0,-1.0,0.871708869934082,-1.0,-1.0,-1.0,0.25559387962469626,-1.0,0.6404891761207169



